{
    "endIndex": 124774,
    "attack": "FastGradientMethod",
    "timeElapsedSec": 20.719508,
    "kwargs": {
        "eps": 0.08
    },
    "metrics": {
        "accuracy": 0.7732187795534327,
        "precision": 0.5718911832186169,
        "recall": 0.9413757755597518,
        "f1": 0.7115261494545826,
        "attackSuccessRate": 0.05862422444024818,
        "falsePositiveRate": 0.29785642616072244,
        "TP": 348968,
        "TN": 615808,
        "FP": 261232,
        "FN": 21732
    },
    "files": {
        "checkpointFile": "../../../saved_models/ConstantPos-final.ckpt",
        "dataFile": "../../../data/ConstPos_0709.csv"
    }
}