{
    "endIndex": 124774,
    "attack": "FastGradientMethod",
    "timeElapsedSec": 19.3609,
    "kwargs": {
        "eps": 0.03
    },
    "metrics": {
        "accuracy": 0.7990342539311075,
        "precision": 0.6007980006285851,
        "recall": 0.9643026706231455,
        "f1": 0.7403371900004867,
        "attackSuccessRate": 0.035697329376854596,
        "falsePositiveRate": 0.27082003101340874,
        "TP": 357467,
        "TN": 639520,
        "FP": 237520,
        "FN": 13233
    },
    "files": {
        "checkpointFile": "../../../saved_models/ConstantPos-final.ckpt",
        "dataFile": "../../../data/ConstPos_0709.csv"
    }
}