{
    "endIndex": 124774,
    "attack": "FastGradientMethod",
    "timeElapsedSec": 21.261624,
    "kwargs": {
        "eps": 0.12
    },
    "metrics": {
        "accuracy": 0.7575961338099283,
        "precision": 0.5543452812308378,
        "recall": 0.9389101699487457,
        "f1": 0.697108350482943,
        "attackSuccessRate": 0.06108983005125438,
        "falsePositiveRate": 0.31904018060749795,
        "TP": 348054,
        "TN": 597229,
        "FP": 279811,
        "FN": 22646
    },
    "files": {
        "checkpointFile": "../../../saved_models/ConstantPos-final.ckpt",
        "dataFile": "../../../data/ConstPos_0709.csv"
    }
}