{
    "endIndex": 124774,
    "attack": "FastGradientMethod",
    "timeElapsedSec": 19.24586,
    "kwargs": {
        "eps": 0.01
    },
    "metrics": {
        "accuracy": 0.8267828233446071,
        "precision": 0.6368942185064475,
        "recall": 0.9699622336120852,
        "f1": 0.76890918033488,
        "attackSuccessRate": 0.030037766387914756,
        "falsePositiveRate": 0.2337350633950561,
        "TP": 359565,
        "TN": 672045,
        "FP": 204995,
        "FN": 11135
    },
    "files": {
        "checkpointFile": "../../../saved_models/ConstantPos-final.ckpt",
        "dataFile": "../../../data/ConstPos_0709.csv"
    }
}