{
    "endIndex": 124774,
    "attack": "FastGradientMethod",
    "timeElapsedSec": 20.186373,
    "kwargs": {
        "eps": 0.21
    },
    "metrics": {
        "accuracy": 0.7417090098898809,
        "precision": 0.5374180465955914,
        "recall": 0.9380010790396547,
        "f1": 0.6833295012154692,
        "attackSuccessRate": 0.061998920960345295,
        "falsePositiveRate": 0.3412580954118398,
        "TP": 347717,
        "TN": 577743,
        "FP": 299297,
        "FN": 22983
    },
    "files": {
        "checkpointFile": "../../../saved_models/ConstantPos-final.ckpt",
        "dataFile": "../../../data/ConstPos_0709.csv"
    }
}