epoch,step,trainLoss
49,49,2.8888862133026123
99,99,2.9759223461151123
149,149,0.2895786166191101
199,199,0.6194517612457275
