epoch,step,trainLoss
12,49,2.528721332550049
24,99,0.11282633244991302
37,149,0.3051188290119171
49,199,0.04964147508144379
