epoch,step,trainLoss
12,49,2.457897663116455
24,99,0.05687994882464409
37,149,2.7152791023254395
49,199,0.28621920943260193
62,249,2.9434757232666016
74,299,1.7575109004974365
87,349,0.08615734428167343
99,399,0.13908880949020386
112,449,0.07507063448429108
124,499,0.6754857301712036
137,549,0.10297362506389618
149,599,0.02079470083117485
162,649,0.1349448263645172
174,699,0.026391876861453056
