epoch,step,trainLoss
24,49,1.2000223398208618
49,99,0.10824723541736603
74,149,0.007573775947093964
99,199,0.005465280264616013
124,249,0.0028122698422521353
149,299,0.0053815050050616264
174,349,0.0025314590893685818
199,399,0.004393315874040127
