epoch,step,trainLoss
49,49,2.0832488536834717
99,99,0.5950918197631836
149,149,0.012414401397109032
199,199,0.001721469103358686
249,249,0.000626886438112706
299,299,0.0001996301143663004
349,349,0.00018633497529663146
399,399,0.00026364545919932425
449,449,6.798117829021066e-05
499,499,9.49276436585933e-05
549,549,0.00016195009811781347
599,599,5.06595715705771e-05
649,649,7.388149242615327e-05
699,699,0.0001314459805143997
749,749,3.919815571862273e-05
