epoch,step,trainLoss
24,49,0.6931473016738892
49,99,0.6931473016738892
74,149,0.20436610281467438
99,199,0.023973099887371063
124,249,0.001333723426796496
