epoch,step,trainLoss
24,49,0.6931472420692444
49,99,0.6931472420692444
74,149,0.09266707301139832
74,149,0.005720602814108133
74,149,0.05927594378590584
74,149,0.04024849832057953
74,149,0.12140286713838577
74,149,0.015074444003403187
74,149,0.01319679245352745
74,149,0.06899728626012802
74,149,0.05794420838356018
74,149,0.02321685664355755
74,149,0.010924729518592358
74,149,0.040970396250486374
74,149,0.025471877306699753
74,149,0.016937505453824997
74,149,0.10325302928686142
74,149,0.0099343815818429
74,149,0.02950921095907688
74,149,0.018404953181743622
74,149,0.027182655408978462
74,149,0.06401843577623367
74,149,0.03154895827174187
74,149,0.023425845429301262
74,149,0.08849211782217026
74,149,0.13506698608398438
74,149,0.08249874413013458
74,149,0.027683204039931297
74,149,0.040787458419799805
74,149,0.10760132968425751
74,149,0.15064018964767456
74,149,0.2853465974330902
74,149,0.06681592017412186
