epoch,step,trainLoss
24,49,2.081850051879883
49,99,0.1890270859003067
