epoch,step,trainLoss
24,49,2.045599937438965
49,99,0.1720113605260849
74,149,0.013440045528113842
99,199,0.0024598916061222553
124,249,0.002243604976683855
149,299,0.00018811473273672163
174,349,0.00014759489567950368
199,399,0.0001435090380255133
224,449,0.00020221596059855074
249,499,0.00017256227147299796
274,549,0.0003220094949938357
299,599,5.107187098474242e-05
324,649,6.0613609093707055e-05
349,699,8.476369112031534e-05
