epoch,step,trainLoss
24,49,2.045599937438965
49,99,0.1720113605260849
