epoch,step,trainLoss
24,49,0.8050481081008911
49,99,1.0999491214752197
74,149,0.27949073910713196
