epoch,step,trainLoss
16,49,2.535564661026001
33,99,1.322877287864685
49,149,0.06992285698652267
