epoch,step,trainLoss
12,49,2.5151772499084473
24,99,0.7390071749687195
37,149,0.3087020516395569
49,199,0.15811830759048462
