epoch,step,trainLoss
16,49,2.204195499420166
33,99,1.418294072151184
49,149,0.11127862334251404
