epoch,step,trainLoss
12,49,0.6931473016738892
24,99,0.6931473016738892
37,149,0.6931473016738892
49,199,0.6931473016738892
62,249,0.34058260917663574
74,299,0.07186172902584076
74,299,0.10970833897590637
74,299,0.06004885956645012
74,299,0.05355403572320938
74,299,0.06592195481061935
74,299,0.11850734055042267
74,299,0.12134423106908798
74,299,0.08230137825012207
74,299,0.06318467855453491
74,299,0.07185587286949158
74,299,0.09236781299114227
74,299,0.044493742287158966
74,299,0.043233294039964676
74,299,0.04469369351863861
74,299,0.07803300023078918
74,299,0.06984753161668777
74,299,0.04293457418680191
74,299,0.06120820343494415
74,299,0.08370713144540787
74,299,0.08058284968137741
74,299,0.05786076560616493
