epoch,step,trainLoss
24,49,2.658895254135132
49,99,0.24238313734531403
74,149,0.05457163602113724
99,199,0.09845257550477982
124,249,0.08208492398262024
149,299,0.042336348444223404
174,349,0.03706720098853111
199,399,0.046198293566703796
224,449,0.043214283883571625
249,499,0.050344694405794144
274,549,0.05712289363145828
299,599,0.04238821938633919
324,649,0.04257923737168312
349,699,0.04828527197241783
374,749,0.047359708696603775
