epoch,step,trainLoss
49,49,2.000357151031494
99,99,1.0391337871551514
149,149,0.011830555275082588
199,199,0.0021971487440168858
249,249,0.0026326626539230347
299,299,0.0009607726824469864
349,349,0.0031768311746418476
399,399,0.002020003506913781
449,449,0.0007001642952673137
499,499,0.001983413938432932
549,549,0.001877393340691924
599,599,0.0006758215604349971
649,649,0.00047968438593670726
699,699,0.0008957508252933621
749,749,0.0004232253413647413
