{
    "endIndex": 124774,
    "attack": "ProjectedGradientDescent",
    "timeElapsedSec": 667.019001976,
    "kwargs": {
        "eps": 0.12,
        "max_iter": 5
    },
    "metrics": {
        "accuracy": 0.9683347492266017,
        "precision": 0.9142816399643747,
        "recall": 0.9858456973293769,
        "f1": 0.9487160183589127,
        "attackSuccessRate": 0.014154302670623146,
        "falsePositiveRate": 0.039066633220833716,
        "TP": 365453,
        "TN": 842777,
        "FP": 34263,
        "FN": 5247
    },
    "files": {
        "checkpointFile": "../../../saved_models/RandomPos-final.ckpt",
        "dataFile": "../../../data/RandomPos_0709.csv"
    }
}