{
    "endIndex": 124774,
    "attack": "ProjectedGradientDescent",
    "timeElapsedSec": 802.565326034,
    "kwargs": {
        "eps": 0.29,
        "max_iter": 5
    },
    "metrics": {
        "accuracy": 0.9750364659304022,
        "precision": 0.9393174866866432,
        "recall": 0.9792365794442945,
        "f1": 0.9588617375065046,
        "attackSuccessRate": 0.020763420555705424,
        "falsePositiveRate": 0.026738803247286325,
        "TP": 363003,
        "TN": 853589,
        "FP": 23451,
        "FN": 7697
    },
    "files": {
        "checkpointFile": "../../../saved_models/RandomPos-final.ckpt",
        "dataFile": "../../../data/RandomPos_0709.csv"
    }
}