{
    "endIndex": 124774,
    "attack": "ProjectedGradientDescent",
    "timeElapsedSec": 934.931495354,
    "kwargs": {
        "eps": 0.03,
        "max_iter": 5
    },
    "metrics": {
        "accuracy": 0.9925825893214932,
        "precision": 0.9994666018113428,
        "recall": 0.9755543566226059,
        "f1": 0.9873657224062873,
        "attackSuccessRate": 0.02444564337739412,
        "falsePositiveRate": 0.0002200583781811548,
        "TP": 361638,
        "TN": 876847,
        "FP": 193,
        "FN": 9062
    },
    "files": {
        "checkpointFile": "../../../saved_models/RandomPos-final.ckpt",
        "dataFile": "../../../data/RandomPos_0709.csv"
    }
}