{
    "endIndex": 124774,
    "attack": "ProjectedGradientDescent",
    "timeElapsedSec": 687.131569903,
    "kwargs": {
        "eps": 0.22,
        "max_iter": 5
    },
    "metrics": {
        "accuracy": 0.9766209306426018,
        "precision": 0.9422175033341534,
        "recall": 0.9814998651200432,
        "f1": 0.9614576107708874,
        "attackSuccessRate": 0.018500134879956838,
        "falsePositiveRate": 0.025441256955212987,
        "TP": 363842,
        "TN": 854727,
        "FP": 22313,
        "FN": 6858
    },
    "files": {
        "checkpointFile": "../../../saved_models/RandomPos-final.ckpt",
        "dataFile": "../../../data/RandomPos_0709.csv"
    }
}