{
    "endIndex": 124774,
    "attack": "ProjectedGradientDescent",
    "timeElapsedSec": 793.522758543,
    "kwargs": {
        "eps": 0.23,
        "max_iter": 5
    },
    "metrics": {
        "accuracy": 0.9758603555227852,
        "precision": 0.9401054454294059,
        "recall": 0.9812651739951443,
        "f1": 0.9602444464976307,
        "attackSuccessRate": 0.018734826004855678,
        "falsePositiveRate": 0.02642410836449877,
        "TP": 363755,
        "TN": 853865,
        "FP": 23175,
        "FN": 6945
    },
    "files": {
        "checkpointFile": "../../../saved_models/RandomPos-final.ckpt",
        "dataFile": "../../../data/RandomPos_0709.csv"
    }
}