{
    "endIndex": 124774,
    "attack": "ProjectedGradientDescent",
    "timeElapsedSec": 741.256904153,
    "kwargs": {
        "eps": 0.1,
        "max_iter": 5
    },
    "metrics": {
        "accuracy": 0.9731073781396765,
        "precision": 0.9279152356075433,
        "recall": 0.9860857836525493,
        "f1": 0.9561165465010286,
        "attackSuccessRate": 0.01391421634745077,
        "falsePositiveRate": 0.032378226762747424,
        "TP": 365542,
        "TN": 848643,
        "FP": 28397,
        "FN": 5158
    },
    "files": {
        "checkpointFile": "../../../saved_models/RandomPos-final.ckpt",
        "dataFile": "../../../data/RandomPos_0709.csv"
    }
}