{
    "endIndex": 124774,
    "attack": "ProjectedGradientDescent",
    "timeElapsedSec": 850.602814558,
    "kwargs": {
        "eps": 0.16,
        "max_iter": 5
    },
    "metrics": {
        "accuracy": 0.9761136134130508,
        "precision": 0.9383499639954738,
        "recall": 0.9842676018343675,
        "f1": 0.9607604602785896,
        "attackSuccessRate": 0.015732398165632586,
        "falsePositiveRate": 0.027332846848490376,
        "TP": 364868,
        "TN": 853068,
        "FP": 23972,
        "FN": 5832
    },
    "files": {
        "checkpointFile": "../../../saved_models/RandomPos-final.ckpt",
        "dataFile": "../../../data/RandomPos_0709.csv"
    }
}