epoch,step,trainLoss
16,49,1.556347131729126
33,99,0.5692424774169922
49,149,0.15359216928482056
66,199,0.04788493737578392
83,249,0.03814180940389633
99,299,0.013904198072850704
116,349,0.028823116794228554
133,399,0.04907148331403732
149,449,0.010230080224573612
166,499,0.027092669159173965
183,549,0.047608762979507446
199,599,0.012782022356987
