epoch,step,trainLoss
24,49,0.9719185829162598
49,99,0.16338779032230377
