epoch,step,trainLoss
24,49,0.9719185829162598
49,99,0.16338779032230377
74,149,0.013200751505792141
99,199,0.005366513039916754
124,249,0.0016413425328209996
149,299,0.0011188084026798606
174,349,0.000910834816750139
199,399,0.0011024686973541975
224,449,0.001130519900470972
249,499,0.0017187877092510462
274,549,0.0021390465553849936
299,599,0.0006285166600719094
324,649,0.0007213947246782482
349,699,0.0009242924861609936
