epoch,step,trainLoss
24,49,0.7725218534469604
49,99,0.11182679235935211
74,149,0.011968634091317654
99,199,0.0036921421997249126
124,249,0.013342638500034809
149,299,0.0017003822140395641
174,349,0.0019241266418248415
199,399,0.0009868330089375377
224,449,0.0010894146980717778
249,499,0.0018772935727611184
274,549,0.0023411528673022985
299,599,0.0005332827568054199
324,649,0.0008532190695405006
349,699,0.0014188571367412806
374,749,0.0022237771190702915
