epoch,step,trainLoss
24,49,1.260751485824585
49,99,1.4253251552581787
74,149,0.13843080401420593
99,199,0.30140653252601624
