{
    "endIndex": 124774,
    "attack": "FastGradientMethod",
    "timeElapsedSec": 54.615461534,
    "kwargs": {
        "eps": 0.07
    },
    "metrics": {
        "accuracy": 0.18261256351483482,
        "precision": 0.037847173279457136,
        "recall": 0.07170758025357432,
        "f1": 0.04954470943133178,
        "attackSuccessRate": 0.9282924197464257,
        "falsePositiveRate": 0.7705110371248746,
        "TP": 26582,
        "TN": 201271,
        "FP": 675769,
        "FN": 344118
    },
    "files": {
        "checkpointFile": "../../../saved_models/ConstantPos-final.ckpt",
        "dataFile": "../../../data/ConstPos_0709.csv"
    }
}