{
    "endIndex": 124774,
    "attack": "FastGradientMethod",
    "timeElapsedSec": 56.153052503,
    "kwargs": {
        "eps": 0.13
    },
    "metrics": {
        "accuracy": 0.1537956625579047,
        "precision": 0.03352601156069364,
        "recall": 0.06641758834637172,
        "f1": 0.044559468276195946,
        "attackSuccessRate": 0.9335824116536283,
        "falsePositiveRate": 0.8092720970537262,
        "TP": 24621,
        "TN": 167276,
        "FP": 709764,
        "FN": 346079
    },
    "files": {
        "checkpointFile": "../../../saved_models/ConstantPos-final.ckpt",
        "dataFile": "../../../data/ConstPos_0709.csv"
    }
}