{
    "endIndex": 124774,
    "attack": "FastGradientMethod",
    "timeElapsedSec": 57.596965157,
    "kwargs": {
        "eps": 0.3
    },
    "metrics": {
        "accuracy": 0.12812765479987817,
        "precision": 0.0338669086257728,
        "recall": 0.0702805503102239,
        "f1": 0.04570797981711895,
        "attackSuccessRate": 0.929719449689776,
        "falsePositiveRate": 0.8474220103986135,
        "TP": 26053,
        "TN": 133817,
        "FP": 743223,
        "FN": 344647
    },
    "files": {
        "checkpointFile": "../../../saved_models/ConstantPos-final.ckpt",
        "dataFile": "../../../data/ConstPos_0709.csv"
    }
}