{
    "endIndex": 124774,
    "attack": "FastGradientMethod",
    "timeElapsedSec": 51.979998104,
    "kwargs": {
        "eps": 0.25
    },
    "metrics": {
        "accuracy": 0.1324073925657589,
        "precision": 0.033818051313218106,
        "recall": 0.06964931211222013,
        "f1": 0.045529410105028534,
        "attackSuccessRate": 0.9303506878877799,
        "falsePositiveRate": 0.8410665420049257,
        "TP": 25819,
        "TN": 139391,
        "FP": 737649,
        "FN": 344881
    },
    "files": {
        "checkpointFile": "../../../saved_models/ConstantPos-final.ckpt",
        "dataFile": "../../../data/ConstPos_0709.csv"
    }
}