{
    "endIndex": 124774,
    "attack": "FastGradientMethod",
    "timeElapsedSec": 50.751816641,
    "kwargs": {
        "eps": 0.16
    },
    "metrics": {
        "accuracy": 0.14822078317598217,
        "precision": 0.033629153442362246,
        "recall": 0.06731319125977879,
        "f1": 0.044851061152776345,
        "attackSuccessRate": 0.9326868087402213,
        "falsePositiveRate": 0.8175818662774788,
        "TP": 24953,
        "TN": 159988,
        "FP": 717052,
        "FN": 345747
    },
    "files": {
        "checkpointFile": "../../../saved_models/ConstantPos-final.ckpt",
        "dataFile": "../../../data/ConstPos_0709.csv"
    }
}