{
    "endIndex": 124774,
    "attack": "FastGradientMethod",
    "timeElapsedSec": 56.391391295,
    "kwargs": {
        "eps": 0.03
    },
    "metrics": {
        "accuracy": 0.2361573725295334,
        "precision": 0.07817536255608012,
        "recall": 0.14557593741570002,
        "f1": 0.10172411680601542,
        "attackSuccessRate": 0.8544240625842999,
        "falsePositiveRate": 0.7255564170391317,
        "TP": 53965,
        "TN": 240698,
        "FP": 636342,
        "FN": 316735
    },
    "files": {
        "checkpointFile": "../../../saved_models/ConstantPos-final.ckpt",
        "dataFile": "../../../data/ConstPos_0709.csv"
    }
}