{
    "endIndex": 124774,
    "attack": "FastGradientMethod",
    "timeElapsedSec": 50.300937858,
    "kwargs": {
        "eps": 0.01
    },
    "metrics": {
        "accuracy": 0.5120289483385961,
        "precision": 0.3370931621277393,
        "recall": 0.6647046128945239,
        "f1": 0.4473305599756008,
        "attackSuccessRate": 0.33529538710547613,
        "falsePositiveRate": 0.5525027364772417,
        "TP": 246406,
        "TN": 392473,
        "FP": 484567,
        "FN": 124294
    },
    "files": {
        "checkpointFile": "../../../saved_models/ConstantPos-final.ckpt",
        "dataFile": "../../../data/ConstPos_0709.csv"
    }
}