{
    "endIndex": 124774,
    "attack": "FastGradientMethod",
    "timeElapsedSec": 24.083691,
    "kwargs": {
        "eps": 0.15
    },
    "metrics": {
        "accuracy": 0.7476661804542613,
        "precision": 0.5436586910131243,
        "recall": 0.9381008902077151,
        "f1": 0.688379826892528,
        "attackSuccessRate": 0.061899109792284863,
        "falsePositiveRate": 0.3328251847122138,
        "TP": 347754,
        "TN": 585139,
        "FP": 291901,
        "FN": 22946
    },
    "files": {
        "checkpointFile": "../../../saved_models/ConstantPos-final.ckpt",
        "dataFile": "../../../data/ConstPos_0709.csv"
    }
}