{
    "endIndex": 124774,
    "attack": "FastGradientMethod",
    "timeElapsedSec": 22.178047,
    "kwargs": {
        "eps": 0.1
    },
    "metrics": {
        "accuracy": 0.7649406126276308,
        "precision": 0.5624952567644594,
        "recall": 0.9397221472889129,
        "f1": 0.7037453421858318,
        "attackSuccessRate": 0.06027785271108713,
        "falsePositiveRate": 0.30893459819392505,
        "TP": 348355,
        "TN": 606092,
        "FP": 270948,
        "FN": 22345
    },
    "files": {
        "checkpointFile": "../../../saved_models/ConstantPos-final.ckpt",
        "dataFile": "../../../data/ConstPos_0709.csv"
    }
}