{
    "endIndex": 124774,
    "attack": "FastGradientMethod",
    "timeElapsedSec": 20.461132,
    "kwargs": {
        "eps": 0.3
    },
    "metrics": {
        "accuracy": 0.7366462564316284,
        "precision": 0.5322330474672449,
        "recall": 0.9376935527380631,
        "f1": 0.6790427455281924,
        "attackSuccessRate": 0.062306447261936876,
        "falsePositiveRate": 0.3483307488826051,
        "TP": 347603,
        "TN": 571540,
        "FP": 305500,
        "FN": 23097
    },
    "files": {
        "checkpointFile": "../../../saved_models/ConstantPos-final.ckpt",
        "dataFile": "../../../data/ConstPos_0709.csv"
    }
}