{
    "endIndex": 124774,
    "attack": "FastGradientMethod",
    "timeElapsedSec": 19.151829,
    "kwargs": {
        "eps": 0.04
    },
    "metrics": {
        "accuracy": 0.7931171558177185,
        "precision": 0.5943116732521625,
        "recall": 0.9567439978419207,
        "f1": 0.7331833883568001,
        "attackSuccessRate": 0.04325600215807931,
        "falsePositiveRate": 0.2760432819483718,
        "TP": 354665,
        "TN": 634939,
        "FP": 242101,
        "FN": 16035
    },
    "files": {
        "checkpointFile": "../../../saved_models/ConstantPos-final.ckpt",
        "dataFile": "../../../data/ConstPos_0709.csv"
    }
}