{
    "endIndex": 124774,
    "attack": "FastGradientMethod",
    "timeElapsedSec": 21.109934,
    "kwargs": {
        "eps": 0.16
    },
    "metrics": {
        "accuracy": 0.746466411271579,
        "precision": 0.5423924979410517,
        "recall": 0.9380361478284327,
        "f1": 0.6873465611916934,
        "attackSuccessRate": 0.0619638521715673,
        "falsePositiveRate": 0.3345046976192648,
        "TP": 347730,
        "TN": 583666,
        "FP": 293374,
        "FN": 22970
    },
    "files": {
        "checkpointFile": "../../../saved_models/ConstantPos-final.ckpt",
        "dataFile": "../../../data/ConstPos_0709.csv"
    }
}