epoch,step,trainLoss
49,49,0.7676517367362976
99,99,0.017230691388249397
149,149,0.0014156874967738986
199,199,0.0013112504966557026
249,249,0.002690351102501154
299,299,0.0004727496125269681
349,349,0.002341155894100666
