epoch,step,trainLoss
24,49,1.2609630823135376
49,99,2.011125087738037
74,149,0.23767061531543732
99,199,0.4061170518398285
