epoch,step,trainLoss
24,49,1.2609630823135376
49,99,2.011125087738037
