epoch,step,trainLoss
49,49,0.5931347012519836
99,99,0.0037793531082570553
149,149,0.0006794019718654454
199,199,0.0008280841866508126
249,249,0.0014010518789291382
299,299,0.00034393728128634393
349,349,0.00038042839150875807
