epoch,step,trainLoss
24,49,2.0416862964630127
49,99,0.1664411872625351
74,149,0.05729670450091362
99,199,0.060134660452604294
124,249,0.053418293595314026
149,299,0.03797711431980133
174,349,0.038539573550224304
199,399,0.04018054157495499
224,449,0.04913376644253731
249,499,0.05293593555688858
274,549,0.05310101807117462
299,599,0.02884797751903534
324,649,0.03274175152182579
349,699,0.04246072098612785
374,749,0.042607855051755905
