{
    "endIndex": 124774,
    "attack": "FastGradientMethod",
    "timeElapsedSec": 17.472374,
    "kwargs": {
        "eps": 0.1
    },
    "metrics": {
        "accuracy": 0.8625691249779601,
        "precision": 0.9937299258495579,
        "recall": 0.5408335581332614,
        "f1": 0.7004499940606375,
        "attackSuccessRate": 0.4591664418667386,
        "falsePositiveRate": 0.0014423515461096416,
        "TP": 200487,
        "TN": 875775,
        "FP": 1265,
        "FN": 170213
    },
    "files": {
        "checkpointFile": "../../../saved_models/decen/init-test-randpos/*",
        "dataFile": "../../../data/RandomPos_0709.csv"
    }
}