{
    "endIndex": 124774,
    "attack": "FastGradientMethod",
    "timeElapsedSec": 17.187262,
    "kwargs": {
        "eps": 0.1
    },
    "metrics": {
        "accuracy": 0.6580425409139724,
        "precision": 0.4553696155538971,
        "recall": 0.7703129214998651,
        "f1": 0.5723783905133776,
        "attackSuccessRate": 0.22968707850013487,
        "falsePositiveRate": 0.3894109732737389,
        "TP": 285555,
        "TN": 535511,
        "FP": 341529,
        "FN": 85145
    },
    "files": {
        "checkpointFile": "../../../saved_models/decen/init-test-randpos/*",
        "dataFile": "../../../data/RandomPos_0709.csv"
    }
}