{
    "endIndex": 124774,
    "attack": "FastGradientMethod",
    "timeElapsedSec": 16.458216,
    "kwargs": {
        "eps": 0.1
    },
    "metrics": {
        "accuracy": 0.7918701011428663,
        "precision": 0.6361025967975282,
        "recall": 0.6997814944699218,
        "f1": 0.6664243233869828,
        "attackSuccessRate": 0.30021850553007823,
        "falsePositiveRate": 0.16920664963969717,
        "TP": 259409,
        "TN": 728639,
        "FP": 148401,
        "FN": 111291
    },
    "files": {
        "checkpointFile": "../../../saved_models/decen/init-test-randpos/*",
        "dataFile": "../../../data/RandomPos_0709.csv"
    }
}