{
    "endIndex": 124774,
    "attack": "FastGradientMethod",
    "timeElapsedSec": 17.248634,
    "kwargs": {
        "eps": 0.1
    },
    "metrics": {
        "accuracy": 0.25960135925753763,
        "precision": 0.26878809640653334,
        "recall": 0.8673024008632317,
        "f1": 0.4103908304788674,
        "attackSuccessRate": 0.13269759913676826,
        "falsePositiveRate": 0.997256681565265,
        "TP": 321509,
        "TN": 2406,
        "FP": 874634,
        "FN": 49191
    },
    "files": {
        "checkpointFile": "../../../saved_models/decen/init-test-randpos/*",
        "dataFile": "../../../data/RandomPos_0709.csv"
    }
}