{
    "endIndex": 124774,
    "attack": "FastGradientMethod",
    "timeElapsedSec": 16.823607,
    "kwargs": {
        "eps": 0.1
    },
    "metrics": {
        "accuracy": 0.8087438088063218,
        "precision": 0.997911262592749,
        "recall": 0.35699757216077693,
        "f1": 0.525868440502587,
        "attackSuccessRate": 0.6430024278392231,
        "falsePositiveRate": 0.0003158350816382377,
        "TP": 132339,
        "TN": 876763,
        "FP": 277,
        "FN": 238361
    },
    "files": {
        "checkpointFile": "../../../saved_models/decen/init-test-randpos/*",
        "dataFile": "../../../data/RandomPos_0709.csv"
    }
}