{
    "endIndex": 124774,
    "attack": "FastGradientMethod",
    "timeElapsedSec": 17.504011,
    "kwargs": {
        "eps": 0.1
    },
    "metrics": {
        "accuracy": 0.7741460560693735,
        "precision": 0.6010687526292452,
        "recall": 0.7130536822228217,
        "f1": 0.6522897349052704,
        "attackSuccessRate": 0.28694631777717833,
        "falsePositiveRate": 0.20003192556781904,
        "TP": 264329,
        "TN": 701604,
        "FP": 175436,
        "FN": 106371
    },
    "files": {
        "checkpointFile": "../../../saved_models/decen/init-test-randpos/*",
        "dataFile": "../../../data/RandomPos_0709.csv"
    }
}