{
    "endIndex": 124774,
    "attack": "FastGradientMethod",
    "timeElapsedSec": 17.141221,
    "kwargs": {
        "eps": 0.1
    },
    "metrics": {
        "accuracy": 0.653570455383333,
        "precision": 0.45148093730688227,
        "recall": 0.7725573239816563,
        "f1": 0.5699085000616898,
        "attackSuccessRate": 0.22744267601834367,
        "falsePositiveRate": 0.39672192830429626,
        "TP": 286387,
        "TN": 529099,
        "FP": 347941,
        "FN": 84313
    },
    "files": {
        "checkpointFile": "../../../saved_models/decen/init-test-randpos/*",
        "dataFile": "../../../data/RandomPos_0709.csv"
    }
}