{
    "endIndex": 124774,
    "attack": "FastGradientMethod",
    "timeElapsedSec": 15.017784,
    "kwargs": {
        "eps": 0.1
    },
    "metrics": {
        "accuracy": 0.5556702518152821,
        "precision": 0.3756875121803339,
        "recall": 0.7488373347720528,
        "f1": 0.5003514792771423,
        "attackSuccessRate": 0.2511626652279471,
        "falsePositiveRate": 0.5259760102161817,
        "TP": 277594,
        "TN": 415738,
        "FP": 461302,
        "FN": 93106
    },
    "files": {
        "checkpointFile": "../../../saved_models/decen/init-test-randpos/*",
        "dataFile": "../../../data/RandomPos_0709.csv"
    }
}