{
    "endIndex": 124774,
    "attack": "FastGradientMethod",
    "timeElapsedSec": 17.048144,
    "kwargs": {
        "eps": 0.1
    },
    "metrics": {
        "accuracy": 0.4255742382227067,
        "precision": 0.3163110387280205,
        "recall": 0.8037065012139196,
        "f1": 0.4539593875371209,
        "attackSuccessRate": 0.19629349878608038,
        "falsePositiveRate": 0.7342515734744139,
        "TP": 297934,
        "TN": 233072,
        "FP": 643968,
        "FN": 72766
    },
    "files": {
        "checkpointFile": "../../../saved_models/decen/init-test-randpos/*",
        "dataFile": "../../../data/RandomPos_0709.csv"
    }
}