{
    "endIndex": 124774,
    "attack": "FastGradientMethod",
    "timeElapsedSec": 16.820248,
    "kwargs": {
        "eps": 0.1
    },
    "metrics": {
        "accuracy": 0.5033364322695434,
        "precision": 0.35244396880196166,
        "recall": 0.8022174264904235,
        "f1": 0.48973091988198975,
        "attackSuccessRate": 0.19778257350957648,
        "falsePositiveRate": 0.6229921098239533,
        "TP": 297382,
        "TN": 330651,
        "FP": 546389,
        "FN": 73318
    },
    "files": {
        "checkpointFile": "../../../saved_models/decen/init-test-randpos/*",
        "dataFile": "../../../data/RandomPos_0709.csv"
    }
}