{
    "endIndex": 124774,
    "attack": "FastGradientMethod",
    "timeElapsedSec": 16.810472,
    "kwargs": {
        "eps": 0.1
    },
    "metrics": {
        "accuracy": 0.9276564027762194,
        "precision": 0.9875417246175243,
        "recall": 0.7661640140275155,
        "f1": 0.8628801458301687,
        "attackSuccessRate": 0.23383598597248448,
        "falsePositiveRate": 0.004085332481984858,
        "TP": 284017,
        "TN": 873457,
        "FP": 3583,
        "FN": 86683
    },
    "files": {
        "checkpointFile": "../../../saved_models/decen/init-test-randpos/*",
        "dataFile": "../../../data/RandomPos_0709.csv"
    }
}