{
    "endIndex": 124774,
    "attack": "FastGradientMethod",
    "timeElapsedSec": 16.849127,
    "kwargs": {
        "eps": 0.1
    },
    "metrics": {
        "accuracy": 0.7854360684116883,
        "precision": 0.9998932059571659,
        "recall": 0.27782843269490154,
        "f1": 0.43483455843547214,
        "attackSuccessRate": 0.7221715673050985,
        "falsePositiveRate": 1.2542187357475144e-05,
        "TP": 102991,
        "TN": 877029,
        "FP": 11,
        "FN": 267709
    },
    "files": {
        "checkpointFile": "../../../saved_models/decen/init-test-randpos/*",
        "dataFile": "../../../data/RandomPos_0709.csv"
    }
}