{
    "endIndex": 124774,
    "attack": "FastGradientMethod",
    "timeElapsedSec": 16.008603,
    "kwargs": {
        "eps": 0.1
    },
    "metrics": {
        "accuracy": 0.8400564220109958,
        "precision": 0.9974709596400042,
        "recall": 0.46281899109792285,
        "f1": 0.6322696433770283,
        "attackSuccessRate": 0.5371810089020772,
        "falsePositiveRate": 0.0004959865000456079,
        "TP": 171567,
        "TN": 876605,
        "FP": 435,
        "FN": 199133
    },
    "files": {
        "checkpointFile": "../../../saved_models/decen/init-test-randpos/*",
        "dataFile": "../../../data/RandomPos_0709.csv"
    }
}