{
    "endIndex": 124774,
    "attack": "FastGradientMethod",
    "timeElapsedSec": 17.005943,
    "kwargs": {
        "eps": 0.1
    },
    "metrics": {
        "accuracy": 0.8200779008447273,
        "precision": 0.9975497536141135,
        "recall": 0.3953709198813056,
        "f1": 0.5662952258782437,
        "attackSuccessRate": 0.6046290801186943,
        "falsePositiveRate": 0.0004104715862446411,
        "TP": 146564,
        "TN": 876680,
        "FP": 360,
        "FN": 224136
    },
    "files": {
        "checkpointFile": "../../../saved_models/decen/init-test-randpos/*",
        "dataFile": "../../../data/RandomPos_0709.csv"
    }
}