{
    "endIndex": 124774,
    "attack": "FastGradientMethod",
    "timeElapsedSec": 16.859212,
    "kwargs": {
        "eps": 0.1
    },
    "metrics": {
        "accuracy": 0.4718418901373684,
        "precision": 0.3388203355263452,
        "recall": 0.8174426760183436,
        "f1": 0.47907128221991757,
        "attackSuccessRate": 0.18255732398165633,
        "falsePositiveRate": 0.6742337863723433,
        "TP": 303026,
        "TN": 285710,
        "FP": 591330,
        "FN": 67674
    },
    "files": {
        "checkpointFile": "../../../saved_models/decen/init-test-randpos/*",
        "dataFile": "../../../data/RandomPos_0709.csv"
    }
}