{
    "endIndex": 124774,
    "attack": "FastGradientMethod",
    "timeElapsedSec": 16.667884,
    "kwargs": {
        "eps": 0.1
    },
    "metrics": {
        "accuracy": 0.8578998829884431,
        "precision": 0.9953131242764796,
        "recall": 0.5241731858645805,
        "f1": 0.6867010881281298,
        "attackSuccessRate": 0.4758268141354195,
        "falsePositiveRate": 0.001043281948371796,
        "TP": 194311,
        "TN": 876125,
        "FP": 915,
        "FN": 176389
    },
    "files": {
        "checkpointFile": "../../../saved_models/decen/init-test-randpos/*",
        "dataFile": "../../../data/RandomPos_0709.csv"
    }
}