{
    "endIndex": 124774,
    "attack": "FastGradientMethod",
    "timeElapsedSec": 16.492976,
    "kwargs": {
        "eps": 0.1
    },
    "metrics": {
        "accuracy": 0.6656811515219517,
        "precision": 0.46372949763444754,
        "recall": 0.8009009981116806,
        "f1": 0.5873674860104201,
        "attackSuccessRate": 0.1990990018883194,
        "falsePositiveRate": 0.3914724527957676,
        "TP": 296894,
        "TN": 533703,
        "FP": 343337,
        "FN": 73806
    },
    "files": {
        "checkpointFile": "../../../saved_models/decen/init-test-randpos/*",
        "dataFile": "../../../data/RandomPos_0709.csv"
    }
}