{
    "endIndex": 124774,
    "attack": "FastGradientMethod",
    "timeElapsedSec": 17.064447,
    "kwargs": {
        "eps": 0.1
    },
    "metrics": {
        "accuracy": 0.7897430554442432,
        "precision": 0.9805907921582543,
        "recall": 0.2981980037766388,
        "f1": 0.4573237076722586,
        "attackSuccessRate": 0.7018019962233613,
        "falsePositiveRate": 0.002494755085286874,
        "TP": 110542,
        "TN": 874852,
        "FP": 2188,
        "FN": 260158
    },
    "files": {
        "checkpointFile": "../../../saved_models/decen/init-test-randpos/*",
        "dataFile": "../../../data/RandomPos_0709.csv"
    }
}