{
    "endIndex": 124774,
    "attack": "FastGradientMethod",
    "timeElapsedSec": 16.46173,
    "kwargs": {
        "eps": 0.1
    },
    "metrics": {
        "accuracy": 0.4108299806049337,
        "precision": 0.32728404996772514,
        "recall": 0.9314405179390343,
        "f1": 0.4843722491602377,
        "attackSuccessRate": 0.06855948206096574,
        "falsePositiveRate": 0.8092173675088935,
        "TP": 345285,
        "TN": 167324,
        "FP": 709716,
        "FN": 25415
    },
    "files": {
        "checkpointFile": "../../../saved_models/decen/init-test-randpos/*",
        "dataFile": "../../../data/RandomPos_0709.csv"
    }
}