{
    "endIndex": 124774,
    "attack": "FastGradientMethod",
    "timeElapsedSec": 15.425515,
    "kwargs": {
        "eps": 0.1
    },
    "metrics": {
        "accuracy": 0.3019867921201532,
        "precision": 0.28374794982928575,
        "recall": 0.8853142702994335,
        "f1": 0.4297566114563439,
        "attackSuccessRate": 0.1146857297005665,
        "falsePositiveRate": 0.9445692328742132,
        "TP": 328186,
        "TN": 48615,
        "FP": 828425,
        "FN": 42514
    },
    "files": {
        "checkpointFile": "../../../saved_models/decen/init-test-randpos/*",
        "dataFile": "../../../data/RandomPos_0709.csv"
    }
}