{
    "endIndex": 124774,
    "attack": "FastGradientMethod",
    "timeElapsedSec": 15.311068,
    "kwargs": {
        "eps": 0.1
    },
    "metrics": {
        "accuracy": 0.8481943353583279,
        "precision": 0.998284866142598,
        "recall": 0.4898786080388454,
        "f1": 0.6572374730822822,
        "attackSuccessRate": 0.5101213919611546,
        "falsePositiveRate": 0.00035574204141202223,
        "TP": 181598,
        "TN": 876728,
        "FP": 312,
        "FN": 189102
    },
    "files": {
        "checkpointFile": "../../../saved_models/decen/init-test-randpos/*",
        "dataFile": "../../../data/RandomPos_0709.csv"
    }
}