{
    "endIndex": 124774,
    "attack": "FastGradientMethod",
    "timeElapsedSec": 16.881224,
    "kwargs": {
        "eps": 0.1
    },
    "metrics": {
        "accuracy": 0.7409756840367384,
        "precision": 0.5495724694091793,
        "recall": 0.7103479902886431,
        "f1": 0.6197021346195257,
        "attackSuccessRate": 0.2896520097113569,
        "falsePositiveRate": 0.246078856152513,
        "TP": 263326,
        "TN": 661219,
        "FP": 215821,
        "FN": 107374
    },
    "files": {
        "checkpointFile": "../../../saved_models/decen/init-test-randpos/*",
        "dataFile": "../../../data/RandomPos_0709.csv"
    }
}