{
    "endIndex": 124774,
    "attack": "FastGradientMethod",
    "timeElapsedSec": 16.838787,
    "kwargs": {
        "eps": 0.1
    },
    "metrics": {
        "accuracy": 0.751145270649334,
        "precision": 0.5886144152632199,
        "recall": 0.5392959266253035,
        "f1": 0.5628769321733255,
        "attackSuccessRate": 0.46070407337469654,
        "falsePositiveRate": 0.15931200401349996,
        "TP": 199917,
        "TN": 737317,
        "FP": 139723,
        "FN": 170783
    },
    "files": {
        "checkpointFile": "../../../saved_models/decen/init-test-randpos/*",
        "dataFile": "../../../data/RandomPos_0709.csv"
    }
}