{
    "endIndex": 124774,
    "attack": "FastGradientMethod",
    "timeElapsedSec": 16.857661,
    "kwargs": {
        "eps": 0.1
    },
    "metrics": {
        "accuracy": 0.8538317277637969,
        "precision": 0.8679159763683536,
        "recall": 0.5992015106555166,
        "f1": 0.7089501267099461,
        "attackSuccessRate": 0.4007984893444834,
        "falsePositiveRate": 0.038543281948371796,
        "TP": 222124,
        "TN": 843236,
        "FP": 33804,
        "FN": 148576
    },
    "files": {
        "checkpointFile": "../../../saved_models/decen/init-test-randpos/*",
        "dataFile": "../../../data/RandomPos_0709.csv"
    }
}