{
    "endIndex": 124774,
    "attack": "FastGradientMethod",
    "timeElapsedSec": 18.152718,
    "kwargs": {
        "eps": 0.1
    },
    "metrics": {
        "accuracy": 0.8548383477327007,
        "precision": 0.7925591673971284,
        "recall": 0.6927056919341786,
        "f1": 0.7392758847035251,
        "attackSuccessRate": 0.3072943080658214,
        "falsePositiveRate": 0.07663276475417313,
        "TP": 256786,
        "TN": 809830,
        "FP": 67210,
        "FN": 113914
    },
    "files": {
        "checkpointFile": "../../../saved_models/decen/init-test-randpos/*",
        "dataFile": "../../../data/RandomPos_0709.csv"
    }
}