{
    "endIndex": 124774,
    "attack": "FastGradientMethod",
    "timeElapsedSec": 16.8457,
    "kwargs": {
        "eps": 0.1
    },
    "metrics": {
        "accuracy": 0.8728380912690143,
        "precision": 0.9919537083010446,
        "recall": 0.5766630698678177,
        "f1": 0.7293343773402728,
        "attackSuccessRate": 0.4233369301321824,
        "falsePositiveRate": 0.0019771048070783546,
        "TP": 213769,
        "TN": 875306,
        "FP": 1734,
        "FN": 156931
    },
    "files": {
        "checkpointFile": "../../../saved_models/decen/init-test-randpos/*",
        "dataFile": "../../../data/RandomPos_0709.csv"
    }
}