{
    "endIndex": 124774,
    "attack": "FastGradientMethod",
    "timeElapsedSec": 16.140042,
    "kwargs": {
        "eps": 0.1
    },
    "metrics": {
        "accuracy": 0.8358576305961177,
        "precision": 0.9980126684878868,
        "recall": 0.44840571891016995,
        "f1": 0.6187899600748248,
        "attackSuccessRate": 0.55159428108983,
        "falsePositiveRate": 0.0003774058195749339,
        "TP": 166224,
        "TN": 876709,
        "FP": 331,
        "FN": 204476
    },
    "files": {
        "checkpointFile": "../../../saved_models/decen/init-test-randpos/*",
        "dataFile": "../../../data/RandomPos_0709.csv"
    }
}