{
    "endIndex": 124774,
    "attack": "FastGradientMethod",
    "timeElapsedSec": 18.048325,
    "kwargs": {
        "eps": 0.1
    },
    "metrics": {
        "accuracy": 0.8596518505457867,
        "precision": 0.9958523055704854,
        "recall": 0.5298084704612894,
        "f1": 0.6916491465317175,
        "attackSuccessRate": 0.4701915295387106,
        "falsePositiveRate": 0.0009326826598558788,
        "TP": 196400,
        "TN": 876222,
        "FP": 818,
        "FN": 174300
    },
    "files": {
        "checkpointFile": "../../../saved_models/decen/init-test-randpos/*",
        "dataFile": "../../../data/RandomPos_0709.csv"
    }
}