{
    "endIndex": 124774,
    "attack": "FastGradientMethod",
    "timeElapsedSec": 16.662636,
    "kwargs": {
        "eps": 0.1
    },
    "metrics": {
        "accuracy": 0.7044897174090756,
        "precision": 1.0,
        "recall": 0.005341246290801187,
        "f1": 0.010625737898465172,
        "attackSuccessRate": 0.9946587537091988,
        "falsePositiveRate": 0.0,
        "TP": 1980,
        "TN": 877040,
        "FP": 0,
        "FN": 368720
    },
    "files": {
        "checkpointFile": "../../../saved_models/decen/init-test-randpos/*",
        "dataFile": "../../../data/RandomPos_0709.csv"
    }
}