{
    "endIndex": 124774,
    "attack": "FastGradientMethod",
    "timeElapsedSec": 16.75418,
    "kwargs": {
        "eps": 0.1
    },
    "metrics": {
        "accuracy": 0.8522015804574671,
        "precision": 0.9968315606430759,
        "recall": 0.5041273266792554,
        "f1": 0.6696119847932723,
        "attackSuccessRate": 0.49587267332074453,
        "falsePositiveRate": 0.0006772781173036578,
        "TP": 186880,
        "TN": 876446,
        "FP": 594,
        "FN": 183820
    },
    "files": {
        "checkpointFile": "../../../saved_models/decen/init-test-randpos/*",
        "dataFile": "../../../data/RandomPos_0709.csv"
    }
}