{
    "endIndex": 124774,
    "attack": "FastGradientMethod",
    "timeElapsedSec": 23.866926,
    "kwargs": {
        "eps": 0.1
    },
    "metrics": {
        "accuracy": 0.9292969689198071,
        "precision": 0.8718293655703654,
        "recall": 0.8933558133261398,
        "f1": 0.8824613318446533,
        "attackSuccessRate": 0.10664418667386026,
        "falsePositiveRate": 0.055511721244184985,
        "TP": 331167,
        "TN": 828354,
        "FP": 48686,
        "FN": 39533
    },
    "files": {
        "checkpointFile": "../../../saved_models/decen/init-test-randpos/*",
        "dataFile": "../../../data/RandomPos_0709.csv"
    }
}