{
    "endIndex": 124774,
    "attack": "FastGradientMethod",
    "timeElapsedSec": 15.599279,
    "kwargs": {
        "eps": 0.1
    },
    "metrics": {
        "accuracy": 0.821522111978457,
        "precision": 0.6974266216338791,
        "recall": 0.7052117615322363,
        "f1": 0.7012975864409327,
        "attackSuccessRate": 0.2947882384677637,
        "falsePositiveRate": 0.1293167928486728,
        "TP": 261422,
        "TN": 763624,
        "FP": 113416,
        "FN": 109278
    },
    "files": {
        "checkpointFile": "../../../saved_models/decen/init-test-randpos/*",
        "dataFile": "../../../data/RandomPos_0709.csv"
    }
}