{
    "endIndex": 124774,
    "attack": "FastGradientMethod",
    "timeElapsedSec": 16.553282,
    "kwargs": {
        "eps": 0.1
    },
    "metrics": {
        "accuracy": 0.7414685751839325,
        "precision": 0.5503903893840896,
        "recall": 0.7089182627461559,
        "f1": 0.6196761977523427,
        "attackSuccessRate": 0.29108173725384406,
        "falsePositiveRate": 0.2447733284684849,
        "TP": 262796,
        "TN": 662364,
        "FP": 214676,
        "FN": 107904
    },
    "files": {
        "checkpointFile": "../../../saved_models/decen/init-test-randpos/*",
        "dataFile": "../../../data/RandomPos_0709.csv"
    }
}