{
    "endIndex": 124774,
    "attack": "FastGradientMethod",
    "timeElapsedSec": 16.895299,
    "kwargs": {
        "eps": 0.1
    },
    "metrics": {
        "accuracy": 0.5989509032330453,
        "precision": 0.40327466400986756,
        "recall": 0.7293984353925007,
        "f1": 0.5193871190503861,
        "attackSuccessRate": 0.27060156460749935,
        "falsePositiveRate": 0.4561855787649366,
        "TP": 270388,
        "TN": 476947,
        "FP": 400093,
        "FN": 100312
    },
    "files": {
        "checkpointFile": "../../../saved_models/decen/init-test-randpos/*",
        "dataFile": "../../../data/RandomPos_0709.csv"
    }
}