{
    "endIndex": 124774,
    "attack": "FastGradientMethod",
    "timeElapsedSec": 16.659693,
    "kwargs": {
        "eps": 0.1
    },
    "metrics": {
        "accuracy": 0.7144108548255246,
        "precision": 0.5146884021056206,
        "recall": 0.6786431076342055,
        "f1": 0.585402687882423,
        "attackSuccessRate": 0.32135689236579446,
        "falsePositiveRate": 0.27047113016510077,
        "TP": 251573,
        "TN": 639826,
        "FP": 237214,
        "FN": 119127
    },
    "files": {
        "checkpointFile": "../../../saved_models/decen/init-test-randpos/*",
        "dataFile": "../../../data/RandomPos_0709.csv"
    }
}