{
    "endIndex": 124774,
    "attack": "FastGradientMethod",
    "timeElapsedSec": 17.183366,
    "kwargs": {
        "eps": 0.1
    },
    "metrics": {
        "accuracy": 0.8453419782967605,
        "precision": 0.9765233292042707,
        "recall": 0.4912462908011869,
        "f1": 0.6536631591416106,
        "attackSuccessRate": 0.508753709198813,
        "falsePositiveRate": 0.004991790568275107,
        "TP": 182105,
        "TN": 872662,
        "FP": 4378,
        "FN": 188595
    },
    "files": {
        "checkpointFile": "../../../saved_models/decen/init-test-randpos/*",
        "dataFile": "../../../data/RandomPos_0709.csv"
    }
}