{
    "endIndex": 124774,
    "attack": "FastGradientMethod",
    "timeElapsedSec": 16.868061,
    "kwargs": {
        "eps": 0.1
    },
    "metrics": {
        "accuracy": 0.816601214996714,
        "precision": 0.9992679871053113,
        "recall": 0.38297814944699216,
        "f1": 0.5537332236033807,
        "attackSuccessRate": 0.6170218505530078,
        "falsePositiveRate": 0.00011858068047067409,
        "TP": 141970,
        "TN": 876936,
        "FP": 104,
        "FN": 228730
    },
    "files": {
        "checkpointFile": "../../../saved_models/decen/init-test-randpos/*",
        "dataFile": "../../../data/RandomPos_0709.csv"
    }
}