{
    "endIndex": 124774,
    "attack": "FastGradientMethod",
    "timeElapsedSec": 16.909964,
    "kwargs": {
        "eps": 0.1
    },
    "metrics": {
        "accuracy": 0.7766049016622053,
        "precision": 0.7504971207853691,
        "recall": 0.37161855948206096,
        "f1": 0.497094308236071,
        "attackSuccessRate": 0.628381440517939,
        "falsePositiveRate": 0.05221882696342242,
        "TP": 137759,
        "TN": 831242,
        "FP": 45798,
        "FN": 232941
    },
    "files": {
        "checkpointFile": "../../../saved_models/decen/init-test-randpos/*",
        "dataFile": "../../../data/RandomPos_0709.csv"
    }
}