{
    "endIndex": 124774,
    "attack": "FastGradientMethod",
    "timeElapsedSec": 17.013032,
    "kwargs": {
        "eps": 0.1
    },
    "metrics": {
        "accuracy": 0.6328041098305737,
        "precision": 0.43694298373991947,
        "recall": 0.8174723496088481,
        "f1": 0.569490499784353,
        "attackSuccessRate": 0.18252765039115187,
        "falsePositiveRate": 0.44524993158806897,
        "TP": 303037,
        "TN": 486538,
        "FP": 390502,
        "FN": 67663
    },
    "files": {
        "checkpointFile": "../../../saved_models/decen/init-test-randpos/*",
        "dataFile": "../../../data/RandomPos_0709.csv"
    }
}