{
    "endIndex": 124774,
    "attack": "FastGradientMethod",
    "timeElapsedSec": 16.457914,
    "kwargs": {
        "eps": 0.1
    },
    "metrics": {
        "accuracy": 0.88240258387164,
        "precision": 0.8834993681658316,
        "recall": 0.695948206096574,
        "f1": 0.7785884259559656,
        "attackSuccessRate": 0.30405179390342596,
        "falsePositiveRate": 0.0387884247012679,
        "TP": 257988,
        "TN": 843021,
        "FP": 34019,
        "FN": 112712
    },
    "files": {
        "checkpointFile": "../../../saved_models/decen/init-test-randpos/*",
        "dataFile": "../../../data/RandomPos_0709.csv"
    }
}