{
    "endIndex": 124774,
    "attack": "FastGradientMethod",
    "timeElapsedSec": 16.623022,
    "kwargs": {
        "eps": 0.1
    },
    "metrics": {
        "accuracy": 0.8352132655841762,
        "precision": 0.7540307565419971,
        "recall": 0.6609495548961425,
        "f1": 0.7044285901164253,
        "attackSuccessRate": 0.33905044510385757,
        "falsePositiveRate": 0.09113039314056372,
        "TP": 245014,
        "TN": 797115,
        "FP": 79925,
        "FN": 125686
    },
    "files": {
        "checkpointFile": "../../../saved_models/decen/init-test-randpos/*",
        "dataFile": "../../../data/RandomPos_0709.csv"
    }
}