{
    "endIndex": 124774,
    "attack": "FastGradientMethod",
    "timeElapsedSec": 17.100791,
    "kwargs": {
        "eps": 0.1
    },
    "metrics": {
        "accuracy": 0.8402583871639925,
        "precision": 0.9984179423944907,
        "recall": 0.4630590774210952,
        "f1": 0.6326839013099212,
        "attackSuccessRate": 0.5369409225789048,
        "falsePositiveRate": 0.0003101340873848399,
        "TP": 171656,
        "TN": 876768,
        "FP": 272,
        "FN": 199044
    },
    "files": {
        "checkpointFile": "../../../saved_models/decen/init-test-randpos/*",
        "dataFile": "../../../data/RandomPos_0709.csv"
    }
}