{
    "endIndex": 124774,
    "attack": "FastGradientMethod",
    "timeElapsedSec": 16.498332,
    "kwargs": {
        "eps": 0.1
    },
    "metrics": {
        "accuracy": 0.674399313959639,
        "precision": 0.4708700887043271,
        "recall": 0.7754113838683572,
        "f1": 0.5859318863991928,
        "attackSuccessRate": 0.22458861613164283,
        "falsePositiveRate": 0.3682956307580042,
        "TP": 287445,
        "TN": 554030,
        "FP": 323010,
        "FN": 83255
    },
    "files": {
        "checkpointFile": "../../../saved_models/decen/init-test-randpos/*",
        "dataFile": "../../../data/RandomPos_0709.csv"
    }
}