{
    "endIndex": 124774,
    "attack": "FastGradientMethod",
    "timeElapsedSec": 16.562906,
    "kwargs": {
        "eps": 0.1
    },
    "metrics": {
        "accuracy": 0.8275562216487409,
        "precision": 0.999364296584539,
        "recall": 0.4198381440517939,
        "f1": 0.5912775224957403,
        "attackSuccessRate": 0.5801618559482061,
        "falsePositiveRate": 0.0001128796862172763,
        "TP": 155634,
        "TN": 876941,
        "FP": 99,
        "FN": 215066
    },
    "files": {
        "checkpointFile": "../../../saved_models/decen/init-test-randpos/*",
        "dataFile": "../../../data/RandomPos_0709.csv"
    }
}