{
    "endIndex": 124774,
    "attack": "FastGradientMethod",
    "timeElapsedSec": 16.857803,
    "kwargs": {
        "eps": 0.1
    },
    "metrics": {
        "accuracy": 0.8587189638867072,
        "precision": 0.8354533031499324,
        "recall": 0.6530914486107364,
        "f1": 0.733101785963021,
        "attackSuccessRate": 0.3469085513892636,
        "falsePositiveRate": 0.05436810179695339,
        "TP": 242101,
        "TN": 829357,
        "FP": 47683,
        "FN": 128599
    },
    "files": {
        "checkpointFile": "../../../saved_models/decen/init-test-randpos/*",
        "dataFile": "../../../data/RandomPos_0709.csv"
    }
}