{
    "endIndex": 124774,
    "attack": "FastGradientMethod",
    "timeElapsedSec": 15.08348,
    "kwargs": {
        "eps": 0.1
    },
    "metrics": {
        "accuracy": 0.8705203007036723,
        "precision": 0.994266645869669,
        "recall": 0.5674561640140275,
        "f1": 0.7225388952528814,
        "attackSuccessRate": 0.43254383598597246,
        "falsePositiveRate": 0.0013830612058743045,
        "TP": 210356,
        "TN": 875827,
        "FP": 1213,
        "FN": 160344
    },
    "files": {
        "checkpointFile": "../../../saved_models/decen/init-test-randpos/*",
        "dataFile": "../../../data/RandomPos_0709.csv"
    }
}