{
    "endIndex": 124774,
    "attack": "FastGradientMethod",
    "timeElapsedSec": 17.036904,
    "kwargs": {
        "eps": 0.1
    },
    "metrics": {
        "accuracy": 0.34109509994069276,
        "precision": 0.27076529037080366,
        "recall": 0.719220393849474,
        "f1": 0.39341966633514636,
        "attackSuccessRate": 0.28077960615052605,
        "falsePositiveRate": 0.8187277661224117,
        "TP": 266615,
        "TN": 158983,
        "FP": 718057,
        "FN": 104085
    },
    "files": {
        "checkpointFile": "../../../saved_models/decen/init-test-randpos/*",
        "dataFile": "../../../data/RandomPos_0709.csv"
    }
}