{
    "endIndex": 124774,
    "attack": "FastGradientMethod",
    "timeElapsedSec": 16.691811,
    "kwargs": {
        "eps": 0.1
    },
    "metrics": {
        "accuracy": 0.5688540881914501,
        "precision": 0.39108566606150746,
        "recall": 0.8100674399784192,
        "f1": 0.5275027183889571,
        "attackSuccessRate": 0.1899325600215808,
        "falsePositiveRate": 0.5330999726352276,
        "TP": 300292,
        "TN": 409490,
        "FP": 467550,
        "FN": 70408
    },
    "files": {
        "checkpointFile": "../../../saved_models/decen/init-test-randpos/*",
        "dataFile": "../../../data/RandomPos_0709.csv"
    }
}