{
    "endIndex": 124774,
    "attack": "FastGradientMethod",
    "timeElapsedSec": 17.014563,
    "kwargs": {
        "eps": 0.1
    },
    "metrics": {
        "accuracy": 0.8798163078846555,
        "precision": 0.9810787014436153,
        "recall": 0.6071837065012139,
        "f1": 0.7501216415274176,
        "attackSuccessRate": 0.3928162934987861,
        "falsePositiveRate": 0.004949603210799964,
        "TP": 225083,
        "TN": 872699,
        "FP": 4341,
        "FN": 145617
    },
    "files": {
        "checkpointFile": "../../../saved_models/decen/init-test-randpos/*",
        "dataFile": "../../../data/RandomPos_0709.csv"
    }
}