{
    "endIndex": 124774,
    "attack": "FastGradientMethod",
    "timeElapsedSec": 16.375503,
    "kwargs": {
        "eps": 0.1
    },
    "metrics": {
        "accuracy": 0.7625210380367705,
        "precision": 0.5842083814439992,
        "recall": 0.6960857836525493,
        "f1": 0.6352589273624737,
        "attackSuccessRate": 0.30391421634745075,
        "falsePositiveRate": 0.2093986591261516,
        "TP": 258039,
        "TN": 693389,
        "FP": 183651,
        "FN": 112661
    },
    "files": {
        "checkpointFile": "../../../saved_models/decen/init-test-randpos/*",
        "dataFile": "../../../data/RandomPos_0709.csv"
    }
}