{
    "endIndex": 124774,
    "attack": "FastGradientMethod",
    "timeElapsedSec": 16.423982,
    "kwargs": {
        "eps": 0.1
    },
    "metrics": {
        "accuracy": 0.727788641864491,
        "precision": 0.5313081652695238,
        "recall": 0.7107418397626113,
        "f1": 0.608063993131724,
        "attackSuccessRate": 0.2892581602373887,
        "falsePositiveRate": 0.26500615707379366,
        "TP": 263472,
        "TN": 644619,
        "FP": 232421,
        "FN": 107228
    },
    "files": {
        "checkpointFile": "../../../saved_models/decen/init-test-randpos/*",
        "dataFile": "../../../data/RandomPos_0709.csv"
    }
}