{
    "endIndex": 124774,
    "attack": "FastGradientMethod",
    "timeElapsedSec": 15.060809,
    "kwargs": {
        "eps": 0.1
    },
    "metrics": {
        "accuracy": 0.5606047734303621,
        "precision": 0.3808601639698472,
        "recall": 0.7655597518208794,
        "f1": 0.5086638998348325,
        "attackSuccessRate": 0.23444024817912057,
        "falsePositiveRate": 0.5260238985679102,
        "TP": 283793,
        "TN": 415696,
        "FP": 461344,
        "FN": 86907
    },
    "files": {
        "checkpointFile": "../../../saved_models/decen/init-test-randpos/*",
        "dataFile": "../../../data/RandomPos_0709.csv"
    }
}