{
    "endIndex": 124774,
    "attack": "FastGradientMethod",
    "timeElapsedSec": 17.322901,
    "kwargs": {
        "eps": 0.1
    },
    "metrics": {
        "accuracy": 0.8184902303364483,
        "precision": 0.9998682942721873,
        "recall": 0.3891070946857297,
        "f1": 0.5602055301275243,
        "attackSuccessRate": 0.6108929053142703,
        "falsePositiveRate": 2.1663778162911613e-05,
        "TP": 144242,
        "TN": 877021,
        "FP": 19,
        "FN": 226458
    },
    "files": {
        "checkpointFile": "../../../saved_models/decen/init-test-randpos/*",
        "dataFile": "../../../data/RandomPos_0709.csv"
    }
}