{
    "endIndex": 124774,
    "attack": "FastGradientMethod",
    "timeElapsedSec": 16.7354,
    "kwargs": {
        "eps": 0.1
    },
    "metrics": {
        "accuracy": 0.49396028018657734,
        "precision": 0.32105773243427266,
        "recall": 0.6309117885082277,
        "f1": 0.4255579695113741,
        "attackSuccessRate": 0.36908821149177234,
        "falsePositiveRate": 0.5639252485633495,
        "TP": 233879,
        "TN": 382455,
        "FP": 494585,
        "FN": 136821
    },
    "files": {
        "checkpointFile": "../../../saved_models/decen/init-test-randpos/*",
        "dataFile": "../../../data/RandomPos_0709.csv"
    }
}