{
    "endIndex": 124774,
    "attack": "FastGradientMethod",
    "timeElapsedSec": 16.340287,
    "kwargs": {
        "eps": 0.1
    },
    "metrics": {
        "accuracy": 0.40148588648276085,
        "precision": 0.3281482469832613,
        "recall": 0.9686242244402482,
        "f1": 0.49022067978767564,
        "attackSuccessRate": 0.03137577555975182,
        "falsePositiveRate": 0.8382274468667336,
        "TP": 359069,
        "TN": 141881,
        "FP": 735159,
        "FN": 11631
    },
    "files": {
        "checkpointFile": "../../../saved_models/decen/init-test-randpos/*",
        "dataFile": "../../../data/RandomPos_0709.csv"
    }
}