{
    "endIndex": 124774,
    "attack": "FastGradientMethod",
    "timeElapsedSec": 16.651774,
    "kwargs": {
        "eps": 0.1
    },
    "metrics": {
        "accuracy": 0.44040344943658133,
        "precision": 0.33598339057096416,
        "recall": 0.9049608848125169,
        "f1": 0.49003300542153666,
        "attackSuccessRate": 0.09503911518748313,
        "falsePositiveRate": 0.7559518380005473,
        "TP": 335469,
        "TN": 214040,
        "FP": 663000,
        "FN": 35231
    },
    "files": {
        "checkpointFile": "../../../saved_models/decen/init-test-randpos/*",
        "dataFile": "../../../data/RandomPos_0709.csv"
    }
}