{
    "endIndex": 124774,
    "attack": "FastGradientMethod",
    "timeElapsedSec": 16.535938,
    "kwargs": {
        "eps": 0.1
    },
    "metrics": {
        "accuracy": 0.8309255133280972,
        "precision": 0.9995184279486907,
        "recall": 0.43111950364175883,
        "f1": 0.602405233389811,
        "attackSuccessRate": 0.5688804963582411,
        "falsePositiveRate": 8.7795311502326e-05,
        "TP": 159816,
        "TN": 876963,
        "FP": 77,
        "FN": 210884
    },
    "files": {
        "checkpointFile": "../../../saved_models/decen/init-test-randpos/*",
        "dataFile": "../../../data/RandomPos_0709.csv"
    }
}