{
    "endIndex": 124774,
    "attack": "FastGradientMethod",
    "timeElapsedSec": 17.540327,
    "kwargs": {
        "eps": 0.1
    },
    "metrics": {
        "accuracy": 0.7999038261176207,
        "precision": 0.6970794362087382,
        "recall": 0.577415700026976,
        "f1": 0.6316298888698721,
        "attackSuccessRate": 0.422584299973024,
        "falsePositiveRate": 0.10605673629480981,
        "TP": 214048,
        "TN": 784024,
        "FP": 93016,
        "FN": 156652
    },
    "files": {
        "checkpointFile": "../../../saved_models/decen/init-test-randpos/*",
        "dataFile": "../../../data/RandomPos_0709.csv"
    }
}