{
    "endIndex": 124774,
    "attack": "FastGradientMethod",
    "timeElapsedSec": 17.282264,
    "kwargs": {
        "eps": 0.1
    },
    "metrics": {
        "accuracy": 0.42166557135300625,
        "precision": 0.3185199052961151,
        "recall": 0.8307148637712436,
        "f1": 0.4604789671499802,
        "attackSuccessRate": 0.1692851362287564,
        "falsePositiveRate": 0.7512279941621819,
        "TP": 307946,
        "TN": 218183,
        "FP": 658857,
        "FN": 62754
    },
    "files": {
        "checkpointFile": "../../../saved_models/decen/init-test-randpos/*",
        "dataFile": "../../../data/RandomPos_0709.csv"
    }
}