{
    "endIndex": 124774,
    "attack": "FastGradientMethod",
    "timeElapsedSec": 16.944868,
    "kwargs": {
        "eps": 0.1
    },
    "metrics": {
        "accuracy": 0.6565558529821918,
        "precision": 0.4503153991418669,
        "recall": 0.706949015376315,
        "f1": 0.5501768205059302,
        "attackSuccessRate": 0.2930509846236849,
        "falsePositiveRate": 0.3647439113381374,
        "TP": 262066,
        "TN": 557145,
        "FP": 319895,
        "FN": 108634
    },
    "files": {
        "checkpointFile": "../../../saved_models/decen/init-test-randpos/*",
        "dataFile": "../../../data/RandomPos_0709.csv"
    }
}