{
    "endIndex": 124774,
    "attack": "FastGradientMethod",
    "timeElapsedSec": 15.333061,
    "kwargs": {
        "eps": 0.1
    },
    "metrics": {
        "accuracy": 0.8279954157116066,
        "precision": 0.9984925425569289,
        "recall": 0.4216859994604802,
        "f1": 0.5929540734559179,
        "attackSuccessRate": 0.5783140005395199,
        "falsePositiveRate": 0.0002690869287603758,
        "TP": 156319,
        "TN": 876804,
        "FP": 236,
        "FN": 214381
    },
    "files": {
        "checkpointFile": "../../../saved_models/decen/init-test-randpos/*",
        "dataFile": "../../../data/RandomPos_0709.csv"
    }
}