{
    "endIndex": 124774,
    "attack": "FastGradientMethod",
    "timeElapsedSec": 17.138988,
    "kwargs": {
        "eps": 0.1
    },
    "metrics": {
        "accuracy": 0.7110151153285139,
        "precision": 0.5104773064151505,
        "recall": 0.6651820879417318,
        "f1": 0.577650911748721,
        "attackSuccessRate": 0.33481791205826816,
        "falsePositiveRate": 0.2696125604305391,
        "TP": 246583,
        "TN": 640579,
        "FP": 236461,
        "FN": 124117
    },
    "files": {
        "checkpointFile": "../../../saved_models/decen/init-test-randpos/*",
        "dataFile": "../../../data/RandomPos_0709.csv"
    }
}