{
    "endIndex": 124774,
    "attack": "FastGradientMethod",
    "timeElapsedSec": 16.749239,
    "kwargs": {
        "eps": 0.1
    },
    "metrics": {
        "accuracy": 0.2702486094859506,
        "precision": 0.26112766996821174,
        "recall": 0.7959751820879417,
        "f1": 0.3932467767859285,
        "attackSuccessRate": 0.20402481791205826,
        "falsePositiveRate": 0.9519611420231688,
        "TP": 295068,
        "TN": 42132,
        "FP": 834908,
        "FN": 75632
    },
    "files": {
        "checkpointFile": "../../../saved_models/decen/init-test-randpos/*",
        "dataFile": "../../../data/RandomPos_0709.csv"
    }
}