{
    "endIndex": 124774,
    "attack": "FastGradientMethod",
    "timeElapsedSec": 16.578582,
    "kwargs": {
        "eps": 0.1
    },
    "metrics": {
        "accuracy": 0.8885865645086316,
        "precision": 0.9237742309563615,
        "recall": 0.6812031292149987,
        "f1": 0.7841579731049485,
        "attackSuccessRate": 0.31879687078500135,
        "falsePositiveRate": 0.02375832345160996,
        "TP": 252522,
        "TN": 856203,
        "FP": 20837,
        "FN": 118178
    },
    "files": {
        "checkpointFile": "../../../saved_models/decen/init-test-randpos/*",
        "dataFile": "../../../data/RandomPos_0709.csv"
    }
}