{
    "endIndex": 124774,
    "attack": "FastGradientMethod",
    "timeElapsedSec": 17.086115,
    "kwargs": {
        "eps": 0.1
    },
    "metrics": {
        "accuracy": 0.4012222097552375,
        "precision": 0.3104345382521174,
        "recall": 0.8314378203398974,
        "f1": 0.45207682610133715,
        "attackSuccessRate": 0.1685621796601025,
        "falsePositiveRate": 0.7806177597372982,
        "TP": 308214,
        "TN": 192407,
        "FP": 684633,
        "FN": 62486
    },
    "files": {
        "checkpointFile": "../../../saved_models/decen/init-test-randpos/*",
        "dataFile": "../../../data/RandomPos_0709.csv"
    }
}