{
    "endIndex": 124774,
    "attack": "FastGradientMethod",
    "timeElapsedSec": 16.400805,
    "kwargs": {
        "eps": 0.1
    },
    "metrics": {
        "accuracy": 0.6087373972141632,
        "precision": 0.4148584331412538,
        "recall": 0.7721850553007823,
        "f1": 0.5397400942026526,
        "attackSuccessRate": 0.2278149446992177,
        "falsePositiveRate": 0.460347304569917,
        "TP": 286249,
        "TN": 473297,
        "FP": 403743,
        "FN": 84451
    },
    "files": {
        "checkpointFile": "../../../saved_models/decen/init-test-randpos/*",
        "dataFile": "../../../data/RandomPos_0709.csv"
    }
}