{
    "endIndex": 124774,
    "attack": "FastGradientMethod",
    "timeElapsedSec": 14.811727,
    "kwargs": {
        "eps": 0.1
    },
    "metrics": {
        "accuracy": 0.8741965473576225,
        "precision": 0.9908503816934143,
        "recall": 0.581931480981926,
        "f1": 0.7332320441050009,
        "attackSuccessRate": 0.4180685190180739,
        "falsePositiveRate": 0.0022712761105536804,
        "TP": 215722,
        "TN": 875048,
        "FP": 1992,
        "FN": 154978
    },
    "files": {
        "checkpointFile": "../../../saved_models/decen/init-test-randpos/*",
        "dataFile": "../../../data/RandomPos_0709.csv"
    }
}