{
    "endIndex": 124774,
    "attack": "FastGradientMethod",
    "timeElapsedSec": 16.786121,
    "kwargs": {
        "eps": 0.1
    },
    "metrics": {
        "accuracy": 0.8543823232404186,
        "precision": 0.9879690396402072,
        "recall": 0.5161505260318316,
        "f1": 0.6780587808996629,
        "attackSuccessRate": 0.48384947396816835,
        "falsePositiveRate": 0.0026566633220833713,
        "TP": 191337,
        "TN": 874710,
        "FP": 2330,
        "FN": 179363
    },
    "files": {
        "checkpointFile": "../../../saved_models/decen/init-test-randpos/*",
        "dataFile": "../../../data/RandomPos_0709.csv"
    }
}