{
    "endIndex": 124774,
    "attack": "FastGradientMethod",
    "timeElapsedSec": 16.588771,
    "kwargs": {
        "eps": 0.1
    },
    "metrics": {
        "accuracy": 0.7063466747880167,
        "precision": 0.503787284524928,
        "recall": 0.7709603452926895,
        "f1": 0.6093755497109253,
        "attackSuccessRate": 0.2290396547073105,
        "falsePositiveRate": 0.3209636960685944,
        "TP": 285795,
        "TN": 595542,
        "FP": 281498,
        "FN": 84905
    },
    "files": {
        "checkpointFile": "../../../saved_models/decen/init-test-randpos/*",
        "dataFile": "../../../data/RandomPos_0709.csv"
    }
}