{
    "endIndex": 124774,
    "attack": "FastGradientMethod",
    "timeElapsedSec": 16.997422,
    "kwargs": {
        "eps": 0.1
    },
    "metrics": {
        "accuracy": 0.8214820395274657,
        "precision": 0.9989276609520212,
        "recall": 0.3995548961424332,
        "f1": 0.5707993078651338,
        "attackSuccessRate": 0.6004451038575668,
        "falsePositiveRate": 0.0001812916172580498,
        "TP": 148115,
        "TN": 876881,
        "FP": 159,
        "FN": 222585
    },
    "files": {
        "checkpointFile": "../../../saved_models/decen/init-test-randpos/*",
        "dataFile": "../../../data/RandomPos_0709.csv"
    }
}