{
    "endIndex": 124774,
    "attack": "FastGradientMethod",
    "timeElapsedSec": 17.649607,
    "kwargs": {
        "eps": 0.1
    },
    "metrics": {
        "accuracy": 0.8599612098674403,
        "precision": 0.812090712192636,
        "recall": 0.6877906663069868,
        "f1": 0.7447901148015073,
        "attackSuccessRate": 0.31220933369301324,
        "falsePositiveRate": 0.06726717139469124,
        "TP": 254964,
        "TN": 818044,
        "FP": 58996,
        "FN": 115736
    },
    "files": {
        "checkpointFile": "../../../saved_models/decen/init-test-randpos/*",
        "dataFile": "../../../data/RandomPos_0709.csv"
    }
}