{
    "endIndex": 124774,
    "attack": "FastGradientMethod",
    "timeElapsedSec": 16.504175,
    "kwargs": {
        "eps": 0.1
    },
    "metrics": {
        "accuracy": 0.7029092599419751,
        "precision": 1.0,
        "recall": 2.158079309414621e-05,
        "f1": 4.3160654747132515e-05,
        "attackSuccessRate": 0.9999784192069059,
        "falsePositiveRate": 0.0,
        "TP": 8,
        "TN": 877040,
        "FP": 0,
        "FN": 370692
    },
    "files": {
        "checkpointFile": "../../../saved_models/decen/init-test-randpos/*",
        "dataFile": "../../../data/RandomPos_0709.csv"
    }
}