{
    "endIndex": 124774,
    "attack": "FastGradientMethod",
    "timeElapsedSec": 17.570182,
    "kwargs": {
        "eps": 0.1
    },
    "metrics": {
        "accuracy": 0.5965810184814144,
        "precision": 0.40937645162171765,
        "recall": 0.8083059077421095,
        "f1": 0.5434937967060872,
        "attackSuccessRate": 0.19169409225789047,
        "falsePositiveRate": 0.49290910334762383,
        "TP": 299639,
        "TN": 444739,
        "FP": 432301,
        "FN": 71061
    },
    "files": {
        "checkpointFile": "../../../saved_models/decen/init-test-randpos/*",
        "dataFile": "../../../data/RandomPos_0709.csv"
    }
}