{
    "endIndex": 124774,
    "attack": "FastGradientMethod",
    "timeElapsedSec": 17.072161,
    "kwargs": {
        "eps": 0.1
    },
    "metrics": {
        "accuracy": 0.7865404651610111,
        "precision": 0.6186193695639325,
        "recall": 0.7340760722956569,
        "f1": 0.6714204291709949,
        "attackSuccessRate": 0.26592392770434314,
        "falsePositiveRate": 0.19128431998540546,
        "TP": 272122,
        "TN": 709276,
        "FP": 167764,
        "FN": 98578
    },
    "files": {
        "checkpointFile": "../../../saved_models/decen/init-test-randpos/*",
        "dataFile": "../../../data/RandomPos_0709.csv"
    }
}