{
    "endIndex": 124774,
    "attack": "FastGradientMethod",
    "timeElapsedSec": 16.867161,
    "kwargs": {
        "eps": 0.1
    },
    "metrics": {
        "accuracy": 0.5595821244810617,
        "precision": 0.38154594965535604,
        "recall": 0.7769220393849474,
        "f1": 0.5117646065833464,
        "attackSuccessRate": 0.2230779606150526,
        "falsePositiveRate": 0.5322813098604396,
        "TP": 288005,
        "TN": 410208,
        "FP": 466832,
        "FN": 82695
    },
    "files": {
        "checkpointFile": "../../../saved_models/decen/init-test-randpos/*",
        "dataFile": "../../../data/RandomPos_0709.csv"
    }
}