{
    "endIndex": 124774,
    "attack": "FastGradientMethod",
    "timeElapsedSec": 16.621543,
    "kwargs": {
        "eps": 0.1
    },
    "metrics": {
        "accuracy": 0.599883789892125,
        "precision": 0.4135797240005002,
        "recall": 0.8297221472889129,
        "f1": 0.5520079468986367,
        "attackSuccessRate": 0.17027785271108714,
        "falsePositiveRate": 0.4972623825595184,
        "TP": 307578,
        "TN": 440921,
        "FP": 436119,
        "FN": 63122
    },
    "files": {
        "checkpointFile": "../../../saved_models/decen/init-test-randpos/*",
        "dataFile": "../../../data/RandomPos_0709.csv"
    }
}