{
    "endIndex": 124774,
    "attack": "FastGradientMethod",
    "timeElapsedSec": 16.722509,
    "kwargs": {
        "eps": 0.1
    },
    "metrics": {
        "accuracy": 0.8866566752688861,
        "precision": 0.9222303660679099,
        "recall": 0.6754572430536823,
        "f1": 0.7797859568643756,
        "attackSuccessRate": 0.3245427569463178,
        "falsePositiveRate": 0.024075298732098876,
        "TP": 250392,
        "TN": 855925,
        "FP": 21115,
        "FN": 120308
    },
    "files": {
        "checkpointFile": "../../../saved_models/decen/init-test-randpos/*",
        "dataFile": "../../../data/RandomPos_0709.csv"
    }
}