{
    "endIndex": 124774,
    "attack": "FastGradientMethod",
    "timeElapsedSec": 16.623874,
    "kwargs": {
        "eps": 0.1
    },
    "metrics": {
        "accuracy": 0.4015508038533669,
        "precision": 0.30532052483501826,
        "recall": 0.7953925006743998,
        "f1": 0.4412588024809696,
        "attackSuccessRate": 0.2046074993256002,
        "falsePositiveRate": 0.7649149411657393,
        "TP": 294852,
        "TN": 206179,
        "FP": 670861,
        "FN": 75848
    },
    "files": {
        "checkpointFile": "../../../saved_models/decen/init-test-randpos/*",
        "dataFile": "../../../data/RandomPos_0709.csv"
    }
}