{
    "endIndex": 124774,
    "attack": "FastGradientMethod",
    "timeElapsedSec": 16.551522,
    "kwargs": {
        "eps": 0.1
    },
    "metrics": {
        "accuracy": 0.7039439306265728,
        "precision": 0.5011128797627227,
        "recall": 0.7889398435392501,
        "f1": 0.6129174564952463,
        "attackSuccessRate": 0.21106015646074994,
        "falsePositiveRate": 0.3319814375627109,
        "TP": 292460,
        "TN": 585879,
        "FP": 291161,
        "FN": 78240
    },
    "files": {
        "checkpointFile": "../../../saved_models/decen/init-test-randpos/*",
        "dataFile": "../../../data/RandomPos_0709.csv"
    }
}