{
    "endIndex": 124774,
    "attack": "FastGradientMethod",
    "timeElapsedSec": 16.603826,
    "kwargs": {
        "eps": 0.1
    },
    "metrics": {
        "accuracy": 0.8895218555147707,
        "precision": 0.9690738263686323,
        "recall": 0.6488481251685999,
        "f1": 0.7772707883613613,
        "attackSuccessRate": 0.35115187483140003,
        "falsePositiveRate": 0.00875216637781629,
        "TP": 240528,
        "TN": 869364,
        "FP": 7676,
        "FN": 130172
    },
    "files": {
        "checkpointFile": "../../../saved_models/decen/init-test-randpos/*",
        "dataFile": "../../../data/RandomPos_0709.csv"
    }
}