{
    "endIndex": 124774,
    "attack": "FastGradientMethod",
    "timeElapsedSec": 17.247527,
    "kwargs": {
        "eps": 0.1
    },
    "metrics": {
        "accuracy": 0.7947553176142466,
        "precision": 0.6537083232745903,
        "recall": 0.6574291880226598,
        "f1": 0.6555634759451789,
        "attackSuccessRate": 0.3425708119773402,
        "falsePositiveRate": 0.14720081182158168,
        "TP": 243709,
        "TN": 747939,
        "FP": 129101,
        "FN": 126991
    },
    "files": {
        "checkpointFile": "../../../saved_models/decen/init-test-randpos/*",
        "dataFile": "../../../data/RandomPos_0709.csv"
    }
}