{
    "endIndex": 124774,
    "attack": "FastGradientMethod",
    "timeElapsedSec": 16.890144,
    "kwargs": {
        "eps": 0.1
    },
    "metrics": {
        "accuracy": 0.876084761248337,
        "precision": 0.9968910677986369,
        "recall": 0.5847369840841651,
        "f1": 0.7371127184436306,
        "attackSuccessRate": 0.4152630159158349,
        "falsePositiveRate": 0.0007707744230593816,
        "TP": 216762,
        "TN": 876364,
        "FP": 676,
        "FN": 153938
    },
    "files": {
        "checkpointFile": "../../../saved_models/decen/init-test-randpos/*",
        "dataFile": "../../../data/RandomPos_0709.csv"
    }
}