{
    "endIndex": 124774,
    "attack": "FastGradientMethod",
    "timeElapsedSec": 17.093232,
    "kwargs": {
        "eps": 0.1
    },
    "metrics": {
        "accuracy": 0.8652780226649783,
        "precision": 0.9926324696545284,
        "recall": 0.5506258429997303,
        "f1": 0.7083313090371522,
        "attackSuccessRate": 0.4493741570002698,
        "falsePositiveRate": 0.0017274012587795312,
        "TP": 204117,
        "TN": 875525,
        "FP": 1515,
        "FN": 166583
    },
    "files": {
        "checkpointFile": "../../../saved_models/decen/init-test-randpos/*",
        "dataFile": "../../../data/RandomPos_0709.csv"
    }
}