{
    "endIndex": 124774,
    "attack": "FastGradientMethod",
    "timeElapsedSec": 17.234454,
    "kwargs": {
        "eps": 0.1
    },
    "metrics": {
        "accuracy": 0.3104973792617052,
        "precision": 0.2897695459963383,
        "recall": 0.910256271917993,
        "f1": 0.4395981198344954,
        "attackSuccessRate": 0.08974372808200701,
        "falsePositiveRate": 0.9430037398522302,
        "TP": 337432,
        "TN": 49988,
        "FP": 827052,
        "FN": 33268
    },
    "files": {
        "checkpointFile": "../../../saved_models/decen/init-test-randpos/*",
        "dataFile": "../../../data/RandomPos_0709.csv"
    }
}