{
    "endIndex": 124774,
    "attack": "FastGradientMethod",
    "timeElapsedSec": 16.950935,
    "kwargs": {
        "eps": 0.1
    },
    "metrics": {
        "accuracy": 0.8616843252600702,
        "precision": 0.855391558916809,
        "recall": 0.6431750741839762,
        "f1": 0.7342570122815013,
        "attackSuccessRate": 0.35682492581602376,
        "falsePositiveRate": 0.045957995074340965,
        "TP": 238425,
        "TN": 836733,
        "FP": 40307,
        "FN": 132275
    },
    "files": {
        "checkpointFile": "../../../saved_models/decen/init-test-randpos/*",
        "dataFile": "../../../data/RandomPos_0709.csv"
    }
}