{
    "endIndex": 124774,
    "attack": "FastGradientMethod",
    "timeElapsedSec": 16.437245,
    "kwargs": {
        "eps": 0.1
    },
    "metrics": {
        "accuracy": 0.8612106688893519,
        "precision": 0.9955196098598686,
        "recall": 0.5352576207175613,
        "f1": 0.6961946481922341,
        "attackSuccessRate": 0.4647423792824386,
        "falsePositiveRate": 0.0010181975736568457,
        "TP": 198420,
        "TN": 876147,
        "FP": 893,
        "FN": 172280
    },
    "files": {
        "checkpointFile": "../../../saved_models/decen/init-test-randpos/*",
        "dataFile": "../../../data/RandomPos_0709.csv"
    }
}