{
    "endIndex": 124774,
    "attack": "FastGradientMethod",
    "timeElapsedSec": 16.981025,
    "kwargs": {
        "eps": 0.1
    },
    "metrics": {
        "accuracy": 0.8593168448554988,
        "precision": 0.9331625813439395,
        "recall": 0.5670919881305638,
        "f1": 0.7054656379933487,
        "attackSuccessRate": 0.4329080118694362,
        "falsePositiveRate": 0.017167974094682112,
        "TP": 210221,
        "TN": 861983,
        "FP": 15057,
        "FN": 160479
    },
    "files": {
        "checkpointFile": "../../../saved_models/decen/init-test-randpos/*",
        "dataFile": "../../../data/RandomPos_0709.csv"
    }
}