{
    "endIndex": 124774,
    "attack": "FastGradientMethod",
    "timeElapsedSec": 18.94051,
    "kwargs": {
        "eps": 0.1
    },
    "metrics": {
        "accuracy": 0.6995287479763412,
        "precision": 0.49638538493504,
        "recall": 0.7798057728621527,
        "f1": 0.6066241508911314,
        "attackSuccessRate": 0.2201942271378473,
        "falsePositiveRate": 0.33440207972270364,
        "TP": 289074,
        "TN": 583756,
        "FP": 293284,
        "FN": 81626
    },
    "files": {
        "checkpointFile": "../../../saved_models/decen/init-test-randpos/*",
        "dataFile": "../../../data/RandomPos_0709.csv"
    }
}