{
    "endIndex": 124774,
    "attack": "FastGradientMethod",
    "timeElapsedSec": 17.379135,
    "kwargs": {
        "eps": 0.1
    },
    "metrics": {
        "accuracy": 0.6879261705162935,
        "precision": 0.48155496200837417,
        "recall": 0.6580415430267063,
        "f1": 0.5561322254887098,
        "attackSuccessRate": 0.34195845697329375,
        "falsePositiveRate": 0.2994424427620177,
        "TP": 243936,
        "TN": 614417,
        "FP": 262623,
        "FN": 126764
    },
    "files": {
        "checkpointFile": "../../../saved_models/decen/init-test-randpos/*",
        "dataFile": "../../../data/RandomPos_0709.csv"
    }
}