{
    "endIndex": 124774,
    "attack": "FastGradientMethod",
    "timeElapsedSec": 16.548082,
    "kwargs": {
        "eps": 0.1
    },
    "metrics": {
        "accuracy": 0.867663134947986,
        "precision": 0.9889638375400774,
        "recall": 0.5608254653358511,
        "f1": 0.715756784950716,
        "attackSuccessRate": 0.4391745346641489,
        "falsePositiveRate": 0.002645261333576576,
        "TP": 207898,
        "TN": 874720,
        "FP": 2320,
        "FN": 162802
    },
    "files": {
        "checkpointFile": "../../../saved_models/decen/init-test-randpos/*",
        "dataFile": "../../../data/RandomPos_0709.csv"
    }
}