{
    "endIndex": 124774,
    "attack": "FastGradientMethod",
    "timeElapsedSec": 16.5748,
    "kwargs": {
        "eps": 0.1
    },
    "metrics": {
        "accuracy": 0.8809992466379214,
        "precision": 0.9891738870104255,
        "recall": 0.606088481251686,
        "f1": 0.7516342274469922,
        "attackSuccessRate": 0.393911518748314,
        "falsePositiveRate": 0.0028037489738210342,
        "TP": 224677,
        "TN": 874581,
        "FP": 2459,
        "FN": 146023
    },
    "files": {
        "checkpointFile": "../../../saved_models/decen/init-test-randpos/*",
        "dataFile": "../../../data/RandomPos_0709.csv"
    }
}