{
    "endIndex": 124774,
    "attack": "FastGradientMethod",
    "timeElapsedSec": 16.698879,
    "kwargs": {
        "eps": 0.1
    },
    "metrics": {
        "accuracy": 0.8471732893070671,
        "precision": 0.7637507545699098,
        "recall": 0.7030833558133261,
        "f1": 0.7321624711708904,
        "attackSuccessRate": 0.29691664418667385,
        "falsePositiveRate": 0.09192397154063668,
        "TP": 260633,
        "TN": 796419,
        "FP": 80621,
        "FN": 110067
    },
    "files": {
        "checkpointFile": "../../../saved_models/decen/init-test-randpos/*",
        "dataFile": "../../../data/RandomPos_0709.csv"
    }
}