{
    "endIndex": 124774,
    "attack": "FastGradientMethod",
    "timeElapsedSec": 17.075378,
    "kwargs": {
        "eps": 0.1
    },
    "metrics": {
        "accuracy": 0.5807035119496049,
        "precision": 0.3950495935462999,
        "recall": 0.7741192338818451,
        "f1": 0.5231331549851655,
        "attackSuccessRate": 0.22588076611815483,
        "falsePositiveRate": 0.5010478427437746,
        "TP": 286966,
        "TN": 437601,
        "FP": 439439,
        "FN": 83734
    },
    "files": {
        "checkpointFile": "../../../saved_models/decen/init-test-randpos/*",
        "dataFile": "../../../data/RandomPos_0709.csv"
    }
}