{
    "endIndex": 124774,
    "attack": "FastGradientMethod",
    "timeElapsedSec": 16.765231,
    "kwargs": {
        "eps": 0.1
    },
    "metrics": {
        "accuracy": 0.7087774696651546,
        "precision": 0.5077568107549821,
        "recall": 0.6471783113029403,
        "f1": 0.5690522161131326,
        "attackSuccessRate": 0.3528216886970596,
        "falsePositiveRate": 0.26518630849220104,
        "TP": 239909,
        "TN": 644461,
        "FP": 232579,
        "FN": 130791
    },
    "files": {
        "checkpointFile": "../../../saved_models/decen/init-test-randpos/*",
        "dataFile": "../../../data/RandomPos_0709.csv"
    }
}