{
    "endIndex": 124774,
    "attack": "FastGradientMethod",
    "timeElapsedSec": 16.972367,
    "kwargs": {
        "eps": 0.1
    },
    "metrics": {
        "accuracy": 0.7483914918172055,
        "precision": 0.5582620942244997,
        "recall": 0.7335446452657135,
        "f1": 0.6340115086174736,
        "attackSuccessRate": 0.2664553547342865,
        "falsePositiveRate": 0.24533316610416855,
        "TP": 271925,
        "TN": 661873,
        "FP": 215167,
        "FN": 98775
    },
    "files": {
        "checkpointFile": "../../../saved_models/decen/init-test-randpos/*",
        "dataFile": "../../../data/RandomPos_0709.csv"
    }
}