{
    "endIndex": 124774,
    "attack": "FastGradientMethod",
    "timeElapsedSec": 16.906158,
    "kwargs": {
        "eps": 0.1
    },
    "metrics": {
        "accuracy": 0.7180245884559283,
        "precision": 0.5161303559826284,
        "recall": 0.8143080658214189,
        "f1": 0.6318054334631003,
        "attackSuccessRate": 0.18569193417858107,
        "falsePositiveRate": 0.32267171394691235,
        "TP": 301864,
        "TN": 594044,
        "FP": 282996,
        "FN": 68836
    },
    "files": {
        "checkpointFile": "../../../saved_models/decen/init-test-randpos/*",
        "dataFile": "../../../data/RandomPos_0709.csv"
    }
}