{
    "endIndex": 124774,
    "attack": "FastGradientMethod",
    "timeElapsedSec": 17.065694,
    "kwargs": {
        "eps": 0.1
    },
    "metrics": {
        "accuracy": 0.5354729350666004,
        "precision": 0.37019174010138156,
        "recall": 0.8035797140544915,
        "f1": 0.5068764819637513,
        "attackSuccessRate": 0.1964202859455085,
        "falsePositiveRate": 0.5778482167289976,
        "TP": 297887,
        "TN": 370244,
        "FP": 506796,
        "FN": 72813
    },
    "files": {
        "checkpointFile": "../../../saved_models/decen/init-test-randpos/*",
        "dataFile": "../../../data/RandomPos_0709.csv"
    }
}