{
    "endIndex": 124774,
    "attack": "FastGradientMethod",
    "timeElapsedSec": 16.975023,
    "kwargs": {
        "eps": 0.1
    },
    "metrics": {
        "accuracy": 0.8708865629057335,
        "precision": 0.9896281068959073,
        "recall": 0.5714054491502563,
        "f1": 0.7244929370318433,
        "attackSuccessRate": 0.42859455084974374,
        "falsePositiveRate": 0.00253124144850862,
        "TP": 211820,
        "TN": 874820,
        "FP": 2220,
        "FN": 158880
    },
    "files": {
        "checkpointFile": "../../../saved_models/decen/init-test-randpos/*",
        "dataFile": "../../../data/RandomPos_0709.csv"
    }
}