{
    "endIndex": 124774,
    "attack": "FastGradientMethod",
    "timeElapsedSec": 14.936855,
    "kwargs": {
        "eps": 0.1
    },
    "metrics": {
        "accuracy": 0.8584144132591726,
        "precision": 0.8628370544896967,
        "recall": 0.6223738872403561,
        "f1": 0.723139369054522,
        "attackSuccessRate": 0.3776261127596439,
        "falsePositiveRate": 0.04181793304752349,
        "TP": 230714,
        "TN": 840364,
        "FP": 36676,
        "FN": 139986
    },
    "files": {
        "checkpointFile": "../../../saved_models/decen/init-test-randpos/*",
        "dataFile": "../../../data/RandomPos_0709.csv"
    }
}