{
    "endIndex": 124774,
    "attack": "FastGradientMethod",
    "timeElapsedSec": 16.762609,
    "kwargs": {
        "eps": 0.1
    },
    "metrics": {
        "accuracy": 0.5490198278487506,
        "precision": 0.3747521213196539,
        "recall": 0.7748826544375506,
        "f1": 0.5051846458507004,
        "attackSuccessRate": 0.22511734556244942,
        "falsePositiveRate": 0.5464460001824318,
        "TP": 287249,
        "TN": 397785,
        "FP": 479255,
        "FN": 83451
    },
    "files": {
        "checkpointFile": "../../../saved_models/decen/init-test-randpos/*",
        "dataFile": "../../../data/RandomPos_0709.csv"
    }
}