{
    "endIndex": 124774,
    "attack": "FastGradientMethod",
    "timeElapsedSec": 16.397279,
    "kwargs": {
        "eps": 0.1
    },
    "metrics": {
        "accuracy": 0.8344142209114078,
        "precision": 0.7573846810219345,
        "recall": 0.6512813595899649,
        "f1": 0.7003370714812,
        "attackSuccessRate": 0.3487186404100351,
        "falsePositiveRate": 0.0881806987138557,
        "TP": 241430,
        "TN": 799702,
        "FP": 77338,
        "FN": 129270
    },
    "files": {
        "checkpointFile": "../../../saved_models/decen/init-test-randpos/*",
        "dataFile": "../../../data/RandomPos_0709.csv"
    }
}