{
    "endIndex": 124774,
    "attack": "FastGradientMethod",
    "timeElapsedSec": 16.885537,
    "kwargs": {
        "eps": 0.1
    },
    "metrics": {
        "accuracy": 0.8807556061358937,
        "precision": 0.9656345995669179,
        "recall": 0.6207256541677907,
        "f1": 0.7556848037412642,
        "attackSuccessRate": 0.3792743458322093,
        "falsePositiveRate": 0.009337088388214905,
        "TP": 230103,
        "TN": 868851,
        "FP": 8189,
        "FN": 140597
    },
    "files": {
        "checkpointFile": "../../../saved_models/decen/init-test-randpos/*",
        "dataFile": "../../../data/RandomPos_0709.csv"
    }
}