{
    "endIndex": 124774,
    "attack": "FastGradientMethod",
    "timeElapsedSec": 16.521481,
    "kwargs": {
        "eps": 0.1
    },
    "metrics": {
        "accuracy": 0.8238527257281164,
        "precision": 0.715435084253142,
        "recall": 0.6759751820879417,
        "f1": 0.695145598748325,
        "attackSuccessRate": 0.3240248179120583,
        "falsePositiveRate": 0.1136436194472316,
        "TP": 250584,
        "TN": 777370,
        "FP": 99670,
        "FN": 120116
    },
    "files": {
        "checkpointFile": "../../../saved_models/decen/init-test-randpos/*",
        "dataFile": "../../../data/RandomPos_0709.csv"
    }
}