{
    "endIndex": 124774,
    "attack": "FastGradientMethod",
    "timeElapsedSec": 17.12508,
    "kwargs": {
        "eps": 0.1
    },
    "metrics": {
        "accuracy": 0.8843132383349095,
        "precision": 0.9226836273188003,
        "recall": 0.6664553547342865,
        "f1": 0.7739127302230222,
        "attackSuccessRate": 0.33354464526571354,
        "falsePositiveRate": 0.02360439660676822,
        "TP": 247055,
        "TN": 856338,
        "FP": 20702,
        "FN": 123645
    },
    "files": {
        "checkpointFile": "../../../saved_models/decen/init-test-randpos/*",
        "dataFile": "../../../data/RandomPos_0709.csv"
    }
}