{
    "endIndex": 124774,
    "attack": "FastGradientMethod",
    "timeElapsedSec": 16.608729,
    "kwargs": {
        "eps": 0.1
    },
    "metrics": {
        "accuracy": 0.7529589497812044,
        "precision": 0.9999519715671678,
        "recall": 0.16849204208254653,
        "f1": 0.2883902826418692,
        "attackSuccessRate": 0.8315079579174535,
        "falsePositiveRate": 3.4205965520386756e-06,
        "TP": 62460,
        "TN": 877037,
        "FP": 3,
        "FN": 308240
    },
    "files": {
        "checkpointFile": "../../../saved_models/decen/init-test-randpos/*",
        "dataFile": "../../../data/RandomPos_0709.csv"
    }
}