{
    "endIndex": 124774,
    "attack": "FastGradientMethod",
    "timeElapsedSec": 17.187397,
    "kwargs": {
        "eps": 0.1
    },
    "metrics": {
        "accuracy": 0.8154302979787456,
        "precision": 0.7544942740827476,
        "recall": 0.5614459131373079,
        "f1": 0.6438100010672013,
        "attackSuccessRate": 0.4385540868626922,
        "falsePositiveRate": 0.07721768676457175,
        "TP": 208128,
        "TN": 809317,
        "FP": 67723,
        "FN": 162572
    },
    "files": {
        "checkpointFile": "../../../saved_models/decen/init-test-randpos/*",
        "dataFile": "../../../data/RandomPos_0709.csv"
    }
}