{
    "endIndex": 124774,
    "attack": "FastGradientMethod",
    "timeElapsedSec": 16.62006,
    "kwargs": {
        "eps": 0.1
    },
    "metrics": {
        "accuracy": 0.655893856091814,
        "precision": 0.4506281849050442,
        "recall": 0.7220906393309954,
        "f1": 0.5549401739170094,
        "attackSuccessRate": 0.27790936066900457,
        "falsePositiveRate": 0.37208565173766306,
        "TP": 267679,
        "TN": 550706,
        "FP": 326334,
        "FN": 103021
    },
    "files": {
        "checkpointFile": "../../../saved_models/decen/init-test-randpos/*",
        "dataFile": "../../../data/RandomPos_0709.csv"
    }
}