{
    "endIndex": 124774,
    "attack": "FastGradientMethod",
    "timeElapsedSec": 16.526028,
    "kwargs": {
        "eps": 0.1
    },
    "metrics": {
        "accuracy": 0.8645831663647875,
        "precision": 0.9958851378257599,
        "recall": 0.5464580523334233,
        "f1": 0.7056917763003192,
        "attackSuccessRate": 0.45354194766657674,
        "falsePositiveRate": 0.0009543464380187905,
        "TP": 202572,
        "TN": 876203,
        "FP": 837,
        "FN": 168128
    },
    "files": {
        "checkpointFile": "../../../saved_models/decen/init-test-randpos/*",
        "dataFile": "../../../data/RandomPos_0709.csv"
    }
}