{
    "endIndex": 124774,
    "attack": "FastGradientMethod",
    "timeElapsedSec": 17.402911,
    "kwargs": {
        "eps": 0.1
    },
    "metrics": {
        "accuracy": 0.8279040505233463,
        "precision": 0.9964351418622565,
        "recall": 0.4222524952792015,
        "f1": 0.5931499140755112,
        "attackSuccessRate": 0.5777475047207985,
        "falsePositiveRate": 0.0006385113563805528,
        "TP": 156529,
        "TN": 876480,
        "FP": 560,
        "FN": 214171
    },
    "files": {
        "checkpointFile": "../../../saved_models/decen/init-test-randpos/*",
        "dataFile": "../../../data/RandomPos_0709.csv"
    }
}