{
    "endIndex": 124774,
    "attack": "FastGradientMethod",
    "timeElapsedSec": 16.981059,
    "kwargs": {
        "eps": 0.1
    },
    "metrics": {
        "accuracy": 0.8484043150015228,
        "precision": 0.9954642213852956,
        "recall": 0.49198543296466146,
        "f1": 0.6585149211965843,
        "attackSuccessRate": 0.5080145670353385,
        "falsePositiveRate": 0.0009475052449147131,
        "TP": 182379,
        "TN": 876209,
        "FP": 831,
        "FN": 188321
    },
    "files": {
        "checkpointFile": "../../../saved_models/decen/init-test-randpos/*",
        "dataFile": "../../../data/RandomPos_0709.csv"
    }
}