{
    "endIndex": 124774,
    "attack": "FastGradientMethod",
    "timeElapsedSec": 16.656829,
    "kwargs": {
        "eps": 0.1
    },
    "metrics": {
        "accuracy": 0.863942808597945,
        "precision": 0.8602914807855063,
        "recall": 0.6471378473158889,
        "f1": 0.7386444811192946,
        "attackSuccessRate": 0.35286215268411114,
        "falsePositiveRate": 0.04441986682477424,
        "TP": 239894,
        "TN": 838082,
        "FP": 38958,
        "FN": 130806
    },
    "files": {
        "checkpointFile": "../../../saved_models/decen/init-test-randpos/*",
        "dataFile": "../../../data/RandomPos_0709.csv"
    }
}