{
    "endIndex": 124774,
    "attack": "FastGradientMethod",
    "timeElapsedSec": 17.045497,
    "kwargs": {
        "eps": 0.1
    },
    "metrics": {
        "accuracy": 0.7789499414942216,
        "precision": 0.6074722108329614,
        "recall": 0.7234097653088751,
        "f1": 0.6603911351242199,
        "attackSuccessRate": 0.2765902346911249,
        "falsePositiveRate": 0.19757479704460457,
        "TP": 268168,
        "TN": 703759,
        "FP": 173281,
        "FN": 102532
    },
    "files": {
        "checkpointFile": "../../../saved_models/decen/init-test-randpos/*",
        "dataFile": "../../../data/RandomPos_0709.csv"
    }
}