{
    "endIndex": 124774,
    "attack": "FastGradientMethod",
    "timeElapsedSec": 18.080866,
    "kwargs": {
        "eps": 0.1
    },
    "metrics": {
        "accuracy": 0.7590211101671822,
        "precision": 0.5796426255985623,
        "recall": 0.687369840841651,
        "f1": 0.6289265020764042,
        "attackSuccessRate": 0.3126301591583491,
        "falsePositiveRate": 0.2106939250205236,
        "TP": 254808,
        "TN": 692253,
        "FP": 184787,
        "FN": 115892
    },
    "files": {
        "checkpointFile": "../../../saved_models/decen/init-test-randpos/*",
        "dataFile": "../../../data/RandomPos_0709.csv"
    }
}