{
    "endIndex": 124774,
    "attack": "FastGradientMethod",
    "timeElapsedSec": 17.64234,
    "kwargs": {
        "eps": 0.1
    },
    "metrics": {
        "accuracy": 0.8628336031545033,
        "precision": 0.8352170027482311,
        "recall": 0.6706204478014567,
        "f1": 0.7439230578173579,
        "attackSuccessRate": 0.3293795521985433,
        "falsePositiveRate": 0.055923333029280306,
        "TP": 248599,
        "TN": 827993,
        "FP": 49047,
        "FN": 122101
    },
    "files": {
        "checkpointFile": "../../../saved_models/decen/init-test-randpos/*",
        "dataFile": "../../../data/RandomPos_0709.csv"
    }
}