{
    "endIndex": 124774,
    "attack": "FastGradientMethod",
    "timeElapsedSec": 16.610189,
    "kwargs": {
        "eps": 0.1
    },
    "metrics": {
        "accuracy": 0.6811210668889351,
        "precision": 0.47785047399235875,
        "recall": 0.7908470461289452,
        "f1": 0.5957395357910693,
        "attackSuccessRate": 0.20915295387105476,
        "falsePositiveRate": 0.36525700082094315,
        "TP": 293167,
        "TN": 556695,
        "FP": 320345,
        "FN": 77533
    },
    "files": {
        "checkpointFile": "../../../saved_models/decen/init-test-randpos/*",
        "dataFile": "../../../data/RandomPos_0709.csv"
    }
}