{
    "endIndex": 124774,
    "attack": "FastGradientMethod",
    "timeElapsedSec": 17.490637,
    "kwargs": {
        "eps": 0.1
    },
    "metrics": {
        "accuracy": 0.8641519867921201,
        "precision": 0.9947037388554765,
        "recall": 0.5456541677906663,
        "f1": 0.7047248415210495,
        "attackSuccessRate": 0.45434583220933367,
        "falsePositiveRate": 0.0012279941621818845,
        "TP": 202274,
        "TN": 875963,
        "FP": 1077,
        "FN": 168426
    },
    "files": {
        "checkpointFile": "../../../saved_models/decen/init-test-randpos/*",
        "dataFile": "../../../data/RandomPos_0709.csv"
    }
}