{
    "endIndex": 124774,
    "attack": "FastGradientMethod",
    "timeElapsedSec": 17.023882,
    "kwargs": {
        "eps": 0.1
    },
    "metrics": {
        "accuracy": 0.8426018240979691,
        "precision": 0.9972840351477804,
        "recall": 0.47149716752090637,
        "f1": 0.6402813392922558,
        "attackSuccessRate": 0.5285028324790936,
        "falsePositiveRate": 0.0005427346529234699,
        "TP": 174784,
        "TN": 876564,
        "FP": 476,
        "FN": 195916
    },
    "files": {
        "checkpointFile": "../../../saved_models/decen/init-test-randpos/*",
        "dataFile": "../../../data/RandomPos_0709.csv"
    }
}