{
    "endIndex": 124774,
    "attack": "FastGradientMethod",
    "timeElapsedSec": 15.427917,
    "kwargs": {
        "eps": 0.1
    },
    "metrics": {
        "accuracy": 0.8097456200811066,
        "precision": 0.7084537346292891,
        "recall": 0.6111087132452118,
        "f1": 0.6561906196412847,
        "attackSuccessRate": 0.38889128675478823,
        "falsePositiveRate": 0.10629617805345253,
        "TP": 226538,
        "TN": 783814,
        "FP": 93226,
        "FN": 144162
    },
    "files": {
        "checkpointFile": "../../../saved_models/decen/init-test-randpos/*",
        "dataFile": "../../../data/RandomPos_0709.csv"
    }
}