{
    "endIndex": 124774,
    "attack": "FastGradientMethod",
    "timeElapsedSec": 14.883893,
    "kwargs": {
        "eps": 0.1
    },
    "metrics": {
        "accuracy": 0.85805376120025,
        "precision": 0.836557719054242,
        "recall": 0.6490261667116266,
        "f1": 0.7309554914172869,
        "attackSuccessRate": 0.35097383328837334,
        "falsePositiveRate": 0.05359618717504333,
        "TP": 240594,
        "TN": 830034,
        "FP": 47006,
        "FN": 130106
    },
    "files": {
        "checkpointFile": "../../../saved_models/decen/init-test-randpos/*",
        "dataFile": "../../../data/RandomPos_0709.csv"
    }
}