{
    "endIndex": 124774,
    "attack": "FastGradientMethod",
    "timeElapsedSec": 17.022524,
    "kwargs": {
        "eps": 0.1
    },
    "metrics": {
        "accuracy": 0.4481855194191097,
        "precision": 0.322162026659385,
        "recall": 0.7765686538980308,
        "f1": 0.4553999188463847,
        "attackSuccessRate": 0.22343134610196924,
        "falsePositiveRate": 0.6906127428623552,
        "TP": 287874,
        "TN": 271345,
        "FP": 605695,
        "FN": 82826
    },
    "files": {
        "checkpointFile": "../../../saved_models/decen/init-test-randpos/*",
        "dataFile": "../../../data/RandomPos_0709.csv"
    }
}