{
    "endIndex": 124774,
    "attack": "FastGradientMethod",
    "timeElapsedSec": 17.178487,
    "kwargs": {
        "eps": 0.1
    },
    "metrics": {
        "accuracy": 0.8725904435218875,
        "precision": 0.8763134695502567,
        "recall": 0.6650148367952522,
        "f1": 0.7561808299182842,
        "attackSuccessRate": 0.33498516320474775,
        "falsePositiveRate": 0.03967321900939524,
        "TP": 246521,
        "TN": 842245,
        "FP": 34795,
        "FN": 124179
    },
    "files": {
        "checkpointFile": "../../../saved_models/decen/init-test-randpos/*",
        "dataFile": "../../../data/RandomPos_0709.csv"
    }
}