{
    "endIndex": 124774,
    "attack": "FastGradientMethod",
    "timeElapsedSec": 16.820017,
    "kwargs": {
        "eps": 0.1
    },
    "metrics": {
        "accuracy": 0.5031873627518554,
        "precision": 0.36544174900401416,
        "recall": 0.9128324790936067,
        "f1": 0.5219335419193979,
        "attackSuccessRate": 0.0871675209063933,
        "falsePositiveRate": 0.669958040682295,
        "TP": 338387,
        "TN": 289460,
        "FP": 587580,
        "FN": 32313
    },
    "files": {
        "checkpointFile": "../../../saved_models/decen/init-test-randpos/*",
        "dataFile": "../../../data/RandomPos_0709.csv"
    }
}