{
    "endIndex": 124774,
    "attack": "FastGradientMethod",
    "timeElapsedSec": 55.013180159,
    "kwargs": {
        "eps": 0.04
    },
    "metrics": {
        "accuracy": 0.2129209610976646,
        "precision": 0.05135129581739674,
        "recall": 0.09438359859724844,
        "f1": 0.06651420185048942,
        "attackSuccessRate": 0.9056164014027516,
        "falsePositiveRate": 0.7369766487275381,
        "TP": 34988,
        "TN": 230682,
        "FP": 646358,
        "FN": 335712
    },
    "files": {
        "checkpointFile": "../../../saved_models/ConstantPos-final.ckpt",
        "dataFile": "../../../data/ConstPos_0709.csv"
    }
}