{
    "endIndex": 124774,
    "attack": "FastGradientMethod",
    "timeElapsedSec": 48.520512722,
    "kwargs": {
        "eps": 0.11
    },
    "metrics": {
        "accuracy": 0.16293458573100164,
        "precision": 0.03379040427805118,
        "recall": 0.06586458052333423,
        "f1": 0.044665920283332966,
        "attackSuccessRate": 0.9341354194766658,
        "falsePositiveRate": 0.7960366687950379,
        "TP": 24416,
        "TN": 178884,
        "FP": 698156,
        "FN": 346284
    },
    "files": {
        "checkpointFile": "../../../saved_models/ConstantPos-final.ckpt",
        "dataFile": "../../../data/ConstPos_0709.csv"
    }
}