epoch,step,trainLoss
16,49,1.4856010675430298
33,99,0.7310485243797302
49,149,0.11126617342233658
