epoch,step,trainLoss
24,49,0.40572816133499146
49,99,0.2848508656024933
74,149,0.343125581741333
74,149,0.18697933852672577
74,149,0.04202018305659294
74,149,0.15475967526435852
74,149,0.07215873152017593
74,149,0.054260630160570145
74,149,0.024831751361489296
74,149,0.19729091227054596
74,149,0.011048250831663609
74,149,0.21949557960033417
74,149,0.11351010203361511
74,149,0.08456732332706451
74,149,0.27125853300094604
74,149,0.10205317288637161
74,149,0.06311116367578506
74,149,0.01612767204642296
74,149,0.20754307508468628
74,149,0.17129436135292053
74,149,0.06783176958560944
74,149,0.06469111144542694
74,149,0.12494155019521713
