epoch,step,trainLoss
16,49,0.6931473016738892
33,99,0.6931473016738892
49,149,0.6931473612785339
66,199,0.6931473016738892
66,199,0.2921489179134369
66,199,0.3758924603462219
66,199,0.2787097096443176
66,199,0.39578408002853394
66,199,0.6928862929344177
66,199,0.41967087984085083
66,199,0.6894083023071289
66,199,0.6662637591362
66,199,0.5887495279312134
66,199,0.5976189970970154
66,199,0.5219181180000305
66,199,0.6906648874282837
66,199,0.05536084249615669
66,199,0.6931473016738892
66,199,0.6855774521827698
66,199,0.43430382013320923
66,199,0.6749211549758911
66,199,0.6939846277236938
66,199,0.43620023131370544
66,199,0.19989925622940063
