epoch,step,trainLoss
16,49,0.5079618692398071
33,99,0.31907033920288086
49,149,0.37589043378829956
66,199,0.5803114771842957
83,249,0.698403537273407
