epoch,step,trainLoss
16,49,0.5079618692398071
33,99,0.31907033920288086
49,149,0.37589043378829956
