epoch,step,trainLoss
24,49,1.240250825881958
49,99,1.285407304763794
74,149,0.229519322514534
99,199,0.344966858625412
