epoch,step,trainLoss
24,49,0.04108678176999092
49,99,0.004461504053324461
