epoch,step,trainLoss
12,49,0.23411579430103302
24,99,0.0356692373752594
37,149,0.012315227650105953
49,199,0.002718743635341525
62,249,0.026738543063402176
62,249,0.0008458219235762954
62,249,0.00737776467576623
62,249,0.007472333963960409
62,249,0.0022456725127995014
62,249,0.0022876891307532787
62,249,0.0014903099508956075
62,249,0.012365434318780899
62,249,0.0008430368034169078
62,249,0.007033958099782467
62,249,0.0009733295883052051
62,249,0.008543344214558601
62,249,0.0007397196022793651
62,249,0.0018761534010991454
62,249,0.005193761549890041
62,249,0.025263026356697083
62,249,0.002822787966579199
62,249,0.0383310541510582
62,249,0.01582506112754345
62,249,0.04162820056080818
62,249,0.003122746478766203
62,249,0.01182243786752224
