epoch,step,trainLoss
24,49,2.3238279819488525
49,99,0.16095420718193054
