epoch,step,trainLoss
49,49,0.9889554977416992
99,99,0.10801507532596588
149,149,0.060664642602205276
199,199,0.04857838153839111
249,249,0.07005712389945984
299,299,0.051506079733371735
349,349,0.0639861449599266
