epoch,step,trainLoss
24,49,2.49214243888855
49,99,0.898103654384613
74,149,0.5549510717391968
99,199,0.1275249421596527
124,249,0.016705669462680817
149,299,0.007208625320345163
174,349,0.01031628716737032
199,399,0.005878290627151728
224,449,0.005179786588996649
249,499,0.0025266576558351517
274,549,0.004470664542168379
299,599,0.001974041573703289
324,649,0.0027969360817223787
349,699,0.0017676225397735834
374,749,0.0024598322343081236
399,799,0.001679401844739914
