epoch,step,trainLoss
16,49,0.20659852027893066
33,99,0.027216020971536636
49,149,0.004812746774405241
