epoch,step,trainLoss
24,49,2.3369007110595703
49,99,0.24691756069660187
