epoch,step,trainLoss
16,49,0.6931473016738892
33,99,0.6931473016738892
49,149,0.6931473016738892
66,199,0.06156118959188461
83,249,0.3062892556190491
83,249,0.03489505499601364
83,249,0.12323492765426636
83,249,0.0929260328412056
83,249,0.14410671591758728
83,249,0.49754032492637634
83,249,0.17344613373279572
83,249,0.035577692091464996
83,249,0.046865351498126984
83,249,0.34932395815849304
83,249,0.03615188226103783
83,249,0.31391218304634094
83,249,0.2396697998046875
83,249,0.038462504744529724
83,249,0.10269545018672943
83,249,0.07184772193431854
83,249,0.09051726758480072
83,249,0.07652369141578674
83,249,0.06115978956222534
83,249,0.05858882516622543
