epoch,step,trainLoss
24,49,0.6416348814964294
49,99,0.022625666111707687
