epoch,step,trainLoss
16,49,0.16715732216835022
33,99,0.018558291718363762
49,149,0.005109809339046478
66,199,0.5188161134719849
83,249,0.6693669557571411
99,299,0.29761803150177
