epoch,step,trainLoss
16,49,0.16715732216835022
33,99,0.018558291718363762
49,149,0.005109809339046478
