epoch,step,trainLoss
49,49,0.6931473612785339
99,99,0.0025126286782324314
99,99,0.0025315810926258564
99,99,0.047656770795583725
