epoch,step,trainLoss
49,49,0.6655129790306091
99,99,0.043933819979429245
149,149,0.053905781358480453
199,199,0.03608151152729988
249,249,0.03743558004498482
299,299,0.02856355346739292
349,349,0.03063425049185753
