epoch,step,trainLoss
16,49,0.9862369298934937
33,99,0.7813766002655029
49,149,0.08629383146762848
