epoch,step,trainLoss
49,49,0.6931473016738892
99,99,0.06058793142437935
99,99,0.0019452351843938231
99,99,0.0665421336889267
99,99,0.00173831800930202
