epoch,step,trainLoss
16,49,2.122927665710449
33,99,0.7198604345321655
49,149,0.07748652994632721
