epoch,step,trainLoss
49,49,2.5108466148376465
99,99,0.7105634212493896
149,149,0.05252516642212868
199,199,0.049516621977090836
249,249,0.06409689784049988
299,299,0.042084068059921265
349,349,0.044804226607084274
399,399,0.05661524087190628
449,449,0.036821238696575165
499,499,0.0466122180223465
549,549,0.0639130249619484
599,599,0.03656500577926636
649,649,0.04767181724309921
699,699,0.06595997512340546
