epoch,step,trainLoss
49,49,2.5108466148376465
99,99,0.7105634212493896
