epoch,step,trainLoss
24,49,1.596334457397461
49,99,2.6858363151550293
74,149,2.881931781768799
99,199,2.946589946746826
124,249,1.4724757671356201
149,299,0.1577950417995453
174,349,0.18816015124320984
199,399,0.25000569224357605
224,449,0.4080601930618286
