{
    "eps": 0.21,
    "accuracy": 0.41585907320435345,
    "precision": 0.780926865442845,
    "recall": 0.41585907320435345,
    "f1": 0.35673437706425165
}