{
    "eps": 0.29,
    "accuracy": 0.41785788705980415,
    "precision": 0.7848981180558164,
    "recall": 0.41785788705980415,
    "f1": 0.3592692494972003
}