{
    "eps": 0.12,
    "accuracy": 0.4417659127702887,
    "precision": 0.7920889490020585,
    "recall": 0.4417659127702887,
    "f1": 0.39558147639846925
}