{
    "eps": 0.19,
    "accuracy": 0.42431596326157694,
    "precision": 0.7876113043624664,
    "recall": 0.42431596326157694,
    "f1": 0.3691345115170637
}