{
    "eps": 0.2,
    "accuracy": 0.416098706461282,
    "precision": 0.7806549567758273,
    "recall": 0.416098706461282,
    "f1": 0.3571710130738823
}