{
    "eps": 0.17,
    "accuracy": 0.4397422539952234,
    "precision": 0.7961601228183015,
    "recall": 0.4397422539952234,
    "f1": 0.3917497910223434
}