{
    "eps": 0.15,
    "accuracy": 0.4496930450254059,
    "precision": 0.7979714509260646,
    "recall": 0.4496930450254059,
    "f1": 0.4065857139577888
}