{
    "eps": 0.28,
    "accuracy": 0.41843973904819914,
    "precision": 0.7862077823376703,
    "recall": 0.41843973904819914,
    "f1": 0.3599784866219115
}