{
    "eps": 0.06,
    "accuracy": 0.7165923990574959,
    "precision": 0.850455733882572,
    "recall": 0.7165923990574959,
    "f1": 0.7268324136710413
}