{
    "eps": 0.27,
    "accuracy": 0.4184116883325052,
    "precision": 0.7868166699904777,
    "recall": 0.4184116883325052,
    "f1": 0.3598275161732238
}