epoch,step,trainLoss
24,49,1.9285013675689697
49,99,0.22835148870944977
