epoch,step,trainLoss
49,49,0.018758658319711685
99,99,0.0016220336547121406
99,99,0.04527080059051514
