epoch,step,trainLoss
24,49,1.9285013675689697
49,99,0.22835148870944977
74,149,0.019029313698410988
99,199,0.011648803018033504
124,249,0.003279462456703186
149,299,0.0032163700088858604
174,349,0.003209982765838504
199,399,0.0025745967868715525
224,449,0.002506873570382595
249,499,0.002219880698248744
274,549,0.0015366739826276898
299,599,0.0026576858945190907
324,649,0.002404205035418272
349,699,0.0017207921482622623
