epoch,step,trainLoss
49,49,2.698993682861328
99,99,0.6639898419380188
149,149,0.016000770032405853
199,199,0.014696484431624413
249,249,0.02241906337440014
299,299,0.007358298171311617
349,349,0.012056922540068626
399,399,0.019132675603032112
449,449,0.005294703412801027
499,499,0.008871663361787796
549,549,0.015861760824918747
599,599,0.0037101544439792633
649,649,0.007259848527610302
699,699,0.012546123005449772
749,749,0.002576874801889062
