epoch,step,trainLoss
49,49,2.570509195327759
99,99,1.3160130977630615
149,149,0.2907983958721161
