epoch,step,trainLoss
16,49,1.3265292644500732
33,99,0.7642236351966858
49,149,0.08336315304040909
