epoch,step,trainLoss
16,49,2.149352550506592
33,99,0.7242251634597778
49,149,0.09169331192970276
