epoch,step,trainLoss
49,49,0.23963582515716553
99,99,0.006290149874985218
