epoch,step,trainLoss
24,49,0.22696593403816223
49,99,0.054739389568567276
