epoch,step,trainLoss
16,49,1.0604562759399414
33,99,0.7626658082008362
49,149,0.07932700216770172
