epoch,step,trainLoss
12,49,2.034827709197998
24,99,0.12121523171663284
37,149,2.754307270050049
49,199,0.3130280673503876
62,249,0.7239990830421448
74,299,0.09411797672510147
87,349,0.04536550119519234
99,399,0.20233488082885742
112,449,0.060584552586078644
