epoch,step,trainLoss
49,49,0.7158411145210266
99,99,0.14200656116008759
149,149,0.12368912249803543
199,199,0.1344626396894455
249,249,0.12878826260566711
299,299,0.12360432744026184
349,349,0.1250913143157959
