epoch,step,trainLoss
24,49,2.5994598865509033
49,99,0.25340718030929565
74,149,0.042086005210876465
99,199,0.09725525230169296
124,249,0.04929815232753754
149,299,0.014255078509449959
174,349,0.012416318990290165
199,399,0.012269713915884495
224,449,0.015240484848618507
249,499,0.04538433998823166
274,549,0.06319893151521683
299,599,0.013495202176272869
324,649,0.024894624948501587
349,699,0.009642967954277992
374,749,0.017386944964528084
