epoch,step,trainLoss
49,49,0.4473932981491089
99,99,0.0427434965968132
149,149,0.012202596291899681
199,199,0.016463426873087883
249,249,0.018569648265838623
299,299,0.004121840465813875
349,349,0.005883527919650078
