epoch,step,trainLoss
12,49,0.2958681583404541
24,99,0.019685305655002594
37,149,0.03002079762518406
49,199,0.005630555562674999
62,249,0.04900602251291275
62,249,0.027304017916321754
62,249,0.029672199860215187
62,249,0.028747668489813805
62,249,0.03418640047311783
62,249,0.026075419038534164
62,249,0.028559798374772072
62,249,0.03600851446390152
62,249,0.037839580327272415
62,249,0.03488893806934357
62,249,0.03597525879740715
62,249,0.026181459426879883
62,249,0.03999902307987213
62,249,0.026210660114884377
62,249,0.033534690737724304
62,249,0.03191359341144562
62,249,0.025379424914717674
62,249,0.027717048302292824
62,249,0.04493396729230881
62,249,0.03407835587859154
62,249,0.02480160817503929
62,249,0.022812146693468094
62,249,0.0302369836717844
62,249,0.03356904536485672
62,249,0.03207523748278618
62,249,0.023497076705098152
62,249,0.03987477347254753
62,249,0.024617986753582954
62,249,0.027569210156798363
62,249,0.028956174850463867
62,249,0.02982715144753456
