epoch,step,trainLoss
49,49,0.28893929719924927
99,99,0.0019395959097892046
99,99,0.010024137794971466
99,99,0.09087013453245163
99,99,0.15828442573547363
99,99,0.1877024918794632
99,99,0.004846238065510988
99,99,0.005879480857402086
99,99,0.004308292176574469
99,99,0.010240107774734497
