epoch,step,trainLoss
24,49,2.6943092346191406
49,99,0.21896445751190186
