epoch,step,trainLoss
12,49,2.3443210124969482
24,99,0.09839832782745361
37,149,2.519666910171509
49,199,0.3829014003276825
62,249,0.6874747276306152
74,299,0.09386793524026871
87,349,0.026806920766830444
