epoch,step,trainLoss
12,49,1.6828399896621704
24,99,0.13024230301380157
