epoch,step,trainLoss
12,49,1.6828399896621704
24,99,0.13024230301380157
37,149,0.3455418646335602
49,199,0.07592436671257019
