epoch,step,trainLoss
16,49,0.3674949109554291
33,99,0.07759593427181244
49,149,0.007681028451770544
66,199,0.003479116363450885
66,199,0.02668810449540615
