epoch,step,trainLoss
49,49,0.6931473612785339
99,99,0.5951287746429443
149,149,0.5948079824447632
199,199,0.5835141539573669
249,249,0.5418506860733032
299,299,0.434976190328598
