epoch,step,trainLoss
24,49,2.9664371013641357
49,99,0.18451963365077972
