epoch,step,trainLoss
16,49,1.7202732563018799
33,99,0.9049773216247559
49,149,0.04986729472875595
