epoch,step,trainLoss
24,49,2.316269636154175
49,99,0.34513047337532043
