epoch,step,trainLoss
49,49,0.4473932385444641
99,99,0.0427435040473938
149,149,0.012202596291899681
199,199,0.016463426873087883
249,249,0.01856965199112892
299,299,0.004121839534491301
349,349,0.005883527919650078
