epoch,step,trainLoss
24,49,0.8467830419540405
49,99,0.26230162382125854
74,149,0.1333167999982834
99,199,0.1617375910282135
124,249,0.1680040806531906
149,299,0.12329739332199097
174,349,0.1273176521062851
199,399,0.11969644576311111
224,449,0.16725240647792816
249,499,0.15044090151786804
274,549,0.16830942034721375
299,599,0.11117217689752579
324,649,0.11037296056747437
349,699,0.1399327516555786
374,749,0.1151055097579956
