epoch,step,trainLoss
49,49,0.7756792902946472
99,99,0.08842363208532333
149,149,0.13066725432872772
199,199,0.09607091546058655
249,249,0.06625991314649582
299,299,0.04068152606487274
349,349,0.07307925075292587
