epoch,step,trainLoss
16,49,1.393265962600708
33,99,2.9947879314422607
49,149,0.6430732011795044
66,199,0.7015864253044128
83,249,0.042891789227724075
