epoch,step,trainLoss
24,49,2.4498486518859863
49,99,0.23969174921512604
74,149,0.08692751824855804
99,199,0.10288671404123306
124,249,0.058133818209171295
149,299,0.040703292936086655
174,349,0.04657561331987381
199,399,0.05160089582204819
224,449,0.040206603705883026
249,499,0.031734634190797806
274,549,0.04283905774354935
299,599,0.04959458112716675
324,649,0.03549699857831001
349,699,0.07359963655471802
374,749,0.03605041652917862
