epoch,step,trainLoss
24,49,1.3394598960876465
49,99,0.11772070080041885
74,149,0.01290352363139391
99,199,0.00524401618167758
124,249,0.008266570046544075
149,299,0.005028299987316132
174,349,0.004303914029151201
199,399,0.004392688162624836
