epoch,step,trainLoss
49,49,2.5107672214508057
99,99,1.3825783729553223
