epoch,step,trainLoss
16,49,1.7309576272964478
33,99,2.764207363128662
49,149,0.8003516793251038
66,199,0.6177522540092468
83,249,0.0581403486430645
99,299,0.6628296375274658
116,349,0.13732101023197174
133,399,0.0371536947786808
149,449,0.018648749217391014
166,499,0.08684541285037994
183,549,0.01563478261232376
199,599,0.03426264226436615
216,649,0.07157067954540253
233,699,0.013849210925400257
249,749,0.14465102553367615
266,799,0.04734067618846893
283,849,0.012452060356736183
299,899,0.030549094080924988
316,949,0.05514132231473923
333,999,0.011633028276264668
349,1049,0.03193610534071922
366,1099,0.06869341433048248
383,1149,0.007491796277463436
399,1199,0.031560689210891724
416,1249,0.04712069034576416
433,1299,0.008423997089266777
449,1349,0.026370041072368622
466,1399,0.06173978000879288
483,1449,0.008065229281783104
499,1499,0.028788266703486443
516,1549,0.06346021592617035
533,1599,0.007505245506763458
549,1649,0.03088664636015892
566,1699,0.04746507853269577
583,1749,0.00789155438542366
599,1799,0.02503211982548237
616,1849,0.05592544004321098
633,1899,0.028983285650610924
649,1949,0.02770422212779522
666,1999,0.054299384355545044
683,2049,0.0050946129485964775
699,2099,0.026732981204986572
716,2149,0.04135272279381752
733,2199,0.013329589739441872
749,2249,0.020496930927038193
766,2299,0.04357403516769409
