{
    "endIndex": 124774,
    "attack": "ProjectedGradientDescent",
    "timeElapsedSec": 118.049093,
    "kwargs": {
        "eps": 0.05,
        "max_iter": 5
    },
    "metrics": {
        "accuracy": 0.8840167021975732,
        "precision": 0.7692062107924074,
        "recall": 0.8709252765039115,
        "f1": 0.816911494001298,
        "attackSuccessRate": 0.12907472349608848,
        "falsePositiveRate": 0.11044992246647815,
        "TP": 322852,
        "TN": 780171,
        "FP": 96869,
        "FN": 47848
    },
    "files": {
        "checkpointFile": "../../../saved_models/RandomPos-final.ckpt",
        "dataFile": "../../../data/RandomPos_0709.csv"
    }
}