{
    "endIndex": 124774,
    "attack": "ProjectedGradientDescent",
    "timeElapsedSec": 96.171518,
    "kwargs": {
        "eps": 0.01,
        "max_iter": 5
    },
    "metrics": {
        "accuracy": 0.9822070303108019,
        "precision": 0.998321288746915,
        "recall": 0.9416940922578905,
        "f1": 0.9691812436057432,
        "attackSuccessRate": 0.058305907742109524,
        "falsePositiveRate": 0.0006692967253489008,
        "TP": 349086,
        "TN": 876453,
        "FP": 587,
        "FN": 21614
    },
    "files": {
        "checkpointFile": "../../../saved_models/RandomPos-final.ckpt",
        "dataFile": "../../../data/RandomPos_0709.csv"
    }
}