{
    "endIndex": 124774,
    "attack": "ProjectedGradientDescent",
    "timeElapsedSec": 129.189988,
    "kwargs": {
        "eps": 0.07,
        "max_iter": 5
    },
    "metrics": {
        "accuracy": 0.7222289900139452,
        "precision": 0.5204605620418138,
        "recall": 0.82734556244942,
        "f1": 0.6389653951123982,
        "attackSuccessRate": 0.17265443755058,
        "falsePositiveRate": 0.32220081182158167,
        "TP": 306697,
        "TN": 594457,
        "FP": 282583,
        "FN": 64003
    },
    "files": {
        "checkpointFile": "../../../saved_models/RandomPos-final.ckpt",
        "dataFile": "../../../data/RandomPos_0709.csv"
    }
}