{
    "endIndex": 124774,
    "attack": "ProjectedGradientDescent",
    "timeElapsedSec": 120.136782,
    "kwargs": {
        "eps": 0.17,
        "max_iter": 5
    },
    "metrics": {
        "accuracy": 0.2011252344238383,
        "precision": 0.20510001639149678,
        "recall": 0.5873185864580523,
        "f1": 0.3040288334382982,
        "attackSuccessRate": 0.41268141354194765,
        "falsePositiveRate": 0.9621077715953662,
        "TP": 217719,
        "TN": 33233,
        "FP": 843807,
        "FN": 152981
    },
    "files": {
        "checkpointFile": "../../../saved_models/RandomPos-final.ckpt",
        "dataFile": "../../../data/RandomPos_0709.csv"
    }
}