{
    "endIndex": 124774,
    "attack": "ProjectedGradientDescent",
    "timeElapsedSec": 116.668735,
    "kwargs": {
        "eps": 0.03,
        "max_iter": 5
    },
    "metrics": {
        "accuracy": 0.9652074951512334,
        "precision": 0.9705875586638447,
        "recall": 0.9104828702454815,
        "f1": 0.9395749703525954,
        "attackSuccessRate": 0.08951712975451848,
        "falsePositiveRate": 0.011661953844750524,
        "TP": 337516,
        "TN": 866812,
        "FP": 10228,
        "FN": 33184
    },
    "files": {
        "checkpointFile": "../../../saved_models/RandomPos-final.ckpt",
        "dataFile": "../../../data/RandomPos_0709.csv"
    }
}