epoch,step,trainLoss
24,49,0.08529113233089447
49,99,0.011658409610390663
74,149,0.00027140838210470974
74,149,0.04706418886780739
74,149,0.011043534614145756
74,149,0.002550541190430522
74,149,0.0039614420384168625
