epoch,step,trainLoss
24,49,0.08529113233089447
49,99,0.011658409610390663
