epoch,step,trainLoss
24,49,0.26288604736328125
49,99,0.012745757587254047
