epoch,step,trainLoss
24,49,2.6207714080810547
49,99,0.13772901892662048
