epoch,step,trainLoss
24,49,2.5110344886779785
49,99,0.3303621709346771
74,149,0.1429876685142517
99,199,0.09839275479316711
124,249,0.10549308359622955
149,299,0.0877964049577713
174,349,0.09149037301540375
199,399,0.1281861811876297
224,449,0.09918943792581558
249,499,0.1296020746231079
274,549,0.11959755420684814
299,599,0.06500326842069626
324,649,0.0910126119852066
349,699,0.06599095463752747
374,749,0.08371643722057343
