epoch,step,trainLoss
49,49,0.6732546091079712
99,99,0.06405692547559738
149,149,0.04658815637230873
199,199,0.0481417253613472
249,249,0.3143729567527771
299,299,0.04841574281454086
349,349,0.0732695460319519
