epoch,step,trainLoss
49,49,2.6073262691497803
99,99,2.8475921154022217
149,149,0.35095837712287903
199,199,0.6462082862854004
249,249,0.13058044016361237
299,299,0.09472113847732544
349,349,0.10672245919704437
399,399,0.08253658562898636
449,449,0.04409094527363777
499,499,0.11792107671499252
549,549,0.1558988094329834
599,599,0.06917764246463776
649,649,0.09543748944997787
699,699,0.167708158493042
749,749,0.039971064776182175
799,799,0.048063043504953384
849,849,0.10273338109254837
899,899,0.07483647018671036
949,949,0.10050235688686371
999,999,0.1434023529291153
1049,1049,0.061365678906440735
1099,1099,0.047998569905757904
1149,1149,0.057905327528715134
1199,1199,0.03815630450844765
1249,1249,0.04736105352640152
1299,1299,0.06748996675014496
1349,1349,0.04458841681480408
1399,1399,0.06151925027370453
1449,1449,0.06143564358353615
1499,1499,0.04952773451805115
1549,1549,0.05188581719994545
1599,1599,0.05109035596251488
1649,1649,0.049092553555965424
1699,1699,0.04239461198449135
1749,1749,0.05228828266263008
1799,1799,0.03940444067120552
1849,1849,0.05051200091838837
1899,1899,0.07281619310379028
1949,1949,0.04113295301795006
1999,1999,0.05576128885149956
2049,2049,0.06000177189707756
2099,2099,0.04118650406599045
2149,2149,0.06524108350276947
2199,2199,0.061453454196453094
2249,2249,0.04725861921906471
2299,2299,0.0508204847574234
2349,2349,0.07111895084381104
2399,2399,0.04195254296064377
2449,2449,0.048689715564250946
2499,2499,0.07155158370733261
2549,2549,0.041771624237298965
2599,2599,0.0444619357585907
2649,2649,0.04583866894245148
2699,2699,0.029174262657761574
2749,2749,0.03689681738615036
2799,2799,0.04982002452015877
2849,2849,0.03246177360415459
2899,2899,0.035555288195610046
2949,2949,0.05251244455575943
2999,2999,0.029198039323091507
3049,3049,0.037269704043865204
3099,3099,0.0515756718814373
3149,3149,0.03515779972076416
3199,3199,0.044835321605205536
3249,3249,0.041841231286525726
3299,3299,0.02545280195772648
3349,3349,0.029274607077240944
3399,3399,0.048613205552101135
3449,3449,0.028564654290676117
3499,3499,0.03280169144272804
3549,3549,0.045972008258104324
3599,3599,0.02793061174452305
