{
    "endIndex": 124774,
    "attack": "SaliencyMapMethod",
    "timeElapsedSec": 1393.772525,
    "kwargs": {
        "gamma": 0.3
    },
    "metrics": {
        "accuracy": 0.989468959879462,
        "precision": 0.9983831400535237,
        "recall": 0.9661181548421904,
        "f1": 0.9819856872583698,
        "falseNegativeRate": 0.03388184515780955,
        "falsePositiveRate": 0.000661315333394144,
        "TP": 35814,
        "TN": 87646,
        "FP": 58,
        "FN": 1256
    },
    "files": {
        "checkpointFile": "../../../saved_models/RandomSpeed-final.ckpt",
        "dataFile": "../../../data/RandomSpeed_0709.csv"
    }
}