{
    "endIndex": 124774,
    "attack": "SaliencyMapMethod",
    "timeElapsedSec": 313.165761,
    "kwargs": {
        "gamma": 0.1
    },
    "metrics": {
        "accuracy": 0.9770545145623287,
        "precision": 0.99014185413383,
        "recall": 0.9320474777448071,
        "f1": 0.9602167720419649,
        "falseNegativeRate": 0.06795252225519288,
        "falsePositiveRate": 0.003922284046337681,
        "TP": 34551,
        "TN": 87360,
        "FP": 344,
        "FN": 2519
    },
    "files": {
        "checkpointFile": "../../../saved_models/RandomSpeed-final.ckpt",
        "dataFile": "../../../data/RandomSpeed_0709.csv"
    }
}