{
    "endIndex": 124774,
    "attack": "SaliencyMapMethod",
    "timeElapsedSec": 1661.477421,
    "kwargs": {
        "gamma": 0.9
    },
    "metrics": {
        "accuracy": 0.9954718130379726,
        "precision": 1.0,
        "recall": 0.9847585648772592,
        "f1": 0.9923207611281005,
        "falseNegativeRate": 0.015241435122740761,
        "falsePositiveRate": 0.0,
        "TP": 36505,
        "TN": 87704,
        "FP": 0,
        "FN": 565
    },
    "files": {
        "checkpointFile": "../../../saved_models/RandomSpeed-final.ckpt",
        "dataFile": "../../../data/RandomSpeed_0709.csv"
    }
}