{
    "endIndex": 124774,
    "attack": "SaliencyMapMethod",
    "timeElapsedSec": 1005.503269,
    "kwargs": {
        "gamma": 0.4
    },
    "metrics": {
        "accuracy": 0.9922660169586612,
        "precision": 0.9993361546759605,
        "recall": 0.9746155921230105,
        "f1": 0.9868210808079428,
        "falseNegativeRate": 0.02538440787698948,
        "falsePositiveRate": 0.00027364772416309404,
        "TP": 36129,
        "TN": 87680,
        "FP": 24,
        "FN": 941
    },
    "files": {
        "checkpointFile": "../../../saved_models/RandomSpeed-final.ckpt",
        "dataFile": "../../../data/RandomSpeed_0709.csv"
    }
}