{
    "endIndex": 124774,
    "attack": "SaliencyMapMethod",
    "timeElapsedSec": 1070.388835,
    "kwargs": {
        "gamma": 0.7
    },
    "metrics": {
        "accuracy": 0.9949588856652828,
        "precision": 1.0,
        "recall": 0.9830321014297275,
        "f1": 0.9914434574417434,
        "falseNegativeRate": 0.016967898570272456,
        "falsePositiveRate": 0.0,
        "TP": 36441,
        "TN": 87704,
        "FP": 0,
        "FN": 629
    },
    "files": {
        "checkpointFile": "../../../saved_models/RandomSpeed-final.ckpt",
        "dataFile": "../../../data/RandomSpeed_0709.csv"
    }
}