{
    "endIndex": 124774,
    "attack": "SaliencyMapMethod",
    "timeElapsedSec": 2682.366587,
    "kwargs": {
        "gamma": 1.0
    },
    "metrics": {
        "accuracy": 0.9955038709987658,
        "precision": 1.0,
        "recall": 0.98486646884273,
        "f1": 0.9923755419345194,
        "falseNegativeRate": 0.015133531157270029,
        "falsePositiveRate": 0.0,
        "TP": 36509,
        "TN": 87704,
        "FP": 0,
        "FN": 561
    },
    "files": {
        "checkpointFile": "../../../saved_models/RandomSpeed-final.ckpt",
        "dataFile": "../../../data/RandomSpeed_0709.csv"
    }
}