epoch,step,trainLoss
24,49,2.369656562805176
49,99,2.3790385723114014
74,149,0.2756892144680023
99,199,0.42989009618759155
