epoch,step,trainLoss
49,49,0.24975307285785675
99,99,0.0413050651550293
149,149,0.03004833497107029
199,199,0.029043562710285187
