epoch,step,trainLoss
24,49,0.7026073336601257
49,99,0.12814216315746307
74,149,0.011021441780030727
99,199,0.0013704958837479353
124,249,0.0004795911081600934
149,299,7.106878911145031e-05
174,349,5.6438977480866015e-05
199,399,5.7961435231845826e-05
224,449,7.167130388552323e-05
249,499,9.8110489489045e-05
274,549,0.00015671542496420443
299,599,2.6058711227960885e-05
324,649,2.9609060220536776e-05
349,699,3.505803397274576e-05
374,749,4.663266736315563e-05
