epoch,step,trainLoss
49,49,2.9957330226898193
99,99,1.1121264696121216
