epoch,step,trainLoss
49,49,0.6540945172309875
99,99,0.008263363502919674
149,149,0.002069943118840456
199,199,0.0023392008151859045
249,249,0.003052840707823634
299,299,0.0006904649781063199
349,349,0.0011534055229276419
