epoch,step,trainLoss
24,49,2.0124073028564453
49,99,2.3997228145599365
74,149,0.34026041626930237
99,199,0.4785391390323639
