epoch,step,trainLoss
24,49,2.0124073028564453
49,99,2.3997228145599365
74,149,0.34026041626930237
99,199,0.4785391390323639
124,249,0.0901777595281601
149,299,0.01139186043292284
174,349,0.015299043618142605
199,399,0.006845708936452866
224,449,0.011004754342138767
249,499,0.012183411978185177
274,549,0.017980581149458885
299,599,0.0025426268111914396
324,649,0.0025038630701601505
349,699,0.0035799616016447544
374,749,0.0050271968357264996
399,799,0.008461936376988888
424,849,0.013109836727380753
449,899,0.0017865189583972096
474,949,0.002262377180159092
499,999,0.0026160581037402153
524,1049,0.003799604019150138
549,1099,0.005878850817680359
574,1149,0.012692186050117016
599,1199,0.0015720637748017907
624,1249,0.001856533344835043
649,1299,0.002385237254202366
674,1349,0.0035070611629635096
699,1399,0.008104942739009857
724,1449,0.0169215127825737
749,1499,0.0013920566998422146
774,1549,0.0017132987268269062
799,1599,0.0021122738253325224
824,1649,0.0033233691938221455
849,1699,0.007792528253048658
874,1749,0.017602993175387383
899,1799,0.0013187089934945107
924,1849,0.0016334514366462827
949,1899,0.0020066164433956146
974,1949,0.0031923498027026653
999,1999,0.00779256597161293
1024,2049,0.013738288544118404
1049,2099,0.0012925254413858056
1074,2149,0.001630229759030044
1099,2199,0.0019664368592202663
1124,2249,0.002832715632393956
1149,2299,0.004555670078843832
1174,2349,0.008912740275263786
1199,2399,0.001144994399510324
1224,2449,0.0013467824319377542
1249,2499,0.0017704956699162722
1274,2549,0.0022751863580197096
1299,2599,0.0033462007995694876
1324,2649,0.005487749353051186
1349,2699,0.0010486881947144866
1374,2749,0.0012826877646148205
1399,2799,0.0016837383154779673
1424,2849,0.0022430801764130592
1449,2899,0.0032551016192883253
1474,2949,0.004642389249056578
1499,2999,0.0010766651248559356
1524,3049,0.0014515527291223407
1549,3099,0.0018795880023390055
1574,3149,0.002499547554180026
1599,3199,0.003533368930220604
1624,3249,0.004238343331962824
1649,3299,0.000882997817825526
1674,3349,0.0011669157538563013
1699,3399,0.001954164821654558
1724,3449,0.003948033321648836
1749,3499,0.005353198852390051
1774,3549,0.004949985537678003
1799,3599,0.0010119440266862512
