epoch,step,trainLoss
49,49,0.6931473612785339
99,99,0.0010145360138267279
