epoch,step,trainLoss
49,49,0.6931473612785339
99,99,0.0010145360138267279
149,149,0.5392025113105774
199,199,0.5817714333534241
249,249,0.5407598614692688
