epoch,step,trainLoss
24,49,0.7026073336601257
49,99,0.12814216315746307
