epoch,step,trainLoss
24,49,1.266622543334961
49,99,0.10973799228668213
74,149,0.004612231161445379
99,199,0.0015295437769964337
124,249,0.0014429459115490317
149,299,0.0006835293606854975
174,349,0.0011859277728945017
199,399,0.000593933742493391
