epoch,step,trainLoss
49,49,2.7551729679107666
99,99,1.498117446899414
149,149,0.03304886817932129
199,199,0.025725174695253372
249,249,0.046720460057258606
299,299,0.040502190589904785
349,349,0.027271678671240807
399,399,0.040199968963861465
449,449,0.029405416920781136
499,499,0.024764778092503548
549,549,0.0403948538005352
599,599,0.03734701871871948
649,649,0.022887328639626503
699,699,0.02815300039947033
749,749,0.013716857880353928
