epoch,step,trainLoss
24,49,1.2251441478729248
49,99,0.2440040111541748
