epoch,step,trainLoss
24,49,1.2251441478729248
49,99,0.2440040111541748
74,149,0.06284633278846741
99,199,0.061341606080532074
124,249,0.06508656591176987
149,299,0.05054530128836632
174,349,0.05037252604961395
199,399,0.051698122173547745
224,449,0.054643191397190094
249,499,0.060989703983068466
274,549,0.0685553327202797
299,599,0.04649186506867409
324,649,0.04821128398180008
349,699,0.04940119385719299
