epoch,step,trainLoss
49,49,0.4503079354763031
99,99,0.0025264527648687363
149,149,0.00015973221161402762
199,199,0.0001270833017770201
249,249,0.00016251273336820304
299,299,5.75968406337779e-05
349,349,6.913950346643105e-05
