epoch,step,trainLoss
49,49,0.21598723530769348
99,99,0.010327614843845367
99,99,0.014995602890849113
99,99,0.02364739403128624
99,99,0.011983735486865044
99,99,0.13426543772220612
99,99,0.012167244218289852
99,99,0.038132645189762115
99,99,0.3367297351360321
99,99,0.017406662926077843
