epoch,step,trainLoss
24,49,2.303844928741455
49,99,0.22660690546035767
74,149,0.017115451395511627
99,199,0.00485620042309165
124,249,0.0025399141013622284
149,299,0.0010452002752572298
174,349,0.0009840780403465033
199,399,0.0012639648048207164
224,449,0.0019391652895137668
249,499,0.0016845298232510686
274,549,0.0008417163044214249
299,599,0.00040480608004145324
324,649,0.0005745543166995049
349,699,0.0008096481906250119
374,749,0.0013553982134908438
