epoch,step,trainLoss
24,49,0.1791183203458786
49,99,0.12899455428123474
74,149,0.005430276971310377
