epoch,step,trainLoss
16,49,1.7309573888778687
33,99,2.764207363128662
49,149,0.8003517389297485
66,199,0.6177521347999573
83,249,0.0581403486430645
99,299,0.6628296375274658
116,349,0.13732099533081055
