epoch,step,trainLoss
16,49,2.58194637298584
33,99,2.7621045112609863
49,149,2.4316515922546387
66,199,2.6652016639709473
83,249,1.472176432609558
99,299,0.31219732761383057
116,349,0.05306307598948479
133,399,0.20366767048835754
149,449,0.04966314136981964
166,499,0.1331164538860321
183,549,0.07353929430246353
199,599,0.013570445589721203
216,649,0.046325135976076126
233,699,0.006613313220441341
249,749,0.029419343918561935
266,799,0.005904198624193668
283,849,0.003337360452860594
299,899,0.0024414428044110537
316,949,0.0035519066732376814
333,999,0.024993227794766426
349,1049,0.004074735101312399
366,1099,0.024314673617482185
383,1149,0.0007718922570347786
399,1199,0.006780161987990141
416,1249,0.0010261356364935637
433,1299,0.0022226721048355103
449,1349,0.0019405190832912922
466,1399,0.0023221001029014587
483,1449,0.03188428655266762
499,1499,0.004095661919564009
516,1549,0.013253314420580864
533,1599,0.0007710729842074215
549,1649,0.005865239538252354
566,1699,0.0010560291120782495
583,1749,0.0023571974597871304
599,1799,0.002209485275670886
616,1849,0.0019435451831668615
633,1899,0.036988236010074615
649,1949,0.0039748246781528
666,1999,0.005132456310093403
683,2049,0.0006645817775279284
699,2099,0.0061772484332323074
716,2149,0.0009527492220513523
733,2199,0.0019244151189923286
749,2249,0.0019373613176867366
766,2299,0.0019463226199150085
783,2349,0.033114708960056305
799,2399,0.0034360068384557962
816,2449,0.005837694276124239
833,2499,0.0004802705370821059
849,2549,0.005954788997769356
866,2599,0.0008711013942956924
883,2649,0.0013415978755801916
899,2699,0.001776663470081985
916,2749,0.0017571098869666457
933,2799,0.02504676580429077
949,2849,0.0027585155330598354
966,2899,0.006547880358994007
983,2949,0.00042799621587619185
999,2999,0.00608343631029129
1016,3049,0.0008294599247165024
1033,3099,0.0015671005239710212
1049,3149,0.0017277448205277324
1066,3199,0.001735724275931716
1083,3249,0.027652520686388016
1099,3299,0.0032145080622285604
1116,3349,0.010675213299691677
1133,3399,0.0004294810350984335
1149,3449,0.005847375839948654
1166,3499,0.0008961544372141361
