epoch,step,trainLoss
16,49,1.5896885395050049
33,99,0.6571206450462341
49,149,0.12298057973384857
