epoch,step,trainLoss
12,49,0.6931473016738892
24,99,0.6931473016738892
37,149,0.6931473016738892
49,199,0.6931473016738892
62,249,0.6931473016738892
74,299,0.1542428582906723
74,299,0.33210498094558716
74,299,0.08141764253377914
74,299,0.6931473016738892
74,299,0.220779150724411
74,299,0.09473995864391327
74,299,0.3370027244091034
74,299,0.05848127231001854
74,299,0.6931473016738892
74,299,0.6931473016738892
74,299,0.5879541635513306
74,299,0.06457967311143875
74,299,0.6931473016738892
74,299,0.16384953260421753
74,299,0.6931473016738892
74,299,0.15669097006320953
74,299,0.38755008578300476
74,299,0.13495901226997375
74,299,0.6931473016738892
74,299,0.6931473016738892
74,299,0.22222024202346802
