epoch,step,trainLoss
16,49,2.6068148612976074
33,99,1.4059474468231201
49,149,0.09001527726650238
