epoch,step,trainLoss
49,49,2.9831042289733887
99,99,0.6052363514900208
149,149,0.033788178116083145
199,199,0.02863534539937973
249,249,0.03032754920423031
299,299,0.025835053995251656
349,349,0.02722271718084812
399,399,0.028857016935944557
449,449,0.021821830421686172
499,499,0.024288659915328026
549,549,0.028799809515476227
599,599,0.02018486149609089
649,649,0.023004529997706413
699,699,0.029721152037382126
749,749,0.01891949400305748
