epoch,step,trainLoss
12,49,2.3293890953063965
24,99,0.1629030853509903
