epoch,step,trainLoss
49,49,0.2867368459701538
99,99,0.008879044093191624
