epoch,step,trainLoss
49,49,0.2588701844215393
99,99,0.03677575662732124
