epoch,step,trainLoss
49,49,0.2588701844215393
99,99,0.03677575662732124
149,149,0.02804514206945896
149,149,0.03223950043320656
149,149,0.05889645591378212
149,149,0.032849863171577454
149,149,0.166824609041214
149,149,0.2227901816368103
149,149,0.019884880632162094
149,149,0.029863694682717323
