epoch,step,trainLoss
49,49,0.615835964679718
99,99,0.010619686916470528
149,149,0.0017943382263183594
199,199,0.005452284123748541
249,249,0.008273494429886341
299,299,0.0010980282677337527
349,349,0.0020827236585319042
