epoch,step,trainLoss
24,49,2.7152092456817627
49,99,0.2608579993247986
