epoch,step,trainLoss
12,49,2.8185009956359863
24,99,0.19319133460521698
37,149,2.9181599617004395
49,199,1.2423994541168213
62,249,3.0035738945007324
74,299,2.560244560241699
87,349,0.13726744055747986
99,399,0.1651933640241623
112,449,0.07907547056674957
124,499,0.6448479294776917
137,549,0.09360122680664062
149,599,0.028657397255301476
