epoch,step,trainLoss
24,49,0.6931473612785339
49,99,0.6931473612785339
74,149,0.06208368390798569
