{
    "endIndex": 124774,
    "attack": "FastGradientMethod",
    "timeElapsedSec": 51.324721626,
    "kwargs": {
        "eps": 0.29
    },
    "metrics": {
        "accuracy": 0.1287463734431853,
        "precision": 0.03385968382532833,
        "recall": 0.07018883193957377,
        "f1": 0.04568199056126748,
        "attackSuccessRate": 0.9298111680604262,
        "falsePositiveRate": 0.8465030101249658,
        "TP": 26019,
        "TN": 134623,
        "FP": 742417,
        "FN": 344681
    },
    "files": {
        "checkpointFile": "../../../saved_models/ConstantPos-final.ckpt",
        "dataFile": "../../../data/ConstPos_0709.csv"
    }
}