{
    "endIndex": 124774,
    "attack": "FastGradientMethod",
    "timeElapsedSec": 50.577608903,
    "kwargs": {
        "eps": 0.17
    },
    "metrics": {
        "accuracy": 0.1464688156186385,
        "precision": 0.03364818190733484,
        "recall": 0.06756676557863502,
        "f1": 0.044924171291899496,
        "attackSuccessRate": 0.9324332344213649,
        "falsePositiveRate": 0.8201815196570282,
        "TP": 25047,
        "TN": 157708,
        "FP": 719332,
        "FN": 345653
    },
    "files": {
        "checkpointFile": "../../../saved_models/ConstantPos-final.ckpt",
        "dataFile": "../../../data/ConstPos_0709.csv"
    }
}