{
    "endIndex": 124774,
    "attack": "FastGradientMethod",
    "timeElapsedSec": 51.755015312,
    "kwargs": {
        "eps": 0.02
    },
    "metrics": {
        "accuracy": 0.31137176014233736,
        "precision": 0.17565161274902302,
        "recall": 0.35684380900998114,
        "f1": 0.23542058012463152,
        "attackSuccessRate": 0.6431561909900189,
        "falsePositiveRate": 0.7078479886892274,
        "TP": 132282,
        "TN": 256229,
        "FP": 620811,
        "FN": 238418
    },
    "files": {
        "checkpointFile": "../../../saved_models/ConstantPos-final.ckpt",
        "dataFile": "../../../data/ConstPos_0709.csv"
    }
}