{
    "endIndex": 124774,
    "attack": "FastGradientMethod",
    "timeElapsedSec": 56.125235237,
    "kwargs": {
        "eps": 0.2
    },
    "metrics": {
        "accuracy": 0.1405869812621219,
        "precision": 0.03377615110026659,
        "recall": 0.06855948206096574,
        "f1": 0.04525648308246242,
        "attackSuccessRate": 0.9314405179390343,
        "falsePositiveRate": 0.8289690321992156,
        "TP": 25415,
        "TN": 150001,
        "FP": 727039,
        "FN": 345285
    },
    "files": {
        "checkpointFile": "../../../saved_models/ConstantPos-final.ckpt",
        "dataFile": "../../../data/ConstPos_0709.csv"
    }
}