{
    "endIndex": 124774,
    "attack": "FastGradientMethod",
    "timeElapsedSec": 56.61072775,
    "kwargs": {
        "eps": 0.19
    },
    "metrics": {
        "accuracy": 0.14240306474105183,
        "precision": 0.03373646594485039,
        "recall": 0.06825195575937416,
        "f1": 0.04515374868381133,
        "attackSuccessRate": 0.9317480442406259,
        "falsePositiveRate": 0.8262553589345982,
        "TP": 25301,
        "TN": 152381,
        "FP": 724659,
        "FN": 345399
    },
    "files": {
        "checkpointFile": "../../../saved_models/ConstantPos-final.ckpt",
        "dataFile": "../../../data/ConstPos_0709.csv"
    }
}