{
    "endIndex": 124774,
    "attack": "FastGradientMethod",
    "timeElapsedSec": 52.738311835,
    "kwargs": {
        "eps": 0.06
    },
    "metrics": {
        "accuracy": 0.19159279978200586,
        "precision": 0.041119182910163275,
        "recall": 0.07710817372538441,
        "f1": 0.053636065112351645,
        "attackSuccessRate": 0.9228918262746156,
        "falsePositiveRate": 0.7600177871020706,
        "TP": 28584,
        "TN": 210474,
        "FP": 666566,
        "FN": 342116
    },
    "files": {
        "checkpointFile": "../../../saved_models/ConstantPos-final.ckpt",
        "dataFile": "../../../data/ConstPos_0709.csv"
    }
}