{
    "endIndex": 124774,
    "attack": "FastGradientMethod",
    "timeElapsedSec": 53.866022718,
    "kwargs": {
        "eps": 0.24
    },
    "metrics": {
        "accuracy": 0.1336969240386619,
        "precision": 0.03382094054850233,
        "recall": 0.0694982465605611,
        "f1": 0.045499701089764026,
        "attackSuccessRate": 0.9305017534394389,
        "falsePositiveRate": 0.8391681109185442,
        "TP": 25763,
        "TN": 141056,
        "FP": 735984,
        "FN": 344937
    },
    "files": {
        "checkpointFile": "../../../saved_models/ConstantPos-final.ckpt",
        "dataFile": "../../../data/ConstPos_0709.csv"
    }
}