{
    "endIndex": 124774,
    "attack": "FastGradientMethod",
    "timeElapsedSec": 56.864107249,
    "kwargs": {
        "eps": 0.22
    },
    "metrics": {
        "accuracy": 0.1364563130139292,
        "precision": 0.03380481987472758,
        "recall": 0.06912597787968708,
        "f1": 0.04540509316682142,
        "attackSuccessRate": 0.9308740221203129,
        "falsePositiveRate": 0.8350850588342607,
        "TP": 25625,
        "TN": 144637,
        "FP": 732403,
        "FN": 345075
    },
    "files": {
        "checkpointFile": "../../../saved_models/ConstantPos-final.ckpt",
        "dataFile": "../../../data/ConstPos_0709.csv"
    }
}