epoch,step,trainLoss
16,49,0.7307085394859314
33,99,2.97338604927063
49,149,0.49156513810157776
66,199,0.44618862867355347
83,249,0.06993908435106277
