epoch,step,trainLoss
24,49,0.6931473016738892
49,99,0.6931473016738892
74,149,0.3731124997138977
99,199,0.008502757176756859
