epoch,step,trainLoss
49,49,0.439020037651062
99,99,0.0039430339820683
149,149,0.0003983961942140013
199,199,0.00025137345073744655
249,249,0.0002742065698839724
299,299,0.00012276010238565505
349,349,0.00014666940842289478
