epoch,step,trainLoss
24,49,1.4173487424850464
49,99,2.1307220458984375
74,149,0.32707297801971436
99,199,0.49078112840652466
