epoch,step,trainLoss
49,49,0.3138306438922882
99,99,0.018405839800834656
