epoch,step,trainLoss
16,49,2.6068150997161865
33,99,1.4059473276138306
49,149,0.09001527726650238
66,199,0.14362011849880219
83,249,0.07549288123846054
99,299,0.0076972320675849915
116,349,0.0738959088921547
133,399,0.07061494886875153
149,449,0.0058134738355875015
166,499,0.08676285296678543
183,549,0.07875405251979828
199,599,0.01854642666876316
216,649,0.08623917400836945
233,699,0.05957099050283432
249,749,0.04064222052693367
266,799,0.11062624305486679
283,849,0.06170108914375305
299,899,0.0059770019724965096
316,949,0.11434125900268555
333,999,0.06008095666766167
349,1049,0.006025285460054874
366,1099,0.05582971125841141
383,1149,0.055778175592422485
399,1199,0.005528096109628677
416,1249,0.03891275078058243
433,1299,0.062133412808179855
449,1349,0.0033513649832457304
466,1399,0.1107407957315445
483,1449,0.06570938974618912
499,1499,0.030026566237211227
516,1549,0.042044125497341156
533,1599,0.048708636313676834
549,1649,0.006382383871823549
566,1699,0.03543281555175781
583,1749,0.057917285710573196
599,1799,0.0028631924651563168
616,1849,0.031220700591802597
633,1899,0.060619235038757324
649,1949,0.0028899998869746923
666,1999,0.05066214129328728
683,2049,0.04620744660496712
699,2099,0.0025957555044442415
716,2149,0.03289815038442612
733,2199,0.046683404594659805
749,2249,0.0017337797908112407
766,2299,0.03425731137394905
783,2349,0.06035149097442627
799,2399,0.0030327467247843742
816,2449,0.04462037980556488
833,2499,0.036103807389736176
849,2549,0.0055104331113398075
866,2599,0.03661645948886871
883,2649,0.04177862033247948
899,2699,0.002071402035653591
