epoch,step,trainLoss
24,49,0.6931473612785339
49,99,0.6931473612785339
74,149,0.07995157688856125
74,149,0.06652820110321045
74,149,0.03484252467751503
74,149,0.03696208819746971
74,149,0.08829615265130997
74,149,0.16444048285484314
74,149,0.1483139991760254
74,149,0.127707839012146
74,149,0.2472354620695114
74,149,0.10589867830276489
74,149,0.26323872804641724
74,149,0.09336104989051819
74,149,0.15776193141937256
74,149,0.17349028587341309
74,149,0.06494493037462234
74,149,0.09971742331981659
74,149,0.2964167594909668
74,149,0.11437655985355377
74,149,0.021865054965019226
74,149,0.13487648963928223
74,149,0.00557452067732811
