epoch,step,trainLoss
12,49,2.92305850982666
24,99,0.24169589579105377
37,149,0.40600281953811646
49,199,0.03742802143096924
