{
    "benign": [
        {
            "wrapper": false,
            "collapsedOutput": false,
            "accuracy": 0.9917490823408723,
            "precision": 0.9921024389045001,
            "recall": 0.9800296735905044,
            "f1": 0.9860291034334886
        },
        {
            "wrapper": false,
            "collapsedOutput": true,
            "accuracy": 0.9917490823408723,
            "precision": 0.9921024389045001,
            "recall": 0.9800296735905044,
            "f1": 0.9860291034334886
        },
        {
            "wrapper": true,
            "collapsedOutput": false,
            "accuracy": 0.9917490823408723,
            "precision": 0.9917508905079081,
            "recall": 0.9917490823408723,
            "f1": 0.9917344098986437
        },
        {
            "wrapper": true,
            "collapsedOutput": true,
            "accuracy": 0.9976998413130941,
            "precision": 0.9977073437342865,
            "recall": 0.9976998413130941,
            "f1": 0.997697250661112
        }
    ]
}


