{
    "benign": [
        {
            "wrapper": false,
            "collapsedOutput": false,
            "accuracy": 0.9832112459326462,
            "precision": 0.9643128342104006,
            "recall": 0.9797491232802805,
            "f1": 0.9719696949422882
        },
        {
            "wrapper": false,
            "collapsedOutput": true,
            "accuracy": 0.9832112459326462,
            "precision": 0.9643128342104006,
            "recall": 0.9797491232802805,
            "f1": 0.9719696949422882
        },
        {
            "wrapper": true,
            "collapsedOutput": false,
            "accuracy": 0.9832112459326462,
            "precision": 0.9833399824757991,
            "recall": 0.9832112459326462,
            "f1": 0.9832494048527688
        },
        {
            "wrapper": true,
            "collapsedOutput": true,
            "accuracy": 0.9961931171558177,
            "precision": 0.9961990861326315,
            "recall": 0.9961931171558177,
            "f1": 0.9961883773969892
        }
    ]
}

