{
    "endIndex": 124774,
    "attack": "FastGradientMethod",
    "timeElapsedSec": 19.094191,
    "kwargs": {
        "eps": 0.17
    },
    "metrics": {
        "accuracy": 0.7218867712824787,
        "precision": 0.5189273414464589,
        "recall": 0.8759401132991638,
        "f1": 0.6517454726098542,
        "attackSuccessRate": 0.12405988670083626,
        "falsePositiveRate": 0.34322721882696344,
        "TP": 324711,
        "TN": 576016,
        "FP": 301024,
        "FN": 45989
    },
    "files": {
        "checkpointFile": "../../../saved_models/RandomSpeed-final.ckpt",
        "dataFile": "../../../data/RandomSpeed_0709.csv"
    }
}