{
    "endIndex": 124774,
    "attack": "FastGradientMethod",
    "timeElapsedSec": 18.651181,
    "kwargs": {
        "eps": 0.3
    },
    "metrics": {
        "accuracy": 0.6587502203984804,
        "precision": 0.4600338643192822,
        "recall": 0.8553142702994335,
        "f1": 0.5982804378816913,
        "attackSuccessRate": 0.1446857297005665,
        "falsePositiveRate": 0.4243318434735018,
        "TP": 317065,
        "TN": 504884,
        "FP": 372156,
        "FN": 53635
    },
    "files": {
        "checkpointFile": "../../../saved_models/RandomSpeed-final.ckpt",
        "dataFile": "../../../data/RandomSpeed_0709.csv"
    }
}