{
    "endIndex": 124774,
    "attack": "FastGradientMethod",
    "timeElapsedSec": 18.715631,
    "kwargs": {
        "eps": 0.26
    },
    "metrics": {
        "accuracy": 0.6669177873595461,
        "precision": 0.46709947828125914,
        "recall": 0.8598057728621527,
        "f1": 0.6053406263650694,
        "attackSuccessRate": 0.14019422713784732,
        "falsePositiveRate": 0.41461050807260785,
        "TP": 318730,
        "TN": 513410,
        "FP": 363630,
        "FN": 51970
    },
    "files": {
        "checkpointFile": "../../../saved_models/RandomSpeed-final.ckpt",
        "dataFile": "../../../data/RandomSpeed_0709.csv"
    }
}