{
    "endIndex": 124774,
    "attack": "FastGradientMethod",
    "timeElapsedSec": 18.938866,
    "kwargs": {
        "eps": 0.02
    },
    "metrics": {
        "accuracy": 0.9439162004904867,
        "precision": 0.9498836102949536,
        "recall": 0.8564121931480982,
        "f1": 0.900729442406394,
        "attackSuccessRate": 0.1435878068519018,
        "falsePositiveRate": 0.019098330748882605,
        "TP": 317472,
        "TN": 860290,
        "FP": 16750,
        "FN": 53228
    },
    "files": {
        "checkpointFile": "../../../saved_models/RandomSpeed-final.ckpt",
        "dataFile": "../../../data/RandomSpeed_0709.csv"
    }
}