{
    "endIndex": 124774,
    "attack": "FastGradientMethod",
    "timeElapsedSec": 18.729459,
    "kwargs": {
        "eps": 0.15
    },
    "metrics": {
        "accuracy": 0.7513087662493789,
        "precision": 0.5509954575389655,
        "recall": 0.880210412732668,
        "f1": 0.6777388902159125,
        "attackSuccessRate": 0.11978958726733208,
        "falsePositiveRate": 0.3031743136002919,
        "TP": 326294,
        "TN": 611144,
        "FP": 265896,
        "FN": 44406
    },
    "files": {
        "checkpointFile": "../../../saved_models/RandomSpeed-final.ckpt",
        "dataFile": "../../../data/RandomSpeed_0709.csv"
    }
}