{
    "endIndex": 124774,
    "attack": "FastGradientMethod",
    "timeElapsedSec": 19.059907,
    "kwargs": {
        "eps": 0.18
    },
    "metrics": {
        "accuracy": 0.7103010242518474,
        "precision": 0.5072286043178988,
        "recall": 0.8736660372268681,
        "f1": 0.6418279735038966,
        "attackSuccessRate": 0.1263339627731319,
        "falsePositiveRate": 0.35874874578126426,
        "TP": 323868,
        "TN": 562403,
        "FP": 314637,
        "FN": 46832
    },
    "files": {
        "checkpointFile": "../../../saved_models/RandomSpeed-final.ckpt",
        "dataFile": "../../../data/RandomSpeed_0709.csv"
    }
}