epoch,step,trainLoss
24,49,2.293390989303589
49,99,2.374727964401245
74,149,0.29315611720085144
99,199,0.5892228484153748
