epoch,step,trainLoss
16,49,0.25523871183395386
33,99,0.017705347388982773
49,149,0.02223038859665394
