epoch,step,trainLoss
24,49,1.3328052759170532
49,99,0.10914089530706406
74,149,0.003227385925129056
99,199,0.0005039165844209492
124,249,0.0006242560921236873
149,299,0.00021433457732200623
174,349,0.0003686156414914876
199,399,0.00016829482046887279
