epoch,step,trainLoss
24,49,0.41199758648872375
49,99,0.02464904822409153
