epoch,step,trainLoss
16,49,2.4285027980804443
33,99,2.8304243087768555
49,149,2.0389211177825928
66,199,0.6066843867301941
83,249,0.06845013797283173
99,299,0.3765772581100464
116,349,0.07059921324253082
