epoch,step,trainLoss
16,49,2.483973979949951
33,99,1.3439295291900635
49,149,0.20460233092308044
