epoch,step,trainLoss
24,49,1.4827483892440796
49,99,1.4932643175125122
74,149,0.21468961238861084
99,199,0.34794697165489197
