epoch,step,trainLoss
16,49,0.08859549462795258
33,99,0.024034257978200912
49,149,0.015031843446195126
