epoch,step,trainLoss
16,49,0.06021872162818909
33,99,0.034699585288763046
49,149,0.010894334875047207
