{
    "endIndex": 124774,
    "attack": "ProjectedGradientDescent",
    "timeElapsedSec": 3364.617448246,
    "kwargs": {
        "eps": 0.13
    },
    "metrics": {
        "accuracy": 0.07412121114975877,
        "precision": 0.0037069087670290077,
        "recall": 0.007903965470731049,
        "f1": 0.005046868702179627,
        "attackSuccessRate": 0.992096034529269,
        "falsePositiveRate": 0.8978906321262429,
        "TP": 2930,
        "TN": 89554,
        "FP": 787486,
        "FN": 367770
    },
    "files": {
        "checkpointFile": "../../../saved_models/ConstantPos-final.ckpt",
        "dataFile": "../../../data/ConstPos_0709.csv"
    }
}