{
    "endIndex": 124774,
    "attack": "ProjectedGradientDescent",
    "timeElapsedSec": 5253.329350541,
    "kwargs": {
        "eps": 0.07
    },
    "metrics": {
        "accuracy": 0.06710372353214612,
        "precision": 0.05546589920833445,
        "recall": 0.13350957647693554,
        "f1": 0.078372378059788,
        "attackSuccessRate": 0.8664904235230645,
        "falsePositiveRate": 0.9609641521481347,
        "TP": 49492,
        "TN": 34236,
        "FP": 842804,
        "FN": 321208
    },
    "files": {
        "checkpointFile": "../../../saved_models/ConstantPos-final.ckpt",
        "dataFile": "../../../data/ConstPos_0709.csv"
    }
}