{
    "endIndex": 124774,
    "attack": "ProjectedGradientDescent",
    "timeElapsedSec": 5292.516777375,
    "kwargs": {
        "eps": 0.06
    },
    "metrics": {
        "accuracy": 0.06722233798708065,
        "precision": 0.04528547645146052,
        "recall": 0.10654437550579984,
        "f1": 0.06355684005226672,
        "attackSuccessRate": 0.8934556244942001,
        "falsePositiveRate": 0.9493979750068412,
        "TP": 39496,
        "TN": 44380,
        "FP": 832660,
        "FN": 331204
    },
    "files": {
        "checkpointFile": "../../../saved_models/ConstantPos-final.ckpt",
        "dataFile": "../../../data/ConstPos_0709.csv"
    }
}