{
    "endIndex": 124774,
    "attack": "ProjectedGradientDescent",
    "timeElapsedSec": 3056.028308326,
    "kwargs": {
        "eps": 0.22
    },
    "metrics": {
        "accuracy": 0.09990542901566031,
        "precision": 0.004950599283071108,
        "recall": 0.010148367952522256,
        "f1": 0.006654826429673238,
        "attackSuccessRate": 0.9898516320474777,
        "falsePositiveRate": 0.8621568001459454,
        "TP": 3762,
        "TN": 120894,
        "FP": 756146,
        "FN": 366938
    },
    "files": {
        "checkpointFile": "../../../saved_models/ConstantPos-final.ckpt",
        "dataFile": "../../../data/ConstPos_0709.csv"
    }
}