epoch,step,trainLoss
24,49,0.9415478110313416
49,99,0.14291654527187347
74,149,0.017776483669877052
99,199,0.029709603637456894
124,249,0.03762608394026756
149,299,0.004073518328368664
174,349,0.03570535406470299
199,399,0.014168431982398033
224,449,0.010637766681611538
249,499,0.024852804839611053
274,549,0.03310009464621544
299,599,0.0038791659753769636
324,649,0.008155743591487408
349,699,0.010556443594396114
374,749,0.014580321498215199
