epoch,step,trainLoss
49,49,2.990713596343994
99,99,1.4823522567749023
149,149,0.08016962558031082
199,199,0.07121632993221283
249,249,0.08816263824701309
299,299,0.07417125999927521
349,349,0.07764210551977158
399,399,0.07065418362617493
449,449,0.07359592616558075
499,499,0.07257109135389328
549,549,0.08342703431844711
599,599,0.07158641517162323
649,649,0.07384300976991653
699,699,0.07350540906190872
749,749,0.06354166567325592
