{
    "endIndex": 124774,
    "attack": "SaliencyMapMethod",
    "timeElapsedSec": 188.555286,
    "kwargs": {
        "gamma": 0.1
    },
    "metrics": {
        "accuracy": 0.9962812765479988,
        "precision": 1.0,
        "recall": 0.9874831400053952,
        "f1": 0.9937021553830284,
        "falseNegativeRate": 0.012516859994604801,
        "falsePositiveRate": 0.0,
        "TP": 36606,
        "TN": 87704,
        "FP": 0,
        "FN": 464
    },
    "files": {
        "checkpointFile": "../../../saved_models/RandomPos-final.ckpt",
        "dataFile": "../../../data/RandomPos_0709.csv"
    }
}