{
    "endIndex": 124774,
    "attack": "SaliencyMapMethod",
    "timeElapsedSec": 240.071812,
    "kwargs": {
        "gamma": 0.2
    },
    "metrics": {
        "accuracy": 0.9972911023129819,
        "precision": 1.0,
        "recall": 0.9908821149177233,
        "f1": 0.9954201783149508,
        "falseNegativeRate": 0.009117885082276773,
        "falsePositiveRate": 0.0,
        "TP": 36732,
        "TN": 87704,
        "FP": 0,
        "FN": 338
    },
    "files": {
        "checkpointFile": "../../../saved_models/RandomPos-final.ckpt",
        "dataFile": "../../../data/RandomPos_0709.csv"
    }
}