{
    "endIndex": 124774,
    "attack": "SaliencyMapMethod",
    "timeElapsedSec": 960.241887,
    "kwargs": {
        "gamma": 0.4
    },
    "metrics": {
        "accuracy": 0.9990302466860083,
        "precision": 1.0,
        "recall": 0.9967359050445104,
        "f1": 0.998365284589092,
        "falseNegativeRate": 0.0032640949554896144,
        "falsePositiveRate": 0.0,
        "TP": 36949,
        "TN": 87704,
        "FP": 0,
        "FN": 121
    },
    "files": {
        "checkpointFile": "../../../saved_models/RandomPos-final.ckpt",
        "dataFile": "../../../data/RandomPos_0709.csv"
    }
}