{
    "endIndex": 124774,
    "attack": "SaliencyMapMethod",
    "timeElapsedSec": 862.049153,
    "kwargs": {
        "gamma": 0.3
    },
    "metrics": {
        "accuracy": 0.9980364499014218,
        "precision": 1.0,
        "recall": 0.9933908821149178,
        "f1": 0.9966844847418634,
        "falseNegativeRate": 0.006609117885082277,
        "falsePositiveRate": 0.0,
        "TP": 36825,
        "TN": 87704,
        "FP": 0,
        "FN": 245
    },
    "files": {
        "checkpointFile": "../../../saved_models/RandomPos-final.ckpt",
        "dataFile": "../../../data/RandomPos_0709.csv"
    }
}