epoch,step,trainLoss
16,49,1.7677463293075562
33,99,2.8512825965881348
49,149,1.003053903579712
66,199,0.4419233202934265
83,249,0.07007703930139542
99,299,0.3614300489425659
116,349,0.04982459172606468
