epoch,step,trainLoss
24,49,2.513287305831909
49,99,2.57307767868042
74,149,2.5704188346862793
99,199,0.4355289041996002
124,249,0.6819897890090942
149,299,0.08790916949510574
174,349,0.12597782909870148
