epoch,step,trainLoss
24,49,2.214627981185913
49,99,0.21223077178001404
