epoch,step,trainLoss
24,49,2.214627981185913
49,99,0.21223077178001404
74,149,0.03563681244850159
99,199,0.031383998692035675
124,249,0.03528586030006409
149,299,0.011685632169246674
174,349,0.010962503030896187
199,399,0.01197576243430376
224,449,0.013127673417329788
249,499,0.018393654376268387
274,549,0.03140460327267647
299,599,0.0017217949498444796
324,649,0.0027358054649084806
349,699,0.00328895915299654
