epoch,step,trainLoss
16,49,1.8586094379425049
33,99,0.6952065229415894
49,149,0.09758317470550537
