epoch,step,trainLoss
16,49,0.10947493463754654
33,99,0.031911514699459076
49,149,0.01064184308052063
