epoch,step,trainLoss
12,49,1.178767442703247
24,99,0.20283398032188416
37,149,0.2996841371059418
49,199,0.07070181518793106
