epoch,step,trainLoss
12,49,2.6200480461120605
24,99,0.8719457387924194
37,149,0.24171479046344757
49,199,0.1181195005774498
62,249,0.0185980387032032
74,299,0.1332685500383377
87,349,0.01424385141581297
99,399,0.09579698741436005
112,449,0.003541548503562808
124,499,0.112992063164711
137,549,0.012286992743611336
149,599,0.09291845560073853
162,649,0.0035596578381955624
174,699,0.10037606954574585
187,749,0.005888276733458042
199,799,0.08590976148843765
