epoch,step,trainLoss
24,49,0.364981472492218
49,99,0.0316496305167675
