epoch,step,trainLoss
24,49,0.364981472492218
49,99,0.0316496305167675
74,149,0.0066481102257966995
99,199,0.0039148530922830105
124,249,0.38963791728019714
149,299,0.1338600516319275
174,349,0.2637912929058075
199,399,0.11371020972728729
224,449,0.18368057906627655
