epoch,step,trainLoss
49,49,2.853344678878784
99,99,0.7334360480308533
149,149,0.30502545833587646
