epoch,step,trainLoss
49,49,0.040479712188243866
99,99,0.5438989996910095
149,149,0.4146070182323456
