epoch,step,trainLoss
12,49,2.2418930530548096
24,99,0.1239558532834053
