epoch,step,trainLoss
16,49,0.2292989194393158
33,99,0.01200935523957014
49,149,0.029038282111287117
