epoch,step,trainLoss
16,49,0.2292989194393158
33,99,0.01200935523957014
49,149,0.029038282111287117
66,199,0.44572821259498596
83,249,0.5907565355300903
99,299,0.20900189876556396
116,349,0.4416913390159607
