epoch,step,trainLoss
9,49,1.5496151447296143
19,99,0.08118462562561035
29,149,0.03225400671362877
39,199,1.5496152639389038
49,249,0.08118463307619095
59,299,0.03225400298833847
69,349,0.09261903911828995
79,399,0.043032679706811905
89,449,0.023170793429017067
99,499,0.09261905401945114
109,549,0.043032675981521606
119,599,0.023170793429017067
