epoch,step,trainLoss
12,49,1.041229009628296
24,99,0.12181632220745087
37,149,0.23863264918327332
49,199,0.1186889111995697
