epoch,step,trainLoss
24,49,0.39665406942367554
49,99,0.3718889653682709
74,149,0.4009998142719269
99,199,0.19359859824180603
99,199,0.03763879835605621
99,199,0.1424488127231598
99,199,0.07498793303966522
99,199,0.08539814502000809
99,199,0.34524619579315186
99,199,0.248761385679245
99,199,0.061420172452926636
99,199,0.03333210572600365
99,199,0.15596997737884521
99,199,0.1483500897884369
99,199,0.4087081551551819
99,199,0.02225632593035698
99,199,0.0776749923825264
99,199,0.056371498852968216
99,199,0.15113376080989838
99,199,0.20099329948425293
99,199,0.11822804063558578
99,199,0.28608861565589905
