epoch,step,trainLoss
24,49,1.1156542301177979
49,99,0.1959437131881714
74,149,0.018169352784752846
99,199,0.008493582718074322
124,249,0.005417396314442158
149,299,0.0027263283263891935
174,349,0.002596315462142229
199,399,0.002021640073508024
224,449,0.0017763194628059864
249,499,0.003369495738297701
274,549,0.0022803284227848053
299,599,0.002750582993030548
324,649,0.0025082791689783335
349,699,0.0032003147061914206
374,749,0.0017482994589954615
