epoch,step,trainLoss
24,49,1.0106706619262695
49,99,1.6778172254562378
74,149,2.514462471008301
99,199,2.9575164318084717
124,249,0.6358004808425903
149,299,0.07506010681390762
174,349,0.10730087757110596
199,399,0.15836112201213837
224,449,0.23486414551734924
