epoch,step,trainLoss
49,49,2.871405839920044
99,99,2.945068359375
149,149,0.2736896574497223
199,199,0.4168587327003479
