epoch,step,trainLoss
24,49,1.8215808868408203
49,99,1.8281575441360474
