epoch,step,trainLoss
24,49,1.8215808868408203
49,99,1.8281575441360474
74,149,0.3512970805168152
99,199,0.5027427077293396
