epoch,step,trainLoss
49,49,2.000357151031494
99,99,1.0391337871551514
