epoch,step,trainLoss
24,49,1.8281515836715698
49,99,1.8332854509353638
74,149,0.295478492975235
99,199,0.5601059794425964
