epoch,step,trainLoss
24,49,0.6931473016738892
49,99,0.6931473016738892
74,149,0.054950084537267685
74,149,0.020376000553369522
74,149,0.01778772659599781
74,149,0.03535507991909981
74,149,0.0274986419826746
74,149,0.04552775248885155
74,149,0.00945254322141409
74,149,0.1407315582036972
74,149,0.006796225905418396
74,149,0.0385398268699646
74,149,0.02181645855307579
74,149,0.20238517224788666
74,149,0.018384531140327454
74,149,0.18906532227993011
74,149,0.14402326941490173
74,149,0.06389027088880539
74,149,0.032700203359127045
74,149,0.018714629113674164
74,149,0.09896977990865707
74,149,0.1288551241159439
74,149,0.18591132760047913
