{
    "endIndex": 124774,
    "attack": "ProjectedGradientDescent",
    "timeElapsedSec": 149.659925,
    "kwargs": {
        "eps": 0.01,
        "max_iter": 10
    },
    "metrics": {
        "accuracy": 0.44088992899161683,
        "precision": 0.2868057511920786,
        "recall": 0.5932074453736175,
        "f1": 0.3866653537630514,
        "attackSuccessRate": 0.40679255462638253,
        "falsePositiveRate": 0.6234903767217003,
        "TP": 219902,
        "TN": 330214,
        "FP": 546826,
        "FN": 150798
    },
    "files": {
        "checkpointFile": "../../../saved_models/ConstantPos-final.ckpt",
        "dataFile": "../../../data/ConstPos_0709.csv"
    }
}