{
    "endIndex": 124774,
    "attack": "ProjectedGradientDescent",
    "timeElapsedSec": 329.2774,
    "kwargs": {
        "eps": 0.14,
        "max_iter": 10
    },
    "metrics": {
        "accuracy": 0.08741725038870278,
        "precision": 0.001981785214948471,
        "recall": 0.004121931480981926,
        "f1": 0.002676658591145655,
        "attackSuccessRate": 0.9958780685190181,
        "falsePositiveRate": 0.8773761744048162,
        "TP": 1528,
        "TN": 107546,
        "FP": 769494,
        "FN": 369172
    },
    "files": {
        "checkpointFile": "../../../saved_models/ConstantPos-final.ckpt",
        "dataFile": "../../../data/ConstPos_0709.csv"
    }
}