{
    "endIndex": 124774,
    "attack": "ProjectedGradientDescent",
    "timeElapsedSec": 320.069511,
    "kwargs": {
        "eps": 0.25,
        "max_iter": 10
    },
    "metrics": {
        "accuracy": 0.14131229262506612,
        "precision": 0.0055602675137842415,
        "recall": 0.010628540598867009,
        "f1": 0.007301035208964337,
        "attackSuccessRate": 0.989371459401133,
        "falsePositiveRate": 0.8034513819210071,
        "TP": 3940,
        "TN": 172381,
        "FP": 704659,
        "FN": 366760
    },
    "files": {
        "checkpointFile": "../../../saved_models/ConstantPos-final.ckpt",
        "dataFile": "../../../data/ConstPos_0709.csv"
    }
}