{
    "endIndex": 124774,
    "attack": "ProjectedGradientDescent",
    "timeElapsedSec": 267.141023,
    "kwargs": {
        "eps": 0.18,
        "max_iter": 10
    },
    "metrics": {
        "accuracy": 0.10466523474441791,
        "precision": 0.00698918268436925,
        "recall": 0.01427299703264095,
        "f1": 0.009383476674762598,
        "attackSuccessRate": 0.985727002967359,
        "falsePositiveRate": 0.8571285232144485,
        "TP": 5291,
        "TN": 125304,
        "FP": 751736,
        "FN": 365409
    },
    "files": {
        "checkpointFile": "../../../saved_models/ConstantPos-final.ckpt",
        "dataFile": "../../../data/ConstPos_0709.csv"
    }
}