{
    "endIndex": 124774,
    "attack": "ProjectedGradientDescent",
    "timeElapsedSec": 256.933051,
    "kwargs": {
        "eps": 0.26,
        "max_iter": 10
    },
    "metrics": {
        "accuracy": 0.1473896805424207,
        "precision": 0.005967145064632192,
        "recall": 0.011292149986512004,
        "f1": 0.007808186471281692,
        "attackSuccessRate": 0.988707850013488,
        "falsePositiveRate": 0.7950857429535712,
        "TP": 4186,
        "TN": 179718,
        "FP": 697322,
        "FN": 366514
    },
    "files": {
        "checkpointFile": "../../../saved_models/ConstantPos-final.ckpt",
        "dataFile": "../../../data/ConstPos_0709.csv"
    }
}