{
    "endIndex": 124774,
    "attack": "ProjectedGradientDescent",
    "timeElapsedSec": 321.365824,
    "kwargs": {
        "eps": 0.13,
        "max_iter": 10
    },
    "metrics": {
        "accuracy": 0.09437783512590764,
        "precision": 0.005835362845543165,
        "recall": 0.012093336930132183,
        "f1": 0.00787218369248086,
        "attackSuccessRate": 0.9879066630698679,
        "falsePositiveRate": 0.8708428349904224,
        "TP": 4483,
        "TN": 113276,
        "FP": 763764,
        "FN": 366217
    },
    "files": {
        "checkpointFile": "../../../saved_models/ConstantPos-final.ckpt",
        "dataFile": "../../../data/ConstPos_0709.csv"
    }
}