epoch,step,trainLoss
49,49,0.34513354301452637
99,99,0.5227509140968323
149,149,0.014740106649696827
149,149,0.01936105079948902
149,149,0.08789946138858795
149,149,0.01581953465938568
149,149,0.02895020879805088
149,149,0.015370002016425133
149,149,0.014921759255230427
149,149,0.022845128551125526
149,149,0.04992852732539177
149,149,0.05464280769228935
149,149,0.25549009442329407
149,149,0.029637226834893227
149,149,0.030262699350714684
149,149,0.045924630016088486
