epoch,step,trainLoss
49,49,2.5949480533599854
99,99,1.571365237236023
