epoch,step,trainLoss
49,49,2.614849805831909
99,99,0.7741920948028564
149,149,0.021347621455788612
199,199,0.018430225551128387
249,249,0.07734683156013489
299,299,0.004812733270227909
349,349,0.008752018213272095
399,399,0.056824687868356705
449,449,0.004644108936190605
499,499,0.030579380691051483
549,549,0.06872226297855377
599,599,0.004825166426599026
649,649,0.029776550829410553
699,699,0.06397496163845062
749,749,0.00365094980224967
