epoch,step,trainLoss
24,49,2.6981966495513916
49,99,0.24451856315135956
