epoch,step,trainLoss
16,49,2.187542676925659
33,99,0.7281282544136047
49,149,0.11015505343675613
