epoch,step,trainLoss
24,49,1.9297410249710083
49,99,0.8629177808761597
74,149,0.6019681692123413
99,199,0.17905981838703156
124,249,0.025504807010293007
149,299,0.006114177871495485
174,349,0.006300074048340321
199,399,0.0036960351280868053
224,449,0.004756944719702005
249,499,0.0032709597144275904
274,549,0.00426171300932765
299,599,0.003604382509365678
324,649,0.0038878663908690214
349,699,0.0026770171243697405
374,749,0.004554663319140673
399,799,0.003107634140178561
