epoch,step,trainLoss
24,49,2.966437339782715
49,99,0.1845196634531021
74,149,0.043794143944978714
99,199,0.04349026083946228
124,249,0.034520700573921204
149,299,0.026793066412210464
174,349,0.026454078033566475
199,399,0.031211627647280693
224,449,0.03218594565987587
249,499,0.023914508521556854
274,549,0.038448870182037354
299,599,0.02784348465502262
324,649,0.025493549183011055
349,699,0.027142709121108055
374,749,0.03375422954559326
