epoch,step,trainLoss
49,49,2.380434989929199
99,99,2.766763210296631
149,149,0.31821009516716003
199,199,0.5999848246574402
