epoch,step,trainLoss
12,49,0.6840932965278625
24,99,0.24419836699962616
37,149,0.3087509274482727
49,199,0.05465951934456825
