epoch,step,trainLoss
24,49,0.11120792478322983
49,99,0.012263667769730091
74,149,0.006685997359454632
