epoch,step,trainLoss
24,49,0.9564030170440674
49,99,0.16089875996112823
