epoch,step,trainLoss
24,49,0.9564030170440674
49,99,0.16089875996112823
74,149,0.011508150957524776
99,199,0.0013440677430480719
124,249,0.0005166081828065217
149,299,8.434441406279802e-05
174,349,7.247483154060319e-05
199,399,5.6565819249954075e-05
224,449,0.0001176468504127115
249,499,0.00015606521628797054
274,549,0.0006090096430853009
299,599,5.386771590565331e-05
324,649,6.435751856770366e-05
349,699,7.865556835895404e-05
