{
    "eps": 0.14,
    "accuracy": 0.4481462484171382,
    "precision": 0.7959350177699162,
    "recall": 0.4481462484171382,
    "f1": 0.40461154434540225
}