{
    "eps": 0.08,
    "accuracy": 0.527863176623335,
    "precision": 0.809953710941936,
    "recall": 0.527863176623335,
    "f1": 0.5142888661493786
}