{
    "eps": 0.18,
    "accuracy": 0.432518793979515,
    "precision": 0.7927231404652375,
    "recall": 0.432518793979515,
    "f1": 0.3811596589586656
}