{
    "eps": 0.04,
    "accuracy": 0.8660554282142113,
    "precision": 0.9044709143856637,
    "recall": 0.8660554282142113,
    "f1": 0.8712023594200746
}