{
    "eps": 0.26,
    "accuracy": 0.4179492522480645,
    "precision": 0.7859141146328474,
    "recall": 0.4179492522480645,
    "f1": 0.3592394319572113
}