{
    "eps": 0.24,
    "accuracy": 0.4164305063554907,
    "precision": 0.7825485321670148,
    "recall": 0.4164305063554907,
    "f1": 0.35737456344961027
}