{
    "eps": 0.11,
    "accuracy": 0.4414669722858929,
    "precision": 0.79117159808689,
    "recall": 0.4414669722858929,
    "f1": 0.3952879050119963
}