{
    "eps": 0.05,
    "accuracy": 0.7958364723419943,
    "precision": 0.8751615222434425,
    "recall": 0.7958364723419943,
    "f1": 0.8046156925054246
}