{
    "eps": 0.23,
    "accuracy": 0.416485004888839,
    "precision": 0.7817603096898519,
    "recall": 0.416485004888839,
    "f1": 0.35760155898631163
}