{
    "eps": 0.22,
    "accuracy": 0.41606825139852854,
    "precision": 0.7811186377002297,
    "recall": 0.41606825139852854,
    "f1": 0.35703965399591
}