{
    "eps": 0.1,
    "accuracy": 0.44099331591517466,
    "precision": 0.7911825610240705,
    "recall": 0.44099331591517466,
    "f1": 0.3945587267522029
}