{
    "eps": 0.3,
    "accuracy": 0.41764951031464886,
    "precision": 0.7822659338266676,
    "recall": 0.41764951031464886,
    "f1": 0.3593953494013138
}