{
    "eps": 0.03,
    "accuracy": 0.9252440412265376,
    "precision": 0.9377949208828691,
    "recall": 0.9252440412265376,
    "f1": 0.9271550075938886
}