{
    "eps": 0.16,
    "accuracy": 0.4462780707519195,
    "precision": 0.7978795368275031,
    "recall": 0.4462780707519195,
    "f1": 0.4014342748301729
}