{
    "eps": 0.09,
    "accuracy": 0.46823296520108354,
    "precision": 0.7980279579068175,
    "recall": 0.46823296520108354,
    "f1": 0.4340509067137071
}