{
    "eps": 0.13,
    "accuracy": 0.443961883084617,
    "precision": 0.7937407300022545,
    "recall": 0.443961883084617,
    "f1": 0.39864474400507177
}