{
    "eps": 0.01,
    "accuracy": 0.9922147242213922,
    "precision": 0.9922127648880903,
    "recall": 0.9922147242213922,
    "f1": 0.9922035425317566
}