{
    "eps": 0.02,
    "accuracy": 0.9910117492426307,
    "precision": 0.9910050830900048,
    "recall": 0.9910117492426307,
    "f1": 0.9910070601096137
}