{
    "eps": 0.25,
    "accuracy": 0.41716783945373237,
    "precision": 0.7842646043170323,
    "recall": 0.41716783945373237,
    "f1": 0.3582661758838381
}