{
    "eps": 0.07,
    "accuracy": 0.6241596807027106,
    "precision": 0.8286237012820591,
    "recall": 0.6241596807027106,
    "f1": 0.6290417791684256
}