epoch,step,trainLoss
24,49,0.3665412366390228
49,99,0.33877310156822205
