epoch,step,trainLoss
24,49,0.3665412366390228
49,99,0.33877310156822205
74,149,0.33549079298973083
74,149,0.04280834645032883
74,149,0.0434943363070488
74,149,0.01673312857747078
