epoch,step,trainLoss
24,49,0.07966966181993484
49,99,0.009087389335036278
