epoch,step,trainLoss
12,49,2.526482582092285
24,99,0.06774540990591049
37,149,0.313787579536438
49,199,0.06254072487354279
