epoch,step,trainLoss
24,49,0.7744277715682983
49,99,1.0929487943649292
74,149,0.29063549637794495
99,199,0.4440340995788574
