epoch,step,trainLoss
24,49,0.7744277715682983
49,99,1.0929487943649292
