epoch,step,trainLoss
49,49,0.6931473612785339
99,99,0.6846362352371216
149,149,0.6777244806289673
199,199,0.6795602440834045
249,249,0.6799237728118896
