epoch,step,trainLoss
24,49,1.0702570676803589
49,99,0.19026820361614227
74,149,0.016245516017079353
99,199,0.006444921717047691
124,249,0.0027471354696899652
149,299,0.00101606419775635
174,349,0.0016417462611570954
199,399,0.002259174594655633
224,449,0.0025118226185441017
249,499,0.002136921975761652
274,549,0.0035244550090283155
299,599,0.00022283094585873187
324,649,0.00027624869835563004
349,699,0.0007877562311477959
