{
    "endIndex": 5000,
    "kwargs": {},
    "accuracy": 0.9554,
    "precision": 0.957634214760849,
    "recall": 0.9554,
    "f1": 0.9557423970602369
}