epoch,step,trainLoss
8,49,0.5448158979415894
16,99,0.027585456147789955
24,149,0.01018235832452774
33,199,0.022739645093679428
41,249,0.019756505265831947
49,299,0.0069988323375582695
58,349,0.01568259485065937
58,349,0.025559470057487488
58,349,0.01716100051999092
58,349,0.012485353276133537
58,349,0.025825802236795425
58,349,0.0135819585993886
58,349,0.016447877511382103
58,349,0.015371610410511494
58,349,0.02883332408964634
58,349,0.023016642779111862
58,349,0.01858847215771675
58,349,0.01686321385204792
58,349,0.02817854844033718
58,349,0.014614397659897804
58,349,0.015231750905513763
58,349,0.020652981474995613
58,349,0.01763862743973732
58,349,0.05032072588801384
58,349,0.017610102891921997
58,349,0.01746818795800209
58,349,0.01516716182231903
58,349,0.02009177953004837
58,349,0.013633864000439644
58,349,0.03425434231758118
58,349,0.01814929209649563
58,349,0.014204448089003563
58,349,0.019648689776659012
58,349,0.016980690881609917
58,349,0.02989576756954193
58,349,0.01562926545739174
58,349,0.015676477923989296
58,349,0.029873456805944443
