epoch,step,trainLoss
24,49,2.3238279819488525
49,99,0.16095420718193054
74,149,0.012782419100403786
99,199,0.0023833115119487047
124,249,0.0011247009970247746
149,299,0.00028688149177469313
174,349,0.00027681098436005414
199,399,0.0003106657532043755
224,449,0.0003467597998678684
249,499,0.0007089533028192818
274,549,0.0007149995071813464
299,599,0.00017040471720974892
324,649,0.00019637789227999747
349,699,0.00023015098122414201
374,749,0.0002882041735574603
