epoch,step,trainLoss
9,49,2.4304864406585693
19,99,0.1718864142894745
29,149,0.03203173354268074
39,199,0.2392272651195526
49,249,0.051355957984924316
59,299,0.02506149187684059
