{
    "endIndex": 124774,
    "attack": "ProjectedGradientDescent",
    "timeElapsedSec": 352.206963,
    "kwargs": {
        "eps": 0.21,
        "max_iter": 10
    },
    "metrics": {
        "accuracy": 0.12496353406959783,
        "precision": 0.013126552878902452,
        "recall": 0.026223361208524414,
        "f1": 0.017495455608948402,
        "attackSuccessRate": 0.9737766387914756,
        "falsePositiveRate": 0.8333017878317979,
        "TP": 9721,
        "TN": 146201,
        "FP": 730839,
        "FN": 360979
    },
    "files": {
        "checkpointFile": "../../../saved_models/ConstantPos-final.ckpt",
        "dataFile": "../../../data/ConstPos_0709.csv"
    }
}