{
    "endIndex": 124774,
    "attack": "ProjectedGradientDescent",
    "timeElapsedSec": 244.758442,
    "kwargs": {
        "eps": 0.09,
        "max_iter": 10
    },
    "metrics": {
        "accuracy": 0.08829884431051341,
        "precision": 0.06842867079816942,
        "recall": 0.1640032371189641,
        "f1": 0.09656611799313511,
        "attackSuccessRate": 0.8359967628810359,
        "falsePositiveRate": 0.9436992611511448,
        "TP": 60796,
        "TN": 49378,
        "FP": 827662,
        "FN": 309904
    },
    "files": {
        "checkpointFile": "../../../saved_models/ConstantPos-final.ckpt",
        "dataFile": "../../../data/ConstPos_0709.csv"
    }
}