{
    "endIndex": 124774,
    "attack": "ProjectedGradientDescent",
    "timeElapsedSec": 405.099748,
    "kwargs": {
        "eps": 0.07,
        "max_iter": 10
    },
    "metrics": {
        "accuracy": 0.07163832208633208,
        "precision": 0.055021874519800056,
        "recall": 0.13136498516320474,
        "f1": 0.07755855474187497,
        "attackSuccessRate": 0.8686350148367953,
        "falsePositiveRate": 0.9536064489646995,
        "TP": 48697,
        "TN": 40689,
        "FP": 836351,
        "FN": 322003
    },
    "files": {
        "checkpointFile": "../../../saved_models/ConstantPos-final.ckpt",
        "dataFile": "../../../data/ConstPos_0709.csv"
    }
}