{
    "endIndex": 124774,
    "attack": "ProjectedGradientDescent",
    "timeElapsedSec": 339.403178,
    "kwargs": {
        "eps": 0.12,
        "max_iter": 10
    },
    "metrics": {
        "accuracy": 0.11162742237966243,
        "precision": 0.026540403586638155,
        "recall": 0.055780954950094414,
        "f1": 0.035967556491745614,
        "attackSuccessRate": 0.9442190450499056,
        "falsePositiveRate": 0.8647678555140016,
        "TP": 20678,
        "TN": 118604,
        "FP": 758436,
        "FN": 350022
    },
    "files": {
        "checkpointFile": "../../../saved_models/ConstantPos-final.ckpt",
        "dataFile": "../../../data/ConstPos_0709.csv"
    }
}