{
    "endIndex": 124774,
    "attack": "ProjectedGradientDescent",
    "timeElapsedSec": 348.723128,
    "kwargs": {
        "eps": 0.2,
        "max_iter": 10
    },
    "metrics": {
        "accuracy": 0.1197452995014987,
        "precision": 0.014953450452696514,
        "recall": 0.030256271917992985,
        "f1": 0.020014971969938282,
        "attackSuccessRate": 0.969743728082007,
        "falsePositiveRate": 0.8424302198303384,
        "TP": 11216,
        "TN": 138195,
        "FP": 738845,
        "FN": 359484
    },
    "files": {
        "checkpointFile": "../../../saved_models/ConstantPos-final.ckpt",
        "dataFile": "../../../data/ConstPos_0709.csv"
    }
}