{
    "endIndex": 124774,
    "attack": "ProjectedGradientDescent",
    "timeElapsedSec": 263.627238,
    "kwargs": {
        "eps": 0.23,
        "max_iter": 10
    },
    "metrics": {
        "accuracy": 0.13421866735056984,
        "precision": 0.007426402394664208,
        "recall": 0.01442945778257351,
        "f1": 0.00980597047759421,
        "attackSuccessRate": 0.9855705422174265,
        "falsePositiveRate": 0.8151498221289792,
        "TP": 5349,
        "TN": 162121,
        "FP": 714919,
        "FN": 365351
    },
    "files": {
        "checkpointFile": "../../../saved_models/ConstantPos-final.ckpt",
        "dataFile": "../../../data/ConstPos_0709.csv"
    }
}