{
    "endIndex": 124774,
    "attack": "ProjectedGradientDescent",
    "timeElapsedSec": 240.281927,
    "kwargs": {
        "eps": 0.08,
        "max_iter": 10
    },
    "metrics": {
        "accuracy": 0.07998621507685896,
        "precision": 0.06287793575092235,
        "recall": 0.15079848934448342,
        "f1": 0.08875005953609476,
        "attackSuccessRate": 0.8492015106555166,
        "falsePositiveRate": 0.9499441302563167,
        "TP": 55901,
        "TN": 43901,
        "FP": 833139,
        "FN": 314799
    },
    "files": {
        "checkpointFile": "../../../saved_models/ConstantPos-final.ckpt",
        "dataFile": "../../../data/ConstPos_0709.csv"
    }
}