{
    "endIndex": 124774,
    "attack": "ProjectedGradientDescent",
    "timeElapsedSec": 323.562896,
    "kwargs": {
        "eps": 0.06,
        "max_iter": 10
    },
    "metrics": {
        "accuracy": 0.0693966691778736,
        "precision": 0.043988641988413534,
        "recall": 0.10284596708929053,
        "f1": 0.06162109130346589,
        "attackSuccessRate": 0.8971540329107095,
        "falsePositiveRate": 0.9447414029006659,
        "TP": 38125,
        "TN": 48464,
        "FP": 828576,
        "FN": 332575
    },
    "files": {
        "checkpointFile": "../../../saved_models/ConstantPos-final.ckpt",
        "dataFile": "../../../data/ConstPos_0709.csv"
    }
}