{
    "endIndex": 124774,
    "attack": "FastGradientMethod",
    "timeElapsedSec": 14.851607,
    "kwargs": {
        "eps": 0.1
    },
    "metrics": {
        "accuracy": 0.9884703544007566,
        "precision": 0.983431291143637,
        "recall": 0.9776638791475587,
        "f1": 0.9805391044146174,
        "attackSuccessRate": 0.022336120852441327,
        "falsePositiveRate": 0.0069620541822493845,
        "TP": 362420,
        "TN": 870934,
        "FP": 6106,
        "FN": 8280
    },
    "files": {
        "checkpointFile": "../../saved_models/decen/init-test-randpos/*",
        "dataFile": "../../data/RandomPos_0709.csv"
    }
}