{
    "endIndex": 124774,
    "attack": "FastGradientMethod",
    "timeElapsedSec": 14.763119,
    "kwargs": {
        "eps": 0.1
    },
    "metrics": {
        "accuracy": 0.9825236026736339,
        "precision": 0.9792157703021213,
        "recall": 0.9615861882924197,
        "f1": 0.9703209087469342,
        "attackSuccessRate": 0.03841381170758025,
        "falsePositiveRate": 0.00862674450424154,
        "TP": 356460,
        "TN": 869474,
        "FP": 7566,
        "FN": 14240
    },
    "files": {
        "checkpointFile": "../../saved_models/decen/init-test-randpos/*",
        "dataFile": "../../data/RandomPos_0709.csv"
    }
}