{
    "endIndex": 124774,
    "attack": "FastGradientMethod",
    "timeElapsedSec": 14.839,
    "kwargs": {
        "eps": 0.1
    },
    "metrics": {
        "accuracy": 0.9881353487104685,
        "precision": 0.9913790246865853,
        "recall": 0.968486646884273,
        "f1": 0.9797991376016594,
        "attackSuccessRate": 0.031513353115727005,
        "falsePositiveRate": 0.0035597008118215816,
        "TP": 359018,
        "TN": 873918,
        "FP": 3122,
        "FN": 11682
    },
    "files": {
        "checkpointFile": "../../saved_models/decen/init-test-randpos/*",
        "dataFile": "../../data/RandomPos_0709.csv"
    }
}