{
    "endIndex": 124774,
    "attack": "FastGradientMethod",
    "timeElapsedSec": 17.049857,
    "kwargs": {
        "eps": 0.1
    },
    "metrics": {
        "accuracy": 0.9899458220462596,
        "precision": 0.9874488604349211,
        "recall": 0.9785972484488805,
        "f1": 0.9830031283998825,
        "attackSuccessRate": 0.021402751551119505,
        "falsePositiveRate": 0.0052574569004834445,
        "TP": 362766,
        "TN": 872429,
        "FP": 4611,
        "FN": 7934
    },
    "files": {
        "checkpointFile": "../../saved_models/decen/init-test-randpos/*",
        "dataFile": "../../data/RandomPos_0709.csv"
    }
}