{
    "endIndex": 124774,
    "attack": "FastGradientMethod",
    "timeElapsedSec": 14.811993,
    "kwargs": {
        "eps": 0.1
    },
    "metrics": {
        "accuracy": 0.9879133473319762,
        "precision": 0.9898643715717524,
        "recall": 0.9692419746425681,
        "f1": 0.9794446329924477,
        "attackSuccessRate": 0.030758025357431884,
        "falsePositiveRate": 0.004194791571650096,
        "TP": 359298,
        "TN": 873361,
        "FP": 3679,
        "FN": 11402
    },
    "files": {
        "checkpointFile": "../../saved_models/decen/init-test-randpos/*",
        "dataFile": "../../data/RandomPos_0709.csv"
    }
}