{
    "endIndex": 124774,
    "attack": "FastGradientMethod",
    "timeElapsedSec": 15.10792,
    "kwargs": {
        "eps": 0.1
    },
    "metrics": {
        "accuracy": 0.9861653870197317,
        "precision": 0.9876755802080747,
        "recall": 0.9654815214459131,
        "f1": 0.9764524533809867,
        "attackSuccessRate": 0.034518478554086865,
        "falsePositiveRate": 0.005092128067134908,
        "TP": 357904,
        "TN": 872574,
        "FP": 4466,
        "FN": 12796
    },
    "files": {
        "checkpointFile": "../../saved_models/decen/init-test-randpos/*",
        "dataFile": "../../data/RandomPos_0709.csv"
    }
}