{
    "endIndex": 124774,
    "attack": "FastGradientMethod",
    "timeElapsedSec": 14.876313,
    "kwargs": {
        "eps": 0.1
    },
    "metrics": {
        "accuracy": 0.9861942391844455,
        "precision": 0.9784667363325771,
        "recall": 0.9749878608038846,
        "f1": 0.9767242008317997,
        "attackSuccessRate": 0.025012139196115456,
        "falsePositiveRate": 0.009069141658305208,
        "TP": 361428,
        "TN": 869086,
        "FP": 7954,
        "FN": 9272
    },
    "files": {
        "checkpointFile": "../../saved_models/decen/init-test-randpos/*",
        "dataFile": "../../data/RandomPos_0709.csv"
    }
}