{
    "endIndex": 124774,
    "attack": "FastGradientMethod",
    "timeElapsedSec": 15.180786,
    "kwargs": {
        "eps": 0.1
    },
    "metrics": {
        "accuracy": 0.9904787856444451,
        "precision": 0.9905772848580303,
        "recall": 0.9772484488804963,
        "f1": 0.9838677262184754,
        "attackSuccessRate": 0.02275155111950364,
        "falsePositiveRate": 0.003929125239441758,
        "TP": 362266,
        "TN": 873594,
        "FP": 3446,
        "FN": 8434
    },
    "files": {
        "checkpointFile": "../../saved_models/decen/init-test-randpos/*",
        "dataFile": "../../data/RandomPos_0709.csv"
    }
}