{
    "endIndex": 124774,
    "attack": "FastGradientMethod",
    "timeElapsedSec": 16.398313,
    "kwargs": {
        "eps": 0.1
    },
    "metrics": {
        "accuracy": 0.9865116129962973,
        "precision": 0.9925889630673118,
        "recall": 0.961780415430267,
        "f1": 0.9769418573107876,
        "attackSuccessRate": 0.038219584569732935,
        "falsePositiveRate": 0.003035209340508985,
        "TP": 356532,
        "TN": 874378,
        "FP": 2662,
        "FN": 14168
    },
    "files": {
        "checkpointFile": "../../saved_models/decen/init-test-randpos/*",
        "dataFile": "../../data/RandomPos_0709.csv"
    }
}