{
    "endIndex": 124774,
    "attack": "FastGradientMethod",
    "timeElapsedSec": 14.822085,
    "kwargs": {
        "eps": 0.1
    },
    "metrics": {
        "accuracy": 0.9881040921986952,
        "precision": 0.989582559454529,
        "recall": 0.9701726463447532,
        "f1": 0.9797814825459831,
        "attackSuccessRate": 0.02982735365524683,
        "falsePositiveRate": 0.004316792848672809,
        "TP": 359643,
        "TN": 873254,
        "FP": 3786,
        "FN": 11057
    },
    "files": {
        "checkpointFile": "../../saved_models/decen/init-test-randpos/*",
        "dataFile": "../../data/RandomPos_0709.csv"
    }
}