{
    "endIndex": 124774,
    "attack": "FastGradientMethod",
    "timeElapsedSec": 15.279934,
    "kwargs": {
        "eps": 0.1
    },
    "metrics": {
        "accuracy": 0.9907576899033452,
        "precision": 0.9928156661288021,
        "recall": 0.9759536012948475,
        "f1": 0.9843124238203029,
        "attackSuccessRate": 0.024046398705152416,
        "falsePositiveRate": 0.002985040591079084,
        "TP": 361786,
        "TN": 874422,
        "FP": 2618,
        "FN": 8914
    },
    "files": {
        "checkpointFile": "../../saved_models/decen/init-test-randpos/*",
        "dataFile": "../../data/RandomPos_0709.csv"
    }
}