{
    "endIndex": 124774,
    "attack": "FastGradientMethod",
    "timeElapsedSec": 14.986835,
    "kwargs": {
        "eps": 0.1
    },
    "metrics": {
        "accuracy": 0.9880215429496529,
        "precision": 0.9875533116249493,
        "recall": 0.971931480981926,
        "f1": 0.9796801244262686,
        "attackSuccessRate": 0.028068519018073914,
        "falsePositiveRate": 0.005177642980935876,
        "TP": 360295,
        "TN": 872499,
        "FP": 4541,
        "FN": 10405
    },
    "files": {
        "checkpointFile": "../../saved_models/decen/init-test-randpos/*",
        "dataFile": "../../data/RandomPos_0709.csv"
    }
}