{
    "endIndex": 124774,
    "attack": "FastGradientMethod",
    "timeElapsedSec": 14.868254,
    "kwargs": {
        "eps": 0.1
    },
    "metrics": {
        "accuracy": 0.9846306121467614,
        "precision": 0.9871749030564587,
        "recall": 0.9607499325600216,
        "f1": 0.973783181152654,
        "attackSuccessRate": 0.03925006743997842,
        "falsePositiveRate": 0.005275700082094317,
        "TP": 356150,
        "TN": 872413,
        "FP": 4627,
        "FN": 14550
    },
    "files": {
        "checkpointFile": "../../saved_models/decen/init-test-randpos/*",
        "dataFile": "../../data/RandomPos_0709.csv"
    }
}