{
    "endIndex": 124774,
    "attack": "FastGradientMethod",
    "timeElapsedSec": 14.974052,
    "kwargs": {
        "eps": 0.1
    },
    "metrics": {
        "accuracy": 0.9899418148011605,
        "precision": 0.9914620223288287,
        "recall": 0.9745373617480443,
        "f1": 0.9829268425405946,
        "attackSuccessRate": 0.02546263825195576,
        "falsePositiveRate": 0.0035471586244641066,
        "TP": 361261,
        "TN": 873929,
        "FP": 3111,
        "FN": 9439
    },
    "files": {
        "checkpointFile": "../../saved_models/decen/init-test-randpos/*",
        "dataFile": "../../data/RandomPos_0709.csv"
    }
}