{
    "endIndex": 124774,
    "attack": "FastGradientMethod",
    "timeElapsedSec": 14.846488,
    "kwargs": {
        "eps": 0.1
    },
    "metrics": {
        "accuracy": 0.9827423982560469,
        "precision": 0.990892603579412,
        "recall": 0.9506501213919611,
        "f1": 0.9703543082144159,
        "attackSuccessRate": 0.04934987860803885,
        "falsePositiveRate": 0.00369310407735109,
        "TP": 352406,
        "TN": 873801,
        "FP": 3239,
        "FN": 18294
    },
    "files": {
        "checkpointFile": "../../saved_models/decen/init-test-randpos/*",
        "dataFile": "../../data/RandomPos_0709.csv"
    }
}