{
    "endIndex": 124774,
    "attack": "FastGradientMethod",
    "timeElapsedSec": 14.891282,
    "kwargs": {
        "eps": 0.1
    },
    "metrics": {
        "accuracy": 0.9881625979771427,
        "precision": 0.990691570025532,
        "recall": 0.9692635554356622,
        "f1": 0.9798604274443604,
        "attackSuccessRate": 0.030736444564337738,
        "falsePositiveRate": 0.0038493113198941895,
        "TP": 359306,
        "TN": 873664,
        "FP": 3376,
        "FN": 11394
    },
    "files": {
        "checkpointFile": "../../saved_models/decen/init-test-randpos/*",
        "dataFile": "../../data/RandomPos_0709.csv"
    }
}