{
    "endIndex": 124774,
    "attack": "FastGradientMethod",
    "timeElapsedSec": 15.118958,
    "kwargs": {
        "eps": 0.1
    },
    "metrics": {
        "accuracy": 0.9754307788481574,
        "precision": 0.9767702713313069,
        "recall": 0.9396493121122201,
        "f1": 0.9578502760850913,
        "attackSuccessRate": 0.06035068788777988,
        "falsePositiveRate": 0.009445407279029462,
        "TP": 348328,
        "TN": 868756,
        "FP": 8284,
        "FN": 22372
    },
    "files": {
        "checkpointFile": "../../saved_models/decen/init-test-randpos/*",
        "dataFile": "../../data/RandomPos_0709.csv"
    }
}