{
    "endIndex": 124774,
    "attack": "FastGradientMethod",
    "timeElapsedSec": 15.130866,
    "kwargs": {
        "eps": 0.1
    },
    "metrics": {
        "accuracy": 0.9893351178931508,
        "precision": 0.984946551710101,
        "recall": 0.9790666306986782,
        "f1": 0.9819977894632886,
        "attackSuccessRate": 0.020933369301321822,
        "falsePositiveRate": 0.006324683024719511,
        "TP": 362940,
        "TN": 871493,
        "FP": 5547,
        "FN": 7760
    },
    "files": {
        "checkpointFile": "../../saved_models/decen/init-test-randpos/*",
        "dataFile": "../../data/RandomPos_0709.csv"
    }
}