{
    "endIndex": 124774,
    "attack": "FastGradientMethod",
    "timeElapsedSec": 15.023607,
    "kwargs": {
        "eps": 0.1
    },
    "metrics": {
        "accuracy": 0.980023081731771,
        "precision": 0.9921405310621243,
        "recall": 0.9402077151335312,
        "f1": 0.9654762630263879,
        "attackSuccessRate": 0.05979228486646884,
        "falsePositiveRate": 0.003148089026726261,
        "TP": 348535,
        "TN": 874279,
        "FP": 2761,
        "FN": 22165
    },
    "files": {
        "checkpointFile": "../../saved_models/decen/init-test-randpos/*",
        "dataFile": "../../data/RandomPos_0709.csv"
    }
}