{
    "endIndex": 124774,
    "attack": "FastGradientMethod",
    "timeElapsedSec": 14.907656,
    "kwargs": {
        "eps": 0.1
    },
    "metrics": {
        "accuracy": 0.9878283937358745,
        "precision": 0.9819927059748641,
        "recall": 0.9769463177771783,
        "f1": 0.9794630119202969,
        "attackSuccessRate": 0.023053682222821687,
        "falsePositiveRate": 0.007572060567362948,
        "TP": 362154,
        "TN": 870399,
        "FP": 6641,
        "FN": 8546
    },
    "files": {
        "checkpointFile": "../../saved_models/decen/init-test-randpos/*",
        "dataFile": "../../data/RandomPos_0709.csv"
    }
}