{
    "endIndex": 124774,
    "attack": "FastGradientMethod",
    "timeElapsedSec": 14.787513,
    "kwargs": {
        "eps": 0.1
    },
    "metrics": {
        "accuracy": 0.989730232259926,
        "precision": 0.9907441942101164,
        "recall": 0.9745373617480443,
        "f1": 0.9825739525876607,
        "attackSuccessRate": 0.02546263825195576,
        "falsePositiveRate": 0.00384817112104351,
        "TP": 361261,
        "TN": 873665,
        "FP": 3375,
        "FN": 9439
    },
    "files": {
        "checkpointFile": "../../saved_models/decen/init-test-randpos/*",
        "dataFile": "../../data/RandomPos_0709.csv"
    }
}