{
    "endIndex": 124774,
    "attack": "FastGradientMethod",
    "timeElapsedSec": 15.294218,
    "kwargs": {
        "eps": 0.1
    },
    "metrics": {
        "accuracy": 0.9928574863352942,
        "precision": 0.9961083411495615,
        "recall": 0.9797868896681953,
        "f1": 0.9878802055142888,
        "attackSuccessRate": 0.020213110331804694,
        "falsePositiveRate": 0.0016179421691142936,
        "TP": 363207,
        "TN": 875621,
        "FP": 1419,
        "FN": 7493
    },
    "files": {
        "checkpointFile": "../../saved_models/decen/init-test-randpos/*",
        "dataFile": "../../data/RandomPos_0709.csv"
    }
}