{
    "endIndex": 124774,
    "attack": "FastGradientMethod",
    "timeElapsedSec": 14.977773,
    "kwargs": {
        "eps": 0.1
    },
    "metrics": {
        "accuracy": 0.9888790934008688,
        "precision": 0.9865604887095015,
        "recall": 0.9758618829241975,
        "f1": 0.9811820228376142,
        "attackSuccessRate": 0.024138117075802535,
        "falsePositiveRate": 0.005618899936148864,
        "TP": 361752,
        "TN": 872112,
        "FP": 4928,
        "FN": 8948
    },
    "files": {
        "checkpointFile": "../../saved_models/decen/init-test-randpos/*",
        "dataFile": "../../data/RandomPos_0709.csv"
    }
}