{
    "endIndex": 124774,
    "attack": "FastGradientMethod",
    "timeElapsedSec": 14.907175,
    "kwargs": {
        "eps": 0.1
    },
    "metrics": {
        "accuracy": 0.9767996537740234,
        "precision": 0.9752231832466557,
        "recall": 0.9459428108983006,
        "f1": 0.9603598668985444,
        "attackSuccessRate": 0.05405718910169949,
        "falsePositiveRate": 0.010158031560704188,
        "TP": 350661,
        "TN": 868131,
        "FP": 8909,
        "FN": 20039
    },
    "files": {
        "checkpointFile": "../../saved_models/decen/init-test-randpos/*",
        "dataFile": "../../data/RandomPos_0709.csv"
    }
}