{
    "endIndex": 124774,
    "attack": "FastGradientMethod",
    "timeElapsedSec": 14.799596,
    "kwargs": {
        "eps": 0.1
    },
    "metrics": {
        "accuracy": 0.9901670219757321,
        "precision": 0.9889878118323725,
        "recall": 0.9777906663069867,
        "f1": 0.9833573656102864,
        "attackSuccessRate": 0.022209333693013217,
        "falsePositiveRate": 0.004601842561342698,
        "TP": 362467,
        "TN": 873004,
        "FP": 4036,
        "FN": 8233
    },
    "files": {
        "checkpointFile": "../../saved_models/decen/init-test-randpos/*",
        "dataFile": "../../data/RandomPos_0709.csv"
    }
}