{
    "endIndex": 124774,
    "attack": "FastGradientMethod",
    "timeElapsedSec": 15.056586,
    "kwargs": {
        "eps": 0.1
    },
    "metrics": {
        "accuracy": 0.9878548415535288,
        "precision": 0.9899406359722858,
        "recall": 0.9689668195306177,
        "f1": 0.979341445526252,
        "attackSuccessRate": 0.03103318046938225,
        "falsePositiveRate": 0.004161725804980389,
        "TP": 359196,
        "TN": 873390,
        "FP": 3650,
        "FN": 11504
    },
    "files": {
        "checkpointFile": "../../saved_models/decen/init-test-randpos/*",
        "dataFile": "../../data/RandomPos_0709.csv"
    }
}