{
    "endIndex": 124774,
    "attack": "FastGradientMethod",
    "timeElapsedSec": 15.175456,
    "kwargs": {
        "eps": 0.1
    },
    "metrics": {
        "accuracy": 0.9874861750044079,
        "precision": 0.9885043555780565,
        "recall": 0.969150256271918,
        "f1": 0.9787316350242868,
        "attackSuccessRate": 0.030849743728082007,
        "falsePositiveRate": 0.004763750798139195,
        "TP": 359264,
        "TN": 872862,
        "FP": 4178,
        "FN": 11436
    },
    "files": {
        "checkpointFile": "../../saved_models/decen/init-test-randpos/*",
        "dataFile": "../../data/RandomPos_0709.csv"
    }
}