{
    "endIndex": 124774,
    "attack": "FastGradientMethod",
    "timeElapsedSec": 15.785053,
    "kwargs": {
        "eps": 0.1
    },
    "metrics": {
        "accuracy": 0.9914629650407938,
        "precision": 0.9947671606349765,
        "recall": 0.9764014027515511,
        "f1": 0.9854987230381346,
        "attackSuccessRate": 0.023598597248448882,
        "falsePositiveRate": 0.0021709386116938794,
        "TP": 361952,
        "TN": 875136,
        "FP": 1904,
        "FN": 8748
    },
    "files": {
        "checkpointFile": "../../saved_models/decen/init-test-randpos/*",
        "dataFile": "../../data/RandomPos_0709.csv"
    }
}