{
    "endIndex": 124774,
    "attack": "FastGradientMethod",
    "timeElapsedSec": 14.861727,
    "kwargs": {
        "eps": 0.1
    },
    "metrics": {
        "accuracy": 0.9859882667863498,
        "precision": 0.9931173512552108,
        "recall": 0.959487456164014,
        "f1": 0.9760127982964875,
        "attackSuccessRate": 0.04051254383598597,
        "falsePositiveRate": 0.0028105901669251117,
        "TP": 355682,
        "TN": 874575,
        "FP": 2465,
        "FN": 15018
    },
    "files": {
        "checkpointFile": "../../saved_models/decen/init-test-randpos/*",
        "dataFile": "../../data/RandomPos_0709.csv"
    }
}