{
    "endIndex": 124774,
    "attack": "FastGradientMethod",
    "timeElapsedSec": 14.919628,
    "kwargs": {
        "eps": 0.1
    },
    "metrics": {
        "accuracy": 0.9889263788930386,
        "precision": 0.9888312691590168,
        "recall": 0.973725384407877,
        "f1": 0.9812201914542834,
        "attackSuccessRate": 0.02627461559212301,
        "falsePositiveRate": 0.0046485907142205605,
        "TP": 360960,
        "TN": 872963,
        "FP": 4077,
        "FN": 9740
    },
    "files": {
        "checkpointFile": "../../saved_models/decen/init-test-randpos/*",
        "dataFile": "../../data/RandomPos_0709.csv"
    }
}