{
    "endIndex": 124774,
    "attack": "FastGradientMethod",
    "timeElapsedSec": 15.054124,
    "kwargs": {
        "eps": 0.1
    },
    "metrics": {
        "accuracy": 0.9824426563226313,
        "precision": 0.9683004701895527,
        "recall": 0.9727488535203669,
        "f1": 0.970519564582568,
        "attackSuccessRate": 0.027251146479633125,
        "falsePositiveRate": 0.013460047432272188,
        "TP": 360598,
        "TN": 865235,
        "FP": 11805,
        "FN": 10102
    },
    "files": {
        "checkpointFile": "../../saved_models/decen/init-test-randpos/*",
        "dataFile": "../../data/RandomPos_0709.csv"
    }
}