{
    "endIndex": 124774,
    "attack": "FastGradientMethod",
    "timeElapsedSec": 14.921163,
    "kwargs": {
        "eps": 0.1
    },
    "metrics": {
        "accuracy": 0.9905998044464391,
        "precision": 0.9947134426844024,
        "recall": 0.9735338548691664,
        "f1": 0.9840096958856562,
        "attackSuccessRate": 0.02646614513083356,
        "falsePositiveRate": 0.002186901395603393,
        "TP": 360889,
        "TN": 875122,
        "FP": 1918,
        "FN": 9811
    },
    "files": {
        "checkpointFile": "../../saved_models/decen/init-test-randpos/*",
        "dataFile": "../../data/RandomPos_0709.csv"
    }
}