{
    "endIndex": 124774,
    "attack": "FastGradientMethod",
    "timeElapsedSec": 15.088995,
    "kwargs": {
        "eps": 0.1
    },
    "metrics": {
        "accuracy": 0.9862671710452499,
        "precision": 0.9843979909741802,
        "recall": 0.9691367682762342,
        "f1": 0.976707768472364,
        "attackSuccessRate": 0.030863231723765847,
        "falsePositiveRate": 0.006492292255769406,
        "TP": 359259,
        "TN": 871346,
        "FP": 5694,
        "FN": 11441
    },
    "files": {
        "checkpointFile": "../../saved_models/decen/init-test-randpos/*",
        "dataFile": "../../data/RandomPos_0709.csv"
    }
}