{
    "endIndex": 124774,
    "attack": "FastGradientMethod",
    "timeElapsedSec": 14.868825,
    "kwargs": {
        "eps": 0.1
    },
    "metrics": {
        "accuracy": 0.9900379886835399,
        "precision": 0.992483600833567,
        "recall": 0.9738440787698948,
        "f1": 0.9830754944597093,
        "attackSuccessRate": 0.026155921230105208,
        "falsePositiveRate": 0.003117303657757913,
        "TP": 361004,
        "TN": 874306,
        "FP": 2734,
        "FN": 9696
    },
    "files": {
        "checkpointFile": "../../saved_models/decen/init-test-randpos/*",
        "dataFile": "../../data/RandomPos_0709.csv"
    }
}