{
    "endIndex": 124774,
    "attack": "FastGradientMethod",
    "timeElapsedSec": 14.923874,
    "kwargs": {
        "eps": 0.1
    },
    "metrics": {
        "accuracy": 0.9858496161059195,
        "precision": 0.9865277548095475,
        "recall": 0.9655570542217426,
        "f1": 0.9759297633329699,
        "attackSuccessRate": 0.03444294577825735,
        "falsePositiveRate": 0.005573291982121682,
        "TP": 357932,
        "TN": 872152,
        "FP": 4888,
        "FN": 12768
    },
    "files": {
        "checkpointFile": "../../saved_models/decen/init-test-randpos/*",
        "dataFile": "../../data/RandomPos_0709.csv"
    }
}