{
    "endIndex": 124774,
    "attack": "FastGradientMethod",
    "timeElapsedSec": 14.82063,
    "kwargs": {
        "eps": 0.1
    },
    "metrics": {
        "accuracy": 0.9833619183483738,
        "precision": 0.9768354499373194,
        "recall": 0.966927434583221,
        "f1": 0.9718561900113877,
        "attackSuccessRate": 0.03307256541677907,
        "falsePositiveRate": 0.009691690230776248,
        "TP": 358440,
        "TN": 868540,
        "FP": 8500,
        "FN": 12260
    },
    "files": {
        "checkpointFile": "../../saved_models/decen/init-test-randpos/*",
        "dataFile": "../../data/RandomPos_0709.csv"
    }
}