{
    "endIndex": 124774,
    "attack": "FastGradientMethod",
    "timeElapsedSec": 14.816794,
    "kwargs": {
        "eps": 0.1
    },
    "metrics": {
        "accuracy": 0.990074855338452,
        "precision": 0.9940136437083974,
        "recall": 0.9724494200161856,
        "f1": 0.9831132952800679,
        "attackSuccessRate": 0.027550579983814404,
        "falsePositiveRate": 0.0024753717048253215,
        "TP": 360487,
        "TN": 874869,
        "FP": 2171,
        "FN": 10213
    },
    "files": {
        "checkpointFile": "../../saved_models/decen/init-test-randpos/*",
        "dataFile": "../../data/RandomPos_0709.csv"
    }
}