{
    "endIndex": 124774,
    "attack": "FastGradientMethod",
    "timeElapsedSec": 14.833451,
    "kwargs": {
        "eps": 0.1
    },
    "metrics": {
        "accuracy": 0.9853222626508727,
        "precision": 0.9839483181990475,
        "recall": 0.9663609387644996,
        "f1": 0.9750753292849229,
        "attackSuccessRate": 0.0336390612355004,
        "falsePositiveRate": 0.00666332208337134,
        "TP": 358230,
        "TN": 871196,
        "FP": 5844,
        "FN": 12470
    },
    "files": {
        "checkpointFile": "../../saved_models/decen/init-test-randpos/*",
        "dataFile": "../../data/RandomPos_0709.csv"
    }
}