{
    "endIndex": 124774,
    "attack": "FastGradientMethod",
    "timeElapsedSec": 15.136936,
    "kwargs": {
        "eps": 0.1
    },
    "metrics": {
        "accuracy": 0.9859153349255454,
        "precision": 0.9821859672503632,
        "recall": 0.9701888319395737,
        "f1": 0.9761505390352734,
        "attackSuccessRate": 0.029811168060426222,
        "falsePositiveRate": 0.007437517102982761,
        "TP": 359649,
        "TN": 870517,
        "FP": 6523,
        "FN": 11051
    },
    "files": {
        "checkpointFile": "../../saved_models/decen/init-test-randpos/*",
        "dataFile": "../../data/RandomPos_0709.csv"
    }
}