{
    "endIndex": 124774,
    "attack": "FastGradientMethod",
    "timeElapsedSec": 14.994518,
    "kwargs": {
        "eps": 0.1
    },
    "metrics": {
        "accuracy": 0.9848037251350441,
        "precision": 0.9783989489174992,
        "recall": 0.9702724575128135,
        "f1": 0.974318758372036,
        "attackSuccessRate": 0.029727542487186405,
        "falsePositiveRate": 0.009054319073246374,
        "TP": 359680,
        "TN": 869099,
        "FP": 7941,
        "FN": 11020
    },
    "files": {
        "checkpointFile": "../../saved_models/decen/init-test-randpos/*",
        "dataFile": "../../data/RandomPos_0709.csv"
    }
}