{
    "endIndex": 124774,
    "attack": "FastGradientMethod",
    "timeElapsedSec": 14.903409,
    "kwargs": {
        "eps": 0.1
    },
    "metrics": {
        "accuracy": 0.9862270985942584,
        "precision": 0.9944943502745831,
        "recall": 0.9589506339357972,
        "f1": 0.9763991260054576,
        "attackSuccessRate": 0.04104936606420286,
        "falsePositiveRate": 0.0022439113381373713,
        "TP": 355483,
        "TN": 875072,
        "FP": 1968,
        "FN": 15217
    },
    "files": {
        "checkpointFile": "../../saved_models/decen/init-test-randpos/*",
        "dataFile": "../../data/RandomPos_0709.csv"
    }
}