{
    "endIndex": 124774,
    "attack": "FastGradientMethod",
    "timeElapsedSec": 14.934455,
    "kwargs": {
        "eps": 0.1
    },
    "metrics": {
        "accuracy": 0.9874805648612692,
        "precision": 0.990816177019432,
        "recall": 0.966822228216887,
        "f1": 0.9786721607595612,
        "attackSuccessRate": 0.03317777178311303,
        "falsePositiveRate": 0.0037877405819574934,
        "TP": 358401,
        "TN": 873718,
        "FP": 3322,
        "FN": 12299
    },
    "files": {
        "checkpointFile": "../../saved_models/decen/init-test-randpos/*",
        "dataFile": "../../data/RandomPos_0709.csv"
    }
}