{
    "endIndex": 124774,
    "attack": "FastGradientMethod",
    "timeElapsedSec": 15.048279,
    "kwargs": {
        "eps": 0.1
    },
    "metrics": {
        "accuracy": 0.9767259204641993,
        "precision": 0.9652309133591508,
        "recall": 0.9561019692473698,
        "f1": 0.9606447538535345,
        "attackSuccessRate": 0.04389803075263016,
        "falsePositiveRate": 0.014556918726625923,
        "TP": 354427,
        "TN": 864273,
        "FP": 12767,
        "FN": 16273
    },
    "files": {
        "checkpointFile": "../../saved_models/decen/init-test-randpos/*",
        "dataFile": "../../data/RandomPos_0709.csv"
    }
}