{
    "endIndex": 124774,
    "attack": "FastGradientMethod",
    "timeElapsedSec": 14.849278,
    "kwargs": {
        "eps": 0.1
    },
    "metrics": {
        "accuracy": 0.9911047173289307,
        "precision": 0.9914717049209902,
        "recall": 0.978475856487726,
        "f1": 0.9849309135540316,
        "attackSuccessRate": 0.021524143512274076,
        "falsePositiveRate": 0.0035574204141202224,
        "TP": 362721,
        "TN": 873920,
        "FP": 3120,
        "FN": 7979
    },
    "files": {
        "checkpointFile": "../../saved_models/decen/init-test-randpos/*",
        "dataFile": "../../data/RandomPos_0709.csv"
    }
}