{
    "endIndex": 124774,
    "attack": "FastGradientMethod",
    "timeElapsedSec": 14.727515,
    "kwargs": {
        "eps": 0.1
    },
    "metrics": {
        "accuracy": 0.9909396188308461,
        "precision": 0.991534116552922,
        "recall": 0.9778527110871325,
        "f1": 0.984645891197023,
        "attackSuccessRate": 0.022147288912867547,
        "falsePositiveRate": 0.0035289154428532338,
        "TP": 362490,
        "TN": 873945,
        "FP": 3095,
        "FN": 8210
    },
    "files": {
        "checkpointFile": "../../saved_models/decen/init-test-randpos/*",
        "dataFile": "../../data/RandomPos_0709.csv"
    }
}