{
    "endIndex": 124774,
    "attack": "FastGradientMethod",
    "timeElapsedSec": 15.000311,
    "kwargs": {
        "eps": 0.1
    },
    "metrics": {
        "accuracy": 0.9897759148540561,
        "precision": 0.9914355773640031,
        "recall": 0.9740005395198273,
        "f1": 0.9826407268659824,
        "attackSuccessRate": 0.025999460480172647,
        "falsePositiveRate": 0.003556280215269543,
        "TP": 361062,
        "TN": 873921,
        "FP": 3119,
        "FN": 9638
    },
    "files": {
        "checkpointFile": "../../saved_models/decen/init-test-randpos/*",
        "dataFile": "../../data/RandomPos_0709.csv"
    }
}