{
    "endIndex": 124774,
    "attack": "FastGradientMethod",
    "timeElapsedSec": 14.887704,
    "kwargs": {
        "eps": 0.1
    },
    "metrics": {
        "accuracy": 0.99245836472342,
        "precision": 0.996078495987873,
        "recall": 0.9784677636903156,
        "f1": 0.9871945958745098,
        "attackSuccessRate": 0.021532236309684382,
        "falsePositiveRate": 0.0016282039587704096,
        "TP": 362718,
        "TN": 875612,
        "FP": 1428,
        "FN": 7982
    },
    "files": {
        "checkpointFile": "../../saved_models/decen/init-test-randpos/*",
        "dataFile": "../../data/RandomPos_0709.csv"
    }
}