{
    "endIndex": 124774,
    "attack": "FastGradientMethod",
    "timeElapsedSec": 14.817756,
    "kwargs": {
        "eps": 0.1
    },
    "metrics": {
        "accuracy": 0.9843372818055044,
        "precision": 0.985209790499667,
        "recall": 0.9617183706501214,
        "f1": 0.9733223581380936,
        "attackSuccessRate": 0.03828162934987861,
        "falsePositiveRate": 0.006102344248836997,
        "TP": 356509,
        "TN": 871688,
        "FP": 5352,
        "FN": 14191
    },
    "files": {
        "checkpointFile": "../../saved_models/decen/init-test-randpos/*",
        "dataFile": "../../data/RandomPos_0709.csv"
    }
}