{
    "endIndex": 124774,
    "attack": "FastGradientMethod",
    "timeElapsedSec": 14.95019,
    "kwargs": {
        "eps": 0.1
    },
    "metrics": {
        "accuracy": 0.9777958549056694,
        "precision": 0.9838561783550908,
        "recall": 0.9406986781764229,
        "f1": 0.9617935319986926,
        "attackSuccessRate": 0.059301321823577016,
        "falsePositiveRate": 0.006524217823588434,
        "TP": 348717,
        "TN": 871318,
        "FP": 5722,
        "FN": 21983
    },
    "files": {
        "checkpointFile": "../../saved_models/decen/init-test-randpos/*",
        "dataFile": "../../data/RandomPos_0709.csv"
    }
}