{
    "endIndex": 124774,
    "attack": "FastGradientMethod",
    "timeElapsedSec": 14.892567,
    "kwargs": {
        "eps": 0.1
    },
    "metrics": {
        "accuracy": 0.9863088463942808,
        "precision": 0.9898352980288402,
        "recall": 0.9638144051793903,
        "f1": 0.9766515639201536,
        "attackSuccessRate": 0.03618559482060966,
        "falsePositiveRate": 0.0041833895831433,
        "TP": 357286,
        "TN": 873371,
        "FP": 3669,
        "FN": 13414
    },
    "files": {
        "checkpointFile": "../../saved_models/decen/init-test-randpos/*",
        "dataFile": "../../data/RandomPos_0709.csv"
    }
}