{
    "endIndex": 124774,
    "attack": "FastGradientMethod",
    "timeElapsedSec": 14.71575,
    "kwargs": {
        "eps": 0.1
    },
    "metrics": {
        "accuracy": 0.9892165034382163,
        "precision": 0.9909733846783925,
        "recall": 0.9725627191799299,
        "f1": 0.9816817401461921,
        "attackSuccessRate": 0.027437280820070138,
        "falsePositiveRate": 0.0037444130256316702,
        "TP": 360529,
        "TN": 873756,
        "FP": 3284,
        "FN": 10171
    },
    "files": {
        "checkpointFile": "../../saved_models/decen/init-test-randpos/*",
        "dataFile": "../../data/RandomPos_0709.csv"
    }
}