{
    "endIndex": 124774,
    "attack": "FastGradientMethod",
    "timeElapsedSec": 14.822319,
    "kwargs": {
        "eps": 0.1
    },
    "metrics": {
        "accuracy": 0.9907472710660875,
        "precision": 0.99270723871035,
        "recall": 0.9760264364715403,
        "f1": 0.984296170550797,
        "attackSuccessRate": 0.02397356352845967,
        "falsePositiveRate": 0.0030306485451062665,
        "TP": 361813,
        "TN": 874382,
        "FP": 2658,
        "FN": 8887
    },
    "files": {
        "checkpointFile": "../../saved_models/decen/init-test-randpos/*",
        "dataFile": "../../data/RandomPos_0709.csv"
    }
}