{
    "endIndex": 124774,
    "attack": "FastGradientMethod",
    "timeElapsedSec": 16.69098,
    "kwargs": {
        "eps": 0.1
    },
    "metrics": {
        "accuracy": 0.986187026143267,
        "precision": 0.9810212541268498,
        "recall": 0.972317237658484,
        "f1": 0.9766498534773226,
        "attackSuccessRate": 0.02768276234151605,
        "falsePositiveRate": 0.00795060658578856,
        "TP": 360438,
        "TN": 870067,
        "FP": 6973,
        "FN": 10262
    },
    "files": {
        "checkpointFile": "../../saved_models/decen/init-test-randpos/*",
        "dataFile": "../../data/RandomPos_0709.csv"
    }
}