{
    "endIndex": 124774,
    "attack": "FastGradientMethod",
    "timeElapsedSec": 14.804431,
    "kwargs": {
        "eps": 0.1
    },
    "metrics": {
        "accuracy": 0.988435892092904,
        "precision": 0.9870696608691135,
        "recall": 0.9738332883733477,
        "f1": 0.9804068009271769,
        "attackSuccessRate": 0.02616671162665228,
        "falsePositiveRate": 0.0053920003648636325,
        "TP": 361000,
        "TN": 872311,
        "FP": 4729,
        "FN": 9700
    },
    "files": {
        "checkpointFile": "../../saved_models/decen/init-test-randpos/*",
        "dataFile": "../../data/RandomPos_0709.csv"
    }
}