{
    "endIndex": 124774,
    "attack": "FastGradientMethod",
    "timeElapsedSec": 16.900582,
    "kwargs": {
        "eps": 0.1
    },
    "metrics": {
        "accuracy": 0.9921994966900155,
        "precision": 0.9965772929248463,
        "recall": 0.9771000809279741,
        "f1": 0.9867425816074262,
        "attackSuccessRate": 0.022899919072025897,
        "falsePositiveRate": 0.0014184073702453708,
        "TP": 362211,
        "TN": 875796,
        "FP": 1244,
        "FN": 8489
    },
    "files": {
        "checkpointFile": "../../saved_models/decen/init-test-randpos/*",
        "dataFile": "../../data/RandomPos_0709.csv"
    }
}