{
    "endIndex": 124774,
    "attack": "FastGradientMethod",
    "timeElapsedSec": 15.027244,
    "kwargs": {
        "eps": 0.1
    },
    "metrics": {
        "accuracy": 0.9738679532594932,
        "precision": 0.9805065234075211,
        "recall": 0.9305422174264905,
        "f1": 0.9548712128551854,
        "attackSuccessRate": 0.06945778257350958,
        "falsePositiveRate": 0.007819483717960412,
        "TP": 344952,
        "TN": 870182,
        "FP": 6858,
        "FN": 25748
    },
    "files": {
        "checkpointFile": "../../saved_models/decen/init-test-randpos/*",
        "dataFile": "../../data/RandomPos_0709.csv"
    }
}