{
    "endIndex": 124774,
    "attack": "FastGradientMethod",
    "timeElapsedSec": 14.937705,
    "kwargs": {
        "eps": 0.1
    },
    "metrics": {
        "accuracy": 0.9771490855466684,
        "precision": 0.9822238882531665,
        "recall": 0.9400998111680604,
        "f1": 0.9607003150921706,
        "attackSuccessRate": 0.05990018883193957,
        "falsePositiveRate": 0.0071912341512359755,
        "TP": 348495,
        "TN": 870733,
        "FP": 6307,
        "FN": 22205
    },
    "files": {
        "checkpointFile": "../../saved_models/decen/init-test-randpos/*",
        "dataFile": "../../data/RandomPos_0709.csv"
    }
}