{
    "endIndex": 124774,
    "attack": "FastGradientMethod",
    "timeElapsedSec": 14.92753,
    "kwargs": {
        "eps": 0.1
    },
    "metrics": {
        "accuracy": 0.9749322775578245,
        "precision": 0.9854267016006315,
        "recall": 0.9293687618019962,
        "f1": 0.9565771499017093,
        "attackSuccessRate": 0.07063123819800378,
        "falsePositiveRate": 0.00580931314421235,
        "TP": 344517,
        "TN": 871945,
        "FP": 5095,
        "FN": 26183
    },
    "files": {
        "checkpointFile": "../../saved_models/decen/init-test-randpos/*",
        "dataFile": "../../data/RandomPos_0709.csv"
    }
}