{
    "endIndex": 124774,
    "attack": "FastGradientMethod",
    "timeElapsedSec": 14.878775,
    "kwargs": {
        "eps": 0.1
    },
    "metrics": {
        "accuracy": 0.9875342619455977,
        "precision": 0.9886595044415336,
        "recall": 0.9691583490693283,
        "f1": 0.9788118045792875,
        "attackSuccessRate": 0.0308416509306717,
        "falsePositiveRate": 0.00469875946365046,
        "TP": 359267,
        "TN": 872919,
        "FP": 4121,
        "FN": 11433
    },
    "files": {
        "checkpointFile": "../../saved_models/decen/init-test-randpos/*",
        "dataFile": "../../data/RandomPos_0709.csv"
    }
}