{
    "endIndex": 124774,
    "attack": "FastGradientMethod",
    "timeElapsedSec": 15.004437,
    "kwargs": {
        "eps": 0.1
    },
    "metrics": {
        "accuracy": 0.9891515860676102,
        "precision": 0.9907258308281627,
        "recall": 0.9725896951712976,
        "f1": 0.9815739966839729,
        "attackSuccessRate": 0.027410304828702454,
        "falsePositiveRate": 0.00384817112104351,
        "TP": 360539,
        "TN": 873665,
        "FP": 3375,
        "FN": 10161
    },
    "files": {
        "checkpointFile": "../../saved_models/decen/init-test-randpos/*",
        "dataFile": "../../data/RandomPos_0709.csv"
    }
}