{
    "endIndex": 124774,
    "attack": "FastGradientMethod",
    "timeElapsedSec": 14.798155,
    "kwargs": {
        "eps": 0.1
    },
    "metrics": {
        "accuracy": 0.9905036305640598,
        "precision": 0.9950720566851442,
        "recall": 0.9728540598867008,
        "f1": 0.9838376370677226,
        "attackSuccessRate": 0.027145940113299162,
        "falsePositiveRate": 0.0020363951473136915,
        "TP": 360637,
        "TN": 875254,
        "FP": 1786,
        "FN": 10063
    },
    "files": {
        "checkpointFile": "../../saved_models/decen/init-test-randpos/*",
        "dataFile": "../../data/RandomPos_0709.csv"
    }
}