{
    "endIndex": 124774,
    "attack": "FastGradientMethod",
    "timeElapsedSec": 14.901536,
    "kwargs": {
        "eps": 0.1
    },
    "metrics": {
        "accuracy": 0.9864971869139404,
        "precision": 0.9928877473130561,
        "recall": 0.9614378203398974,
        "f1": 0.9769097303120092,
        "attackSuccessRate": 0.03856217966010251,
        "falsePositiveRate": 0.002910927665784913,
        "TP": 356405,
        "TN": 874487,
        "FP": 2553,
        "FN": 14295
    },
    "files": {
        "checkpointFile": "../../saved_models/decen/init-test-randpos/*",
        "dataFile": "../../data/RandomPos_0709.csv"
    }
}