{
    "endIndex": 124774,
    "attack": "FastGradientMethod",
    "timeElapsedSec": 14.971118,
    "kwargs": {
        "eps": 0.1
    },
    "metrics": {
        "accuracy": 0.9878788850241236,
        "precision": 0.9790244270448826,
        "recall": 0.9802023199352576,
        "f1": 0.9796130194137328,
        "attackSuccessRate": 0.01979768006474238,
        "falsePositiveRate": 0.008876448052540363,
        "TP": 363361,
        "TN": 869255,
        "FP": 7785,
        "FN": 7339
    },
    "files": {
        "checkpointFile": "../../saved_models/decen/init-test-randpos/*",
        "dataFile": "../../data/RandomPos_0709.csv"
    }
}