{
    "endIndex": 124774,
    "attack": "FastGradientMethod",
    "timeElapsedSec": 15.029119,
    "kwargs": {
        "eps": 0.1
    },
    "metrics": {
        "accuracy": 0.9847275874781605,
        "precision": 0.9811478236121525,
        "recall": 0.9671783113029404,
        "f1": 0.974112986706008,
        "attackSuccessRate": 0.03282168869705962,
        "falsePositiveRate": 0.00785482988233148,
        "TP": 358533,
        "TN": 870151,
        "FP": 6889,
        "FN": 12167
    },
    "files": {
        "checkpointFile": "../../saved_models/decen/init-test-randpos/*",
        "dataFile": "../../data/RandomPos_0709.csv"
    }
}