{
    "endIndex": 124774,
    "attack": "FastGradientMethod",
    "timeElapsedSec": 14.973399,
    "kwargs": {
        "eps": 0.1
    },
    "metrics": {
        "accuracy": 0.9917819417506852,
        "precision": 0.9963453594051226,
        "recall": 0.9759185325060696,
        "f1": 0.9860261651676206,
        "attackSuccessRate": 0.024081467493930402,
        "falsePositiveRate": 0.001513043874851774,
        "TP": 361773,
        "TN": 875713,
        "FP": 1327,
        "FN": 8927
    },
    "files": {
        "checkpointFile": "../../saved_models/decen/init-test-randpos/*",
        "dataFile": "../../data/RandomPos_0709.csv"
    }
}