{
    "endIndex": 124774,
    "attack": "FastGradientMethod",
    "timeElapsedSec": 15.305775,
    "kwargs": {
        "eps": 0.1
    },
    "metrics": {
        "accuracy": 0.9894593424912241,
        "precision": 0.9915046408305107,
        "recall": 0.9728567574858376,
        "f1": 0.9820921860277658,
        "attackSuccessRate": 0.027143242514162395,
        "falsePositiveRate": 0.003523214448599836,
        "TP": 360638,
        "TN": 873950,
        "FP": 3090,
        "FN": 10062
    },
    "files": {
        "checkpointFile": "../../saved_models/decen/init-test-randpos/*",
        "dataFile": "../../data/RandomPos_0709.csv"
    }
}