{
    "endIndex": 124774,
    "attack": "FastGradientMethod",
    "timeElapsedSec": 14.862852,
    "kwargs": {
        "eps": 0.1
    },
    "metrics": {
        "accuracy": 0.9846602657604949,
        "precision": 0.9836535128025929,
        "recall": 0.9643943889937955,
        "f1": 0.9739287494789836,
        "attackSuccessRate": 0.03560561100620448,
        "falsePositiveRate": 0.0067739213718872576,
        "TP": 357501,
        "TN": 871099,
        "FP": 5941,
        "FN": 13199
    },
    "files": {
        "checkpointFile": "../../saved_models/decen/init-test-randpos/*",
        "dataFile": "../../data/RandomPos_0709.csv"
    }
}