{
    "endIndex": 124774,
    "attack": "FastGradientMethod",
    "timeElapsedSec": 14.989666,
    "kwargs": {
        "eps": 0.1
    },
    "metrics": {
        "accuracy": 0.989585971436357,
        "precision": 0.9943531089686892,
        "recall": 0.9704585918532506,
        "f1": 0.9822605571118865,
        "attackSuccessRate": 0.029541408146749392,
        "falsePositiveRate": 0.002329426251938338,
        "TP": 359749,
        "TN": 874997,
        "FP": 2043,
        "FN": 10951
    },
    "files": {
        "checkpointFile": "../../saved_models/decen/init-test-randpos/*",
        "dataFile": "../../data/RandomPos_0709.csv"
    }
}