{
    "endIndex": 124774,
    "attack": "FastGradientMethod",
    "timeElapsedSec": 14.901151,
    "kwargs": {
        "eps": 0.1
    },
    "metrics": {
        "accuracy": 0.9892213121323352,
        "precision": 0.993933176454973,
        "recall": 0.969638521715673,
        "f1": 0.9816355540262091,
        "attackSuccessRate": 0.030361478284326948,
        "falsePositiveRate": 0.0025015962783909514,
        "TP": 359445,
        "TN": 874846,
        "FP": 2194,
        "FN": 11255
    },
    "files": {
        "checkpointFile": "../../saved_models/decen/init-test-randpos/*",
        "dataFile": "../../data/RandomPos_0709.csv"
    }
}