{
    "endIndex": 124774,
    "attack": "FastGradientMethod",
    "timeElapsedSec": 15.017766,
    "kwargs": {
        "eps": 0.1
    },
    "metrics": {
        "accuracy": 0.9865580970394473,
        "precision": 0.9893293441652887,
        "recall": 0.9651659023469112,
        "f1": 0.977098256834884,
        "attackSuccessRate": 0.03483409765308875,
        "falsePositiveRate": 0.004400027364772416,
        "TP": 357787,
        "TN": 873181,
        "FP": 3859,
        "FN": 12913
    },
    "files": {
        "checkpointFile": "../../saved_models/decen/init-test-randpos/*",
        "dataFile": "../../data/RandomPos_0709.csv"
    }
}