{
    "endIndex": 124774,
    "attack": "FastGradientMethod",
    "timeElapsedSec": 14.930797,
    "kwargs": {
        "eps": 0.1
    },
    "metrics": {
        "accuracy": 0.9902399538365365,
        "precision": 0.9877346015922163,
        "recall": 0.9793094146209873,
        "f1": 0.9835039648460251,
        "attackSuccessRate": 0.02069058537901268,
        "falsePositiveRate": 0.00514001641886345,
        "TP": 363030,
        "TN": 872532,
        "FP": 4508,
        "FN": 7670
    },
    "files": {
        "checkpointFile": "../../saved_models/decen/init-test-randpos/*",
        "dataFile": "../../data/RandomPos_0709.csv"
    }
}