{
    "endIndex": 124774,
    "attack": "FastGradientMethod",
    "timeElapsedSec": 15.021093,
    "kwargs": {
        "eps": 0.1
    },
    "metrics": {
        "accuracy": 0.9745371631910494,
        "precision": 0.9661880933451807,
        "recall": 0.947450768815754,
        "f1": 0.9567276981685101,
        "attackSuccessRate": 0.05254923118424602,
        "falsePositiveRate": 0.014014184073702455,
        "TP": 351220,
        "TN": 864749,
        "FP": 12291,
        "FN": 19480
    },
    "files": {
        "checkpointFile": "../../saved_models/decen/init-test-randpos/*",
        "dataFile": "../../data/RandomPos_0709.csv"
    }
}