{
    "endIndex": 124774,
    "attack": "FastGradientMethod",
    "timeElapsedSec": 15.099528,
    "kwargs": {
        "eps": 0.1
    },
    "metrics": {
        "accuracy": 0.9928903457451072,
        "precision": 0.9948197157134379,
        "recall": 0.9811788508227678,
        "f1": 0.9879521999356257,
        "attackSuccessRate": 0.018821149177232262,
        "falsePositiveRate": 0.0021595366231870836,
        "TP": 363723,
        "TN": 875146,
        "FP": 1894,
        "FN": 6977
    },
    "files": {
        "checkpointFile": "../../saved_models/decen/init-test-randpos/*",
        "dataFile": "../../data/RandomPos_0709.csv"
    }
}