{
    "endIndex": 124774,
    "attack": "FastGradientMethod",
    "timeElapsedSec": 15.262795,
    "kwargs": {
        "eps": 0.1
    },
    "metrics": {
        "accuracy": 0.9850682033115874,
        "precision": 0.9882916193958021,
        "recall": 0.9611275964391691,
        "f1": 0.9745203504870688,
        "attackSuccessRate": 0.03887240356083086,
        "falsePositiveRate": 0.004812779348718417,
        "TP": 356290,
        "TN": 872819,
        "FP": 4221,
        "FN": 14410
    },
    "files": {
        "checkpointFile": "../../saved_models/decen/init-test-randpos/*",
        "dataFile": "../../data/RandomPos_0709.csv"
    }
}