{
    "endIndex": 124774,
    "attack": "FastGradientMethod",
    "timeElapsedSec": 15.204033,
    "kwargs": {
        "eps": 0.1
    },
    "metrics": {
        "accuracy": 0.981945757930338,
        "precision": 0.9872428202379586,
        "recall": 0.9515268411114108,
        "f1": 0.9690558511186296,
        "attackSuccessRate": 0.048473158888589156,
        "falsePositiveRate": 0.005197026361397428,
        "TP": 352731,
        "TN": 872482,
        "FP": 4558,
        "FN": 17969
    },
    "files": {
        "checkpointFile": "../../saved_models/decen/init-test-randpos/*",
        "dataFile": "../../data/RandomPos_0709.csv"
    }
}