{
    "endIndex": 124774,
    "attack": "FastGradientMethod",
    "timeElapsedSec": 16.816714,
    "kwargs": {
        "eps": 0.1
    },
    "metrics": {
        "accuracy": 0.9775153477487297,
        "precision": 0.9807203966474647,
        "recall": 0.9428540598867008,
        "f1": 0.9614145212333599,
        "attackSuccessRate": 0.05714594011329916,
        "falsePositiveRate": 0.007834306303019246,
        "TP": 349516,
        "TN": 870169,
        "FP": 6871,
        "FN": 21184
    },
    "files": {
        "checkpointFile": "../../saved_models/decen/init-test-randpos/*",
        "dataFile": "../../data/RandomPos_0709.csv"
    }
}