{
    "endIndex": 124774,
    "attack": "FastGradientMethod",
    "timeElapsedSec": 20.407636,
    "kwargs": {
        "eps": 0.1
    },
    "metrics": {
        "accuracy": 0.9788441502236043,
        "precision": 0.9794651983434016,
        "recall": 0.9486808740221203,
        "f1": 0.9638272885608613,
        "attackSuccessRate": 0.05131912597787969,
        "falsePositiveRate": 0.008406686126060384,
        "TP": 351676,
        "TN": 869667,
        "FP": 7373,
        "FN": 19024
    },
    "files": {
        "checkpointFile": "../../saved_models/decen/init-test-randpos/*",
        "dataFile": "../../data/RandomPos_0709.csv"
    }
}