{
    "endIndex": 124774,
    "attack": "FastGradientMethod",
    "timeElapsedSec": 14.910751,
    "kwargs": {
        "eps": 0.1
    },
    "metrics": {
        "accuracy": 0.973840703992819,
        "precision": 0.9596179050581626,
        "recall": 0.9520124089560291,
        "f1": 0.9558000276249826,
        "attackSuccessRate": 0.047987591043970865,
        "falsePositiveRate": 0.016933093131442124,
        "TP": 352911,
        "TN": 862189,
        "FP": 14851,
        "FN": 17789
    },
    "files": {
        "checkpointFile": "../../saved_models/decen/init-test-randpos/*",
        "dataFile": "../../data/RandomPos_0709.csv"
    }
}