{
    "endIndex": 124774,
    "attack": "FastGradientMethod",
    "timeElapsedSec": 14.756892,
    "kwargs": {
        "eps": 0.1
    },
    "metrics": {
        "accuracy": 0.9909195826053505,
        "precision": 0.9923578153599965,
        "recall": 0.9769598057728621,
        "f1": 0.9845986123798337,
        "attackSuccessRate": 0.023040194227137847,
        "falsePositiveRate": 0.0031800145945452885,
        "TP": 362159,
        "TN": 874251,
        "FP": 2789,
        "FN": 8541
    },
    "files": {
        "checkpointFile": "../../saved_models/decen/init-test-randpos/*",
        "dataFile": "../../data/RandomPos_0709.csv"
    }
}