{
    "endIndex": 124774,
    "attack": "FastGradientMethod",
    "timeElapsedSec": 14.773879,
    "kwargs": {
        "eps": 0.1
    },
    "metrics": {
        "accuracy": 0.9872168881337459,
        "precision": 0.9894723770627518,
        "recall": 0.967264634475317,
        "f1": 0.9782424837671196,
        "attackSuccessRate": 0.032735365524683036,
        "falsePositiveRate": 0.0043498586153425155,
        "TP": 358565,
        "TN": 873225,
        "FP": 3815,
        "FN": 12135
    },
    "files": {
        "checkpointFile": "../../saved_models/decen/init-test-randpos/*",
        "dataFile": "../../data/RandomPos_0709.csv"
    }
}