{
    "endIndex": 124774,
    "attack": "FastGradientMethod",
    "timeElapsedSec": 16.722758,
    "kwargs": {
        "eps": 0.1
    },
    "metrics": {
        "accuracy": 0.9814889319890362,
        "precision": 0.9882791539189824,
        "recall": 0.9489479363366604,
        "f1": 0.9682142773588827,
        "attackSuccessRate": 0.05105206366333963,
        "falsePositiveRate": 0.0047569096050351185,
        "TP": 351775,
        "TN": 872868,
        "FP": 4172,
        "FN": 18925
    },
    "files": {
        "checkpointFile": "../../saved_models/decen/init-test-randpos/*",
        "dataFile": "../../data/RandomPos_0709.csv"
    }
}