{
    "endIndex": 124774,
    "attack": "FastGradientMethod",
    "timeElapsedSec": 14.852263,
    "kwargs": {
        "eps": 0.1
    },
    "metrics": {
        "accuracy": 0.9778463461939186,
        "precision": 0.9791660846877147,
        "recall": 0.9455516590234692,
        "f1": 0.9620653406049893,
        "attackSuccessRate": 0.05444834097653089,
        "falsePositiveRate": 0.008503603028368147,
        "TP": 350516,
        "TN": 869582,
        "FP": 7458,
        "FN": 20184
    },
    "files": {
        "checkpointFile": "../../saved_models/decen/init-test-randpos/*",
        "dataFile": "../../data/RandomPos_0709.csv"
    }
}