{
    "endIndex": 124774,
    "attack": "FastGradientMethod",
    "timeElapsedSec": 14.866908,
    "kwargs": {
        "eps": 0.1
    },
    "metrics": {
        "accuracy": 0.9847412121114976,
        "precision": 0.9774149667252244,
        "recall": 0.9710790396547073,
        "f1": 0.9742367019081268,
        "attackSuccessRate": 0.02892096034529269,
        "falsePositiveRate": 0.009484174039952567,
        "TP": 359979,
        "TN": 868722,
        "FP": 8318,
        "FN": 10721
    },
    "files": {
        "checkpointFile": "../../saved_models/decen/init-test-randpos/*",
        "dataFile": "../../data/RandomPos_0709.csv"
    }
}