{
    "endIndex": 124774,
    "attack": "FastGradientMethod",
    "timeElapsedSec": 14.939432,
    "kwargs": {
        "eps": 0.1
    },
    "metrics": {
        "accuracy": 0.9890185455303189,
        "precision": 0.9847354985878775,
        "recall": 0.9782007013757755,
        "f1": 0.9814572225079167,
        "attackSuccessRate": 0.02179929862422444,
        "falsePositiveRate": 0.006409057739669799,
        "TP": 362619,
        "TN": 871419,
        "FP": 5621,
        "FN": 8081
    },
    "files": {
        "checkpointFile": "../../saved_models/decen/init-test-randpos/*",
        "dataFile": "../../data/RandomPos_0709.csv"
    }
}