{
    "endIndex": 124774,
    "attack": "FastGradientMethod",
    "timeElapsedSec": 15.008707,
    "kwargs": {
        "eps": 0.1
    },
    "metrics": {
        "accuracy": 0.9877258082613365,
        "precision": 0.9909514139279152,
        "recall": 0.96752090639331,
        "f1": 0.9790960027844698,
        "attackSuccessRate": 0.032479093606690046,
        "falsePositiveRate": 0.003734151235975554,
        "TP": 358660,
        "TN": 873765,
        "FP": 3275,
        "FN": 12040
    },
    "files": {
        "checkpointFile": "../../saved_models/decen/init-test-randpos/*",
        "dataFile": "../../data/RandomPos_0709.csv"
    }
}