{
    "endIndex": 124774,
    "attack": "FastGradientMethod",
    "timeElapsedSec": 14.744247,
    "kwargs": {
        "eps": 0.1
    },
    "metrics": {
        "accuracy": 0.9826606504560245,
        "precision": 0.9759220124071171,
        "recall": 0.9654572430536822,
        "f1": 0.9706614231955792,
        "attackSuccessRate": 0.034542756946317775,
        "falsePositiveRate": 0.010067955851500502,
        "TP": 357895,
        "TN": 868210,
        "FP": 8830,
        "FN": 12805
    },
    "files": {
        "checkpointFile": "../../saved_models/decen/init-test-randpos/*",
        "dataFile": "../../data/RandomPos_0709.csv"
    }
}