{
    "endIndex": 124774,
    "attack": "FastGradientMethod",
    "timeElapsedSec": 15.441875,
    "kwargs": {
        "eps": 0.1
    },
    "metrics": {
        "accuracy": 0.9891748280891852,
        "precision": 0.9872191137676197,
        "recall": 0.9762017804154303,
        "f1": 0.9816795363391354,
        "attackSuccessRate": 0.023798219584569732,
        "falsePositiveRate": 0.005341831615433732,
        "TP": 361878,
        "TN": 872355,
        "FP": 4685,
        "FN": 8822
    },
    "files": {
        "checkpointFile": "../../saved_models/decen/init-test-randpos/*",
        "dataFile": "../../data/RandomPos_0709.csv"
    }
}