{
    "endIndex": 124774,
    "attack": "FastGradientMethod",
    "timeElapsedSec": 15.07675,
    "kwargs": {
        "eps": 0.1
    },
    "metrics": {
        "accuracy": 0.9878500328594099,
        "precision": 0.991424875049759,
        "recall": 0.9674723496088481,
        "f1": 0.9793021719066576,
        "attackSuccessRate": 0.03252765039115187,
        "falsePositiveRate": 0.0035368968348079904,
        "TP": 358642,
        "TN": 873938,
        "FP": 3102,
        "FN": 12058
    },
    "files": {
        "checkpointFile": "../../saved_models/decen/init-test-randpos/*",
        "dataFile": "../../data/RandomPos_0709.csv"
    }
}