{
    "endIndex": 124774,
    "attack": "FastGradientMethod",
    "timeElapsedSec": 14.674596,
    "kwargs": {
        "eps": 0.1
    },
    "metrics": {
        "accuracy": 0.9883765848654367,
        "precision": 0.9921166721469565,
        "recall": 0.9685729700566496,
        "f1": 0.9802034662702719,
        "attackSuccessRate": 0.03142702994335042,
        "falsePositiveRate": 0.0032529873209887804,
        "TP": 359050,
        "TN": 874187,
        "FP": 2853,
        "FN": 11650
    },
    "files": {
        "checkpointFile": "../../saved_models/decen/init-test-randpos/*",
        "dataFile": "../../data/RandomPos_0709.csv"
    }
}