{
    "endIndex": 124774,
    "attack": "FastGradientMethod",
    "timeElapsedSec": 16.873306,
    "kwargs": {
        "eps": 0.1
    },
    "metrics": {
        "accuracy": 0.9702173529741773,
        "precision": 0.9505858958113246,
        "recall": 0.9490909090909091,
        "f1": 0.9498378141970284,
        "attackSuccessRate": 0.05090909090909091,
        "falsePositiveRate": 0.020853096780078444,
        "TP": 351828,
        "TN": 858751,
        "FP": 18289,
        "FN": 18872
    },
    "files": {
        "checkpointFile": "../../saved_models/decen/init-test-randpos/*",
        "dataFile": "../../data/RandomPos_0709.csv"
    }
}