{
    "endIndex": 124774,
    "attack": "FastGradientMethod",
    "timeElapsedSec": 14.896081,
    "kwargs": {
        "eps": 0.1
    },
    "metrics": {
        "accuracy": 0.9840327311779697,
        "precision": 0.9807442979823313,
        "recall": 0.9652063663339627,
        "f1": 0.9729132988999724,
        "attackSuccessRate": 0.03479363366603723,
        "falsePositiveRate": 0.008009896926023899,
        "TP": 357802,
        "TN": 870015,
        "FP": 7025,
        "FN": 12898
    },
    "files": {
        "checkpointFile": "../../saved_models/decen/init-test-randpos/*",
        "dataFile": "../../data/RandomPos_0709.csv"
    }
}