{
    "endIndex": 124774,
    "attack": "FastGradientMethod",
    "timeElapsedSec": 14.949735,
    "kwargs": {
        "eps": 0.1
    },
    "metrics": {
        "accuracy": 0.987174411335695,
        "precision": 0.987549312036948,
        "recall": 0.9690477475047208,
        "f1": 0.9782110544553444,
        "attackSuccessRate": 0.030952252495279203,
        "falsePositiveRate": 0.005163960594727721,
        "TP": 359226,
        "TN": 872511,
        "FP": 4529,
        "FN": 11474
    },
    "files": {
        "checkpointFile": "../../saved_models/decen/init-test-randpos/*",
        "dataFile": "../../data/RandomPos_0709.csv"
    }
}