{
    "endIndex": 124774,
    "attack": "FastGradientMethod",
    "timeElapsedSec": 14.897618,
    "kwargs": {
        "eps": 0.1
    },
    "metrics": {
        "accuracy": 0.9790805776844534,
        "precision": 0.9848739826873938,
        "recall": 0.944086862692204,
        "f1": 0.9640492088677333,
        "attackSuccessRate": 0.05591313730779606,
        "falsePositiveRate": 0.006128568822402627,
        "TP": 349973,
        "TN": 871665,
        "FP": 5375,
        "FN": 20727
    },
    "files": {
        "checkpointFile": "../../saved_models/decen/init-test-randpos/*",
        "dataFile": "../../data/RandomPos_0709.csv"
    }
}