{
    "endIndex": 124774,
    "attack": "FastGradientMethod",
    "timeElapsedSec": 14.666715,
    "kwargs": {
        "eps": 0.1
    },
    "metrics": {
        "accuracy": 0.9903064741051821,
        "precision": 0.9931786613122825,
        "recall": 0.974062584299973,
        "f1": 0.9835277454325074,
        "attackSuccessRate": 0.025937415700026976,
        "falsePositiveRate": 0.002827693149685305,
        "TP": 361085,
        "TN": 874560,
        "FP": 2480,
        "FN": 9615
    },
    "files": {
        "checkpointFile": "../../saved_models/decen/init-test-randpos/*",
        "dataFile": "../../data/RandomPos_0709.csv"
    }
}