{
    "endIndex": 124774,
    "attack": "FastGradientMethod",
    "timeElapsedSec": 17.099602,
    "kwargs": {
        "eps": 0.1
    },
    "metrics": {
        "accuracy": 0.9878925096574607,
        "precision": 0.9832805555933078,
        "recall": 0.9758403021311033,
        "f1": 0.979546300746688,
        "attackSuccessRate": 0.02415969786889668,
        "falsePositiveRate": 0.007013363130529964,
        "TP": 361744,
        "TN": 870889,
        "FP": 6151,
        "FN": 8956
    },
    "files": {
        "checkpointFile": "../../saved_models/decen/init-test-randpos/*",
        "dataFile": "../../data/RandomPos_0709.csv"
    }
}