{
    "endIndex": 124774,
    "attack": "FastGradientMethod",
    "timeElapsedSec": 15.291552,
    "kwargs": {
        "eps": 0.1
    },
    "metrics": {
        "accuracy": 0.9758411207463094,
        "precision": 0.9800890943949475,
        "recall": 0.9377340167251147,
        "f1": 0.9584438501199372,
        "attackSuccessRate": 0.062265983274885355,
        "falsePositiveRate": 0.008052084283499043,
        "TP": 347618,
        "TN": 869978,
        "FP": 7062,
        "FN": 23082
    },
    "files": {
        "checkpointFile": "../../saved_models/decen/init-test-randpos/*",
        "dataFile": "../../data/RandomPos_0709.csv"
    }
}