{
    "endIndex": 124774,
    "attack": "FastGradientMethod",
    "timeElapsedSec": 14.854346,
    "kwargs": {
        "eps": 0.1
    },
    "metrics": {
        "accuracy": 0.9895338772500681,
        "precision": 0.9868871384501448,
        "recall": 0.977763690315619,
        "f1": 0.9823042306425844,
        "attackSuccessRate": 0.022236309684380902,
        "falsePositiveRate": 0.005491197664872754,
        "TP": 362457,
        "TN": 872224,
        "FP": 4816,
        "FN": 8243
    },
    "files": {
        "checkpointFile": "../../saved_models/decen/init-test-randpos/*",
        "dataFile": "../../data/RandomPos_0709.csv"
    }
}