{
    "endIndex": 124774,
    "attack": "FastGradientMethod",
    "timeElapsedSec": 14.742293,
    "kwargs": {
        "eps": 0.1
    },
    "metrics": {
        "accuracy": 0.9864490999727508,
        "precision": 0.9900872147788601,
        "recall": 0.9640410035068788,
        "f1": 0.9768905265920224,
        "attackSuccessRate": 0.03595899649312112,
        "falsePositiveRate": 0.0040796314877314605,
        "TP": 357370,
        "TN": 873462,
        "FP": 3578,
        "FN": 13330
    },
    "files": {
        "checkpointFile": "../../saved_models/decen/init-test-randpos/*",
        "dataFile": "../../data/RandomPos_0709.csv"
    }
}