{
    "endIndex": 124774,
    "attack": "FastGradientMethod",
    "timeElapsedSec": 14.809474,
    "kwargs": {
        "eps": 0.1
    },
    "metrics": {
        "accuracy": 0.9704265311683524,
        "precision": 0.9539322664519849,
        "recall": 0.9461505260318317,
        "f1": 0.9500254612825986,
        "attackSuccessRate": 0.05384947396816833,
        "falsePositiveRate": 0.01931268813281036,
        "TP": 350738,
        "TN": 860102,
        "FP": 16938,
        "FN": 19962
    },
    "files": {
        "checkpointFile": "../../saved_models/decen/init-test-randpos/*",
        "dataFile": "../../data/RandomPos_0709.csv"
    }
}