{
    "endIndex": 124774,
    "attack": "FastGradientMethod",
    "timeElapsedSec": 14.768867,
    "kwargs": {
        "eps": 0.1
    },
    "metrics": {
        "accuracy": 0.9898127815089682,
        "precision": 0.9900240091765975,
        "recall": 0.975540868626922,
        "f1": 0.9827290798489627,
        "attackSuccessRate": 0.02445913137307796,
        "falsePositiveRate": 0.004154884611876311,
        "TP": 361633,
        "TN": 873396,
        "FP": 3644,
        "FN": 9067
    },
    "files": {
        "checkpointFile": "../../saved_models/decen/init-test-randpos/*",
        "dataFile": "../../data/RandomPos_0709.csv"
    }
}