{
    "endIndex": 124774,
    "attack": "FastGradientMethod",
    "timeElapsedSec": 14.982441,
    "kwargs": {
        "eps": 0.1
    },
    "metrics": {
        "accuracy": 0.9903553624953917,
        "precision": 0.9894619911132461,
        "recall": 0.9779525222551929,
        "f1": 0.9836735912129895,
        "attackSuccessRate": 0.02204747774480712,
        "falsePositiveRate": 0.004402307762473775,
        "TP": 362527,
        "TN": 873179,
        "FP": 3861,
        "FN": 8173
    },
    "files": {
        "checkpointFile": "../../saved_models/decen/init-test-randpos/*",
        "dataFile": "../../data/RandomPos_0709.csv"
    }
}