{
    "endIndex": 124774,
    "attack": "FastGradientMethod",
    "timeElapsedSec": 15.166228,
    "kwargs": {
        "eps": 0.1
    },
    "metrics": {
        "accuracy": 0.9860227290942023,
        "precision": 0.9805604679635423,
        "recall": 0.9722282168869706,
        "f1": 0.9763765662038605,
        "attackSuccessRate": 0.027771783113029403,
        "falsePositiveRate": 0.008146720788105445,
        "TP": 360405,
        "TN": 869895,
        "FP": 7145,
        "FN": 10295
    },
    "files": {
        "checkpointFile": "../../saved_models/decen/init-test-randpos/*",
        "dataFile": "../../data/RandomPos_0709.csv"
    }
}