{
    "endIndex": 124774,
    "attack": "FastGradientMethod",
    "timeElapsedSec": 15.078196,
    "kwargs": {
        "eps": 0.1
    },
    "metrics": {
        "accuracy": 0.9909644637504609,
        "precision": 0.9882603214623384,
        "recall": 0.9812435932020501,
        "f1": 0.9847394581248781,
        "attackSuccessRate": 0.018756406797949824,
        "falsePositiveRate": 0.004926799233786372,
        "TP": 363747,
        "TN": 872719,
        "FP": 4321,
        "FN": 6953
    },
    "files": {
        "checkpointFile": "../../saved_models/decen/init-test-randpos/*",
        "dataFile": "../../data/RandomPos_0709.csv"
    }
}