{
    "endIndex": 124774,
    "attack": "FastGradientMethod",
    "timeElapsedSec": 15.003274,
    "kwargs": {
        "eps": 0.1
    },
    "metrics": {
        "accuracy": 0.9713506018882139,
        "precision": 0.9629351164134218,
        "recall": 0.9397410304828703,
        "f1": 0.951196702668092,
        "attackSuccessRate": 0.06025896951712975,
        "falsePositiveRate": 0.0152889263887622,
        "TP": 348362,
        "TN": 863631,
        "FP": 13409,
        "FN": 22338
    },
    "files": {
        "checkpointFile": "../../saved_models/decen/init-test-randpos/*",
        "dataFile": "../../data/RandomPos_0709.csv"
    }
}