{
    "endIndex": 124774,
    "attack": "FastGradientMethod",
    "timeElapsedSec": 15.164684,
    "kwargs": {
        "eps": 0.1
    },
    "metrics": {
        "accuracy": 0.986107682690304,
        "precision": 0.9817295947301836,
        "recall": 0.9713164283787429,
        "f1": 0.9764952513193793,
        "attackSuccessRate": 0.028683571621257082,
        "falsePositiveRate": 0.007640472498403722,
        "TP": 360067,
        "TN": 870339,
        "FP": 6701,
        "FN": 10633
    },
    "files": {
        "checkpointFile": "../../saved_models/decen/init-test-randpos/*",
        "dataFile": "../../data/RandomPos_0709.csv"
    }
}