{
    "noWrapper": {
        "accuracy": 0.9944764133553464,
        "recall": 0.9852360399244672,
        "precision": 0.9961297818604321,
        "f1": 0.9906529634662695,
        "falseNegativeRate": 0.014763960075532776,
        "falsePositiveRate": 0.0016179421691142936,
        "TP": 365227,
        "TN": 875621,
        "FP": 1419,
        "FN": 5473
    },
    "wrapper": {
        "accuracy": 0.9944764133553464,
        "precision": 0.9961297818604321,
        "recall": 0.9852360399244672,
        "f1": 0.9906529634662695,
        "falseNegativeRate": 0.014763960075532776,
        "falsePositiveRate": 0.0016179421691142936,
        "TP": 365227,
        "TN": 875621,
        "FP": 1419,
        "FN": 5473
    },
    "files": {
        "checkpointFile": "../../saved_models/decen/init-test-randpos/vehicle_60_model.ckpt",
        "dataFile": "../../data/RandomPos_0709.csv"
    }
}