{
    "noWrapper": {
        "accuracy": 0.9939482584512799,
        "recall": 0.9807984893444834,
        "precision": 0.9988104885787673,
        "f1": 0.9897225454768176,
        "falseNegativeRate": 0.01920151065551659,
        "falsePositiveRate": 0.0004937061023442489,
        "TP": 363582,
        "TN": 876607,
        "FP": 433,
        "FN": 7118
    },
    "wrapper": {
        "accuracy": 0.9939482584512799,
        "precision": 0.9988104885787673,
        "recall": 0.9807984893444834,
        "f1": 0.9897225454768176,
        "falseNegativeRate": 0.01920151065551659,
        "falsePositiveRate": 0.0004937061023442489,
        "TP": 363582,
        "TN": 876607,
        "FP": 433,
        "FN": 7118
    },
    "files": {
        "checkpointFile": "../../saved_models/decen/init-test-randpos/vehicle_149_model.ckpt",
        "dataFile": "../../data/RandomPos_0709.csv"
    }
}