{
    "noWrapper": {
        "accuracy": 0.9971861124913844,
        "recall": 0.9932640949554896,
        "precision": 0.9972536475839412,
        "f1": 0.9952548731817217,
        "falseNegativeRate": 0.006735905044510385,
        "falsePositiveRate": 0.0011561616345890724,
        "TP": 368203,
        "TN": 876026,
        "FP": 1014,
        "FN": 2497
    },
    "wrapper": {
        "accuracy": 0.9971861124913844,
        "precision": 0.9972536475839412,
        "recall": 0.9932640949554896,
        "f1": 0.9952548731817217,
        "falseNegativeRate": 0.006735905044510385,
        "falsePositiveRate": 0.0011561616345890724,
        "TP": 368203,
        "TN": 876026,
        "FP": 1014,
        "FN": 2497
    },
    "files": {
        "checkpointFile": "../../saved_models/decen/init-test-randpos/vehicle_191_model.ckpt",
        "dataFile": "../../data/RandomPos_0709.csv"
    }
}