{
    "noWrapper": {
        "accuracy": 0.9965305271931653,
        "recall": 0.9935419476665768,
        "precision": 0.9947736744444835,
        "f1": 0.9941574295389242,
        "falseNegativeRate": 0.006458052333423253,
        "falsePositiveRate": 0.0022062847760649456,
        "TP": 368306,
        "TN": 875105,
        "FP": 1935,
        "FN": 2394
    },
    "wrapper": {
        "accuracy": 0.9965305271931653,
        "precision": 0.9947736744444835,
        "recall": 0.9935419476665768,
        "f1": 0.9941574295389242,
        "falseNegativeRate": 0.006458052333423253,
        "falsePositiveRate": 0.0022062847760649456,
        "TP": 368306,
        "TN": 875105,
        "FP": 1935,
        "FN": 2394
    },
    "files": {
        "checkpointFile": "../../saved_models/decen/init-test-randpos/vehicle_94_model.ckpt",
        "dataFile": "../../data/RandomPos_0709.csv"
    }
}