{
    "noWrapper": {
        "accuracy": 0.9967044416304679,
        "recall": 0.9938899379552198,
        "precision": 0.9950119098416882,
        "f1": 0.9944506074371577,
        "falseNegativeRate": 0.006110062044780146,
        "falsePositiveRate": 0.0021059472772051446,
        "TP": 368435,
        "TN": 875193,
        "FP": 1847,
        "FN": 2265
    },
    "wrapper": {
        "accuracy": 0.9967044416304679,
        "precision": 0.9950119098416882,
        "recall": 0.9938899379552198,
        "f1": 0.9944506074371577,
        "falseNegativeRate": 0.006110062044780146,
        "falsePositiveRate": 0.0021059472772051446,
        "TP": 368435,
        "TN": 875193,
        "FP": 1847,
        "FN": 2265
    },
    "files": {
        "checkpointFile": "../../saved_models/decen/init-test-randpos/vehicle_137_model.ckpt",
        "dataFile": "../../data/RandomPos_0709.csv"
    }
}