{
    "noWrapper": {
        "accuracy": 0.9964575953323609,
        "recall": 0.9935392500674399,
        "precision": 0.9945319039775335,
        "f1": 0.9940353292039459,
        "falseNegativeRate": 0.006460749932560021,
        "falsePositiveRate": 0.002308902672626106,
        "TP": 368305,
        "TN": 875015,
        "FP": 2025,
        "FN": 2395
    },
    "wrapper": {
        "accuracy": 0.9964575953323609,
        "precision": 0.9945319039775335,
        "recall": 0.9935392500674399,
        "f1": 0.9940353292039459,
        "falseNegativeRate": 0.006460749932560021,
        "falsePositiveRate": 0.002308902672626106,
        "TP": 368305,
        "TN": 875015,
        "FP": 2025,
        "FN": 2395
    },
    "files": {
        "checkpointFile": "../../saved_models/decen/init-test-randpos/vehicle_195_model.ckpt",
        "dataFile": "../../data/RandomPos_0709.csv"
    }
}