{
    "noWrapper": {
        "accuracy": 0.9955094811419045,
        "recall": 0.9866495818721338,
        "precision": 0.9982150898595816,
        "f1": 0.9923986406278617,
        "falseNegativeRate": 0.0133504181278662,
        "falsePositiveRate": 0.0007456900483444312,
        "TP": 365751,
        "TN": 876386,
        "FP": 654,
        "FN": 4949
    },
    "wrapper": {
        "accuracy": 0.9955094811419045,
        "precision": 0.9982150898595816,
        "recall": 0.9866495818721338,
        "f1": 0.9923986406278617,
        "falseNegativeRate": 0.0133504181278662,
        "falsePositiveRate": 0.0007456900483444312,
        "TP": 365751,
        "TN": 876386,
        "FP": 654,
        "FN": 4949
    },
    "files": {
        "checkpointFile": "../../saved_models/decen/init-test-randpos/vehicle_36_model.ckpt",
        "dataFile": "../../data/RandomPos_0709.csv"
    }
}