{
    "noWrapper": {
        "accuracy": 0.9959991664930193,
        "recall": 0.9902050175343944,
        "precision": 0.9963059468555764,
        "f1": 0.9932461136741846,
        "falseNegativeRate": 0.00979498246560561,
        "falsePositiveRate": 0.0015518106357748792,
        "TP": 367069,
        "TN": 875679,
        "FP": 1361,
        "FN": 3631
    },
    "wrapper": {
        "accuracy": 0.9959991664930193,
        "precision": 0.9963059468555764,
        "recall": 0.9902050175343944,
        "f1": 0.9932461136741846,
        "falseNegativeRate": 0.00979498246560561,
        "falsePositiveRate": 0.0015518106357748792,
        "TP": 367069,
        "TN": 875679,
        "FP": 1361,
        "FN": 3631
    },
    "files": {
        "checkpointFile": "../../saved_models/decen/init-test-randpos/vehicle_33_model.ckpt",
        "dataFile": "../../data/RandomPos_0709.csv"
    }
}