{
    "noWrapper": {
        "accuracy": 0.993677368682578,
        "recall": 0.979312112220124,
        "precision": 0.9993943581710718,
        "f1": 0.9892513260422018,
        "falseNegativeRate": 0.02068788777987591,
        "falsePositiveRate": 0.00025084374714950285,
        "TP": 363031,
        "TN": 876820,
        "FP": 220,
        "FN": 7669
    },
    "wrapper": {
        "accuracy": 0.993677368682578,
        "precision": 0.9993943581710718,
        "recall": 0.979312112220124,
        "f1": 0.9892513260422018,
        "falseNegativeRate": 0.02068788777987591,
        "falsePositiveRate": 0.00025084374714950285,
        "TP": 363031,
        "TN": 876820,
        "FP": 220,
        "FN": 7669
    },
    "files": {
        "checkpointFile": "../../saved_models/decen/init-test-randpos/vehicle_173_model.ckpt",
        "dataFile": "../../data/RandomPos_0709.csv"
    }
}