{
    "noWrapper": {
        "accuracy": 0.9934233093432927,
        "recall": 0.9785810628540599,
        "precision": 0.9992672701128845,
        "f1": 0.988815988529778,
        "falseNegativeRate": 0.021418937145940113,
        "falsePositiveRate": 0.00030329289428076254,
        "TP": 362760,
        "TN": 876774,
        "FP": 266,
        "FN": 7940
    },
    "wrapper": {
        "accuracy": 0.9934233093432927,
        "precision": 0.9992672701128845,
        "recall": 0.9785810628540599,
        "f1": 0.988815988529778,
        "falseNegativeRate": 0.021418937145940113,
        "falsePositiveRate": 0.00030329289428076254,
        "TP": 362760,
        "TN": 876774,
        "FP": 266,
        "FN": 7940
    },
    "files": {
        "checkpointFile": "../../saved_models/decen/init-test-randpos/vehicle_44_model.ckpt",
        "dataFile": "../../data/RandomPos_0709.csv"
    }
}