{
    "noWrapper": {
        "accuracy": 0.9969248401109205,
        "recall": 0.9923846776369032,
        "precision": 0.9972512205502438,
        "f1": 0.9948119974418294,
        "falseNegativeRate": 0.007615322363096844,
        "falsePositiveRate": 0.0011561616345890724,
        "TP": 367877,
        "TN": 876026,
        "FP": 1014,
        "FN": 2823
    },
    "wrapper": {
        "accuracy": 0.9969248401109205,
        "precision": 0.9972512205502438,
        "recall": 0.9923846776369032,
        "f1": 0.9948119974418294,
        "falseNegativeRate": 0.007615322363096844,
        "falsePositiveRate": 0.0011561616345890724,
        "TP": 367877,
        "TN": 876026,
        "FP": 1014,
        "FN": 2823
    },
    "files": {
        "checkpointFile": "../../saved_models/decen/init-test-randpos/vehicle_114_model.ckpt",
        "dataFile": "../../data/RandomPos_0709.csv"
    }
}