{
    "noWrapper": {
        "accuracy": 0.9964888518441342,
        "recall": 0.9912031292149986,
        "precision": 0.9969611378368185,
        "f1": 0.9940737955168621,
        "falseNegativeRate": 0.008796870785001349,
        "falsePositiveRate": 0.0012770227127611056,
        "TP": 367439,
        "TN": 875920,
        "FP": 1120,
        "FN": 3261
    },
    "wrapper": {
        "accuracy": 0.9964888518441342,
        "precision": 0.9969611378368185,
        "recall": 0.9912031292149986,
        "f1": 0.9940737955168621,
        "falseNegativeRate": 0.008796870785001349,
        "falsePositiveRate": 0.0012770227127611056,
        "TP": 367439,
        "TN": 875920,
        "FP": 1120,
        "FN": 3261
    },
    "files": {
        "checkpointFile": "../../saved_models/decen/init-test-randpos/vehicle_188_model.ckpt",
        "dataFile": "../../data/RandomPos_0709.csv"
    }
}