{
    "noWrapper": {
        "accuracy": 0.9957763636655073,
        "recall": 0.9904693822497976,
        "precision": 0.9952914579402772,
        "f1": 0.9928745653079216,
        "falseNegativeRate": 0.00953061775020232,
        "falsePositiveRate": 0.0019805254036303933,
        "TP": 367167,
        "TN": 875303,
        "FP": 1737,
        "FN": 3533
    },
    "wrapper": {
        "accuracy": 0.9957763636655073,
        "precision": 0.9952914579402772,
        "recall": 0.9904693822497976,
        "f1": 0.9928745653079216,
        "falseNegativeRate": 0.00953061775020232,
        "falsePositiveRate": 0.0019805254036303933,
        "TP": 367167,
        "TN": 875303,
        "FP": 1737,
        "FN": 3533
    },
    "files": {
        "checkpointFile": "../../saved_models/decen/init-test-randpos/vehicle_27_model.ckpt",
        "dataFile": "../../data/RandomPos_0709.csv"
    }
}