{
    "noWrapper": {
        "accuracy": 0.9964087069421514,
        "recall": 0.9899325600215808,
        "precision": 0.9979631074984295,
        "f1": 0.9939316131670859,
        "falseNegativeRate": 0.010067439978419208,
        "falsePositiveRate": 0.0008540089391589894,
        "TP": 366968,
        "TN": 876291,
        "FP": 749,
        "FN": 3732
    },
    "wrapper": {
        "accuracy": 0.9964087069421514,
        "precision": 0.9979631074984295,
        "recall": 0.9899325600215808,
        "f1": 0.9939316131670859,
        "falseNegativeRate": 0.010067439978419208,
        "falsePositiveRate": 0.0008540089391589894,
        "TP": 366968,
        "TN": 876291,
        "FP": 749,
        "FN": 3732
    },
    "files": {
        "checkpointFile": "../../saved_models/decen/init-test-randpos/vehicle_58_model.ckpt",
        "dataFile": "../../data/RandomPos_0709.csv"
    }
}