{
    "noWrapper": {
        "accuracy": 0.996615480789267,
        "recall": 0.9938251955759374,
        "precision": 0.9947778422821963,
        "f1": 0.9943012907448265,
        "falseNegativeRate": 0.006174804424062584,
        "falsePositiveRate": 0.002205144577214266,
        "TP": 368411,
        "TN": 875106,
        "FP": 1934,
        "FN": 2289
    },
    "wrapper": {
        "accuracy": 0.996615480789267,
        "precision": 0.9947778422821963,
        "recall": 0.9938251955759374,
        "f1": 0.9943012907448265,
        "falseNegativeRate": 0.006174804424062584,
        "falsePositiveRate": 0.002205144577214266,
        "TP": 368411,
        "TN": 875106,
        "FP": 1934,
        "FN": 2289
    },
    "files": {
        "checkpointFile": "../../saved_models/decen/init-test-randpos/vehicle_193_model.ckpt",
        "dataFile": "../../data/RandomPos_0709.csv"
    }
}