{
    "noWrapper": {
        "accuracy": 0.9964543895362816,
        "recall": 0.992956568653898,
        "precision": 0.9950987018183195,
        "f1": 0.9940264811599212,
        "falseNegativeRate": 0.007043431346101969,
        "falsePositiveRate": 0.0020671805162820397,
        "TP": 368089,
        "TN": 875227,
        "FP": 1813,
        "FN": 2611
    },
    "wrapper": {
        "accuracy": 0.9964543895362816,
        "precision": 0.9950987018183195,
        "recall": 0.992956568653898,
        "f1": 0.9940264811599212,
        "falseNegativeRate": 0.007043431346101969,
        "falsePositiveRate": 0.0020671805162820397,
        "TP": 368089,
        "TN": 875227,
        "FP": 1813,
        "FN": 2611
    },
    "files": {
        "checkpointFile": "../../saved_models/decen/init-test-randpos/vehicle_35_model.ckpt",
        "dataFile": "../../data/RandomPos_0709.csv"
    }
}