{
    "noWrapper": {
        "accuracy": 0.9945677785436069,
        "recall": 0.9825465335851092,
        "precision": 0.9991550949420911,
        "f1": 0.9907812164224374,
        "falseNegativeRate": 0.017453466414890748,
        "falsePositiveRate": 0.000351181246009304,
        "TP": 364230,
        "TN": 876732,
        "FP": 308,
        "FN": 6470
    },
    "wrapper": {
        "accuracy": 0.9945677785436069,
        "precision": 0.9991550949420911,
        "recall": 0.9825465335851092,
        "f1": 0.9907812164224374,
        "falseNegativeRate": 0.017453466414890748,
        "falsePositiveRate": 0.000351181246009304,
        "TP": 364230,
        "TN": 876732,
        "FP": 308,
        "FN": 6470
    },
    "files": {
        "checkpointFile": "../../saved_models/decen/init-test-randpos/vehicle_183_model.ckpt",
        "dataFile": "../../data/RandomPos_0709.csv"
    }
}