{
    "noWrapper": {
        "accuracy": 0.9948715277221216,
        "recall": 0.9861478284326949,
        "precision": 0.9965542527989881,
        "f1": 0.9913237309990524,
        "falseNegativeRate": 0.013852171567305099,
        "falsePositiveRate": 0.001441211347258962,
        "TP": 365565,
        "TN": 875776,
        "FP": 1264,
        "FN": 5135
    },
    "wrapper": {
        "accuracy": 0.9948715277221216,
        "precision": 0.9965542527989881,
        "recall": 0.9861478284326949,
        "f1": 0.9913237309990524,
        "falseNegativeRate": 0.013852171567305099,
        "falsePositiveRate": 0.001441211347258962,
        "TP": 365565,
        "TN": 875776,
        "FP": 1264,
        "FN": 5135
    },
    "files": {
        "checkpointFile": "../../saved_models/decen/init-test-randpos/vehicle_24_model.ckpt",
        "dataFile": "../../data/RandomPos_0709.csv"
    }
}