{
    "noWrapper": {
        "accuracy": 0.9970707038325292,
        "recall": 0.9914594011329917,
        "precision": 0.9986712786972554,
        "f1": 0.9950522726380525,
        "falseNegativeRate": 0.008540598867008363,
        "falsePositiveRate": 0.0005575572379823041,
        "TP": 367534,
        "TN": 876551,
        "FP": 489,
        "FN": 3166
    },
    "wrapper": {
        "accuracy": 0.9970707038325292,
        "precision": 0.9986712786972554,
        "recall": 0.9914594011329917,
        "f1": 0.9950522726380525,
        "falseNegativeRate": 0.008540598867008363,
        "falsePositiveRate": 0.0005575572379823041,
        "TP": 367534,
        "TN": 876551,
        "FP": 489,
        "FN": 3166
    },
    "files": {
        "checkpointFile": "../../saved_models/decen/init-test-randpos/vehicle_143_model.ckpt",
        "dataFile": "../../data/RandomPos_0709.csv"
    }
}