{
    "noWrapper": {
        "accuracy": 0.9970731081795887,
        "recall": 0.9932398165632587,
        "precision": 0.9968971679211567,
        "f1": 0.9950651316145073,
        "falseNegativeRate": 0.006760183436741301,
        "falsePositiveRate": 0.001306667882878774,
        "TP": 368194,
        "TN": 875894,
        "FP": 1146,
        "FN": 2506
    },
    "wrapper": {
        "accuracy": 0.9970731081795887,
        "precision": 0.9968971679211567,
        "recall": 0.9932398165632587,
        "f1": 0.9950651316145073,
        "falseNegativeRate": 0.006760183436741301,
        "falsePositiveRate": 0.001306667882878774,
        "TP": 368194,
        "TN": 875894,
        "FP": 1146,
        "FN": 2506
    },
    "files": {
        "checkpointFile": "../../saved_models/decen/init-test-randpos/vehicle_84_model.ckpt",
        "dataFile": "../../data/RandomPos_0709.csv"
    }
}