{
    "noWrapper": {
        "accuracy": 0.9971869139404043,
        "recall": 0.9928837334772053,
        "precision": 0.9976364336168528,
        "f1": 0.9952544096134033,
        "falseNegativeRate": 0.0071162665227947125,
        "falsePositiveRate": 0.000994253397792575,
        "TP": 368062,
        "TN": 876168,
        "FP": 872,
        "FN": 2638
    },
    "wrapper": {
        "accuracy": 0.9971869139404043,
        "precision": 0.9976364336168528,
        "recall": 0.9928837334772053,
        "f1": 0.9952544096134033,
        "falseNegativeRate": 0.0071162665227947125,
        "falsePositiveRate": 0.000994253397792575,
        "TP": 368062,
        "TN": 876168,
        "FP": 872,
        "FN": 2638
    },
    "files": {
        "checkpointFile": "../../saved_models/decen/init-test-randpos/vehicle_116_model.ckpt",
        "dataFile": "../../data/RandomPos_0709.csv"
    }
}