{
    "noWrapper": {
        "accuracy": 0.9968230560854024,
        "recall": 0.9923469112489884,
        "precision": 0.996945716686089,
        "f1": 0.9946409982560261,
        "falseNegativeRate": 0.0076530887510116,
        "falsePositiveRate": 0.0012850041047158625,
        "TP": 367863,
        "TN": 875913,
        "FP": 1127,
        "FN": 2837
    },
    "wrapper": {
        "accuracy": 0.9968230560854024,
        "precision": 0.996945716686089,
        "recall": 0.9923469112489884,
        "f1": 0.9946409982560261,
        "falseNegativeRate": 0.0076530887510116,
        "falsePositiveRate": 0.0012850041047158625,
        "TP": 367863,
        "TN": 875913,
        "FP": 1127,
        "FN": 2837
    },
    "files": {
        "checkpointFile": "../../saved_models/decen/init-test-randpos/vehicle_66_model.ckpt",
        "dataFile": "../../data/RandomPos_0709.csv"
    }
}