{
    "noWrapper": {
        "accuracy": 0.9955687883693718,
        "recall": 0.9859670892905315,
        "precision": 0.9991061299801818,
        "f1": 0.9924931265062286,
        "falseNegativeRate": 0.014032910709468573,
        "falsePositiveRate": 0.0003728450241722156,
        "TP": 365498,
        "TN": 876713,
        "FP": 327,
        "FN": 5202
    },
    "wrapper": {
        "accuracy": 0.9955687883693718,
        "precision": 0.9991061299801818,
        "recall": 0.9859670892905315,
        "f1": 0.9924931265062286,
        "falseNegativeRate": 0.014032910709468573,
        "falsePositiveRate": 0.0003728450241722156,
        "TP": 365498,
        "TN": 876713,
        "FP": 327,
        "FN": 5202
    },
    "files": {
        "checkpointFile": "../../saved_models/decen/init-test-randpos/vehicle_189_model.ckpt",
        "dataFile": "../../data/RandomPos_0709.csv"
    }
}