{
    "noWrapper": {
        "accuracy": 0.9941846859121292,
        "recall": 0.9810790396547073,
        "precision": 0.9993350333032908,
        "f1": 0.9901228921304389,
        "falseNegativeRate": 0.01892096034529269,
        "falsePositiveRate": 0.00027592812186445314,
        "TP": 363686,
        "TN": 876798,
        "FP": 242,
        "FN": 7014
    },
    "wrapper": {
        "accuracy": 0.9941846859121292,
        "precision": 0.9993350333032908,
        "recall": 0.9810790396547073,
        "f1": 0.9901228921304389,
        "falseNegativeRate": 0.01892096034529269,
        "falsePositiveRate": 0.00027592812186445314,
        "TP": 363686,
        "TN": 876798,
        "FP": 242,
        "FN": 7014
    },
    "files": {
        "checkpointFile": "../../saved_models/decen/init-test-randpos/vehicle_72_model.ckpt",
        "dataFile": "../../data/RandomPos_0709.csv"
    }
}