{
    "noWrapper": {
        "accuracy": 0.9966234952794653,
        "recall": 0.9918937145940113,
        "precision": 0.99672542646712,
        "f1": 0.9943037007691964,
        "falseNegativeRate": 0.00810628540598867,
        "falsePositiveRate": 0.0013773602116209068,
        "TP": 367695,
        "TN": 875832,
        "FP": 1208,
        "FN": 3005
    },
    "wrapper": {
        "accuracy": 0.9966234952794653,
        "precision": 0.99672542646712,
        "recall": 0.9918937145940113,
        "f1": 0.9943037007691964,
        "falseNegativeRate": 0.00810628540598867,
        "falsePositiveRate": 0.0013773602116209068,
        "TP": 367695,
        "TN": 875832,
        "FP": 1208,
        "FN": 3005
    },
    "files": {
        "checkpointFile": "../../saved_models/decen/init-test-randpos/vehicle_19_model.ckpt",
        "dataFile": "../../data/RandomPos_0709.csv"
    }
}