{
    "noWrapper": {
        "accuracy": 0.9943842467180662,
        "recall": 0.9849285136228756,
        "precision": 0.9961258604273012,
        "f1": 0.990495542114908,
        "falseNegativeRate": 0.01507148637712436,
        "falsePositiveRate": 0.0016190823679649731,
        "TP": 365113,
        "TN": 875620,
        "FP": 1420,
        "FN": 5587
    },
    "wrapper": {
        "accuracy": 0.9943842467180662,
        "precision": 0.9961258604273012,
        "recall": 0.9849285136228756,
        "f1": 0.990495542114908,
        "falseNegativeRate": 0.01507148637712436,
        "falsePositiveRate": 0.0016190823679649731,
        "TP": 365113,
        "TN": 875620,
        "FP": 1420,
        "FN": 5587
    },
    "files": {
        "checkpointFile": "../../saved_models/decen/init-test-randpos/vehicle_40_model.ckpt",
        "dataFile": "../../data/RandomPos_0709.csv"
    }
}