{
    "noWrapper": {
        "accuracy": 0.9967661532049946,
        "recall": 0.990849743728082,
        "precision": 0.9982524847058439,
        "f1": 0.9945373390139592,
        "falseNegativeRate": 0.009150256271917992,
        "falsePositiveRate": 0.0007331478609869562,
        "TP": 367308,
        "TN": 876397,
        "FP": 643,
        "FN": 3392
    },
    "wrapper": {
        "accuracy": 0.9967661532049946,
        "precision": 0.9982524847058439,
        "recall": 0.990849743728082,
        "f1": 0.9945373390139592,
        "falseNegativeRate": 0.009150256271917992,
        "falsePositiveRate": 0.0007331478609869562,
        "TP": 367308,
        "TN": 876397,
        "FP": 643,
        "FN": 3392
    },
    "files": {
        "checkpointFile": "../../saved_models/decen/init-test-randpos/vehicle_155_model.ckpt",
        "dataFile": "../../data/RandomPos_0709.csv"
    }
}