{
    "noWrapper": {
        "accuracy": 0.9951616522672992,
        "recall": 0.9874885352036687,
        "precision": 0.9961927932488074,
        "f1": 0.9918215673816417,
        "falseNegativeRate": 0.012511464796331265,
        "falsePositiveRate": 0.0015951381921007024,
        "TP": 366062,
        "TN": 875641,
        "FP": 1399,
        "FN": 4638
    },
    "wrapper": {
        "accuracy": 0.9951616522672992,
        "precision": 0.9961927932488074,
        "recall": 0.9874885352036687,
        "f1": 0.9918215673816417,
        "falseNegativeRate": 0.012511464796331265,
        "falsePositiveRate": 0.0015951381921007024,
        "TP": 366062,
        "TN": 875641,
        "FP": 1399,
        "FN": 4638
    },
    "files": {
        "checkpointFile": "../../saved_models/decen/init-test-randpos/vehicle_30_model.ckpt",
        "dataFile": "../../data/RandomPos_0709.csv"
    }
}