{
    "noWrapper": {
        "accuracy": 0.9970434545658551,
        "recall": 0.9933315349339088,
        "precision": 0.9967058696152337,
        "f1": 0.9950158414905187,
        "falseNegativeRate": 0.006668465066091179,
        "falsePositiveRate": 0.0013876220012770228,
        "TP": 368228,
        "TN": 875823,
        "FP": 1217,
        "FN": 2472
    },
    "wrapper": {
        "accuracy": 0.9970434545658551,
        "precision": 0.9967058696152337,
        "recall": 0.9933315349339088,
        "f1": 0.9950158414905187,
        "falseNegativeRate": 0.006668465066091179,
        "falsePositiveRate": 0.0013876220012770228,
        "TP": 368228,
        "TN": 875823,
        "FP": 1217,
        "FN": 2472
    },
    "files": {
        "checkpointFile": "../../saved_models/decen/init-test-randpos/vehicle_79_model.ckpt",
        "dataFile": "../../data/RandomPos_0709.csv"
    }
}