{
    "noWrapper": {
        "accuracy": 0.9966459358520204,
        "recall": 0.9925195575937416,
        "precision": 0.9961769539637028,
        "f1": 0.9943448926340368,
        "falseNegativeRate": 0.00748044240625843,
        "falsePositiveRate": 0.0016099607771595367,
        "TP": 367927,
        "TN": 875628,
        "FP": 1412,
        "FN": 2773
    },
    "wrapper": {
        "accuracy": 0.9966459358520204,
        "precision": 0.9961769539637028,
        "recall": 0.9925195575937416,
        "f1": 0.9943448926340368,
        "falseNegativeRate": 0.00748044240625843,
        "falsePositiveRate": 0.0016099607771595367,
        "TP": 367927,
        "TN": 875628,
        "FP": 1412,
        "FN": 2773
    },
    "files": {
        "checkpointFile": "../../saved_models/decen/init-test-randpos/vehicle_46_model.ckpt",
        "dataFile": "../../data/RandomPos_0709.csv"
    }
}