{
    "noWrapper": {
        "accuracy": 0.9963277605911488,
        "recall": 0.9897437280820071,
        "precision": 0.9978785785388302,
        "f1": 0.9937945063368627,
        "falseNegativeRate": 0.010256271917992986,
        "falsePositiveRate": 0.0008893551035300556,
        "TP": 366898,
        "TN": 876260,
        "FP": 780,
        "FN": 3802
    },
    "wrapper": {
        "accuracy": 0.9963277605911488,
        "precision": 0.9978785785388302,
        "recall": 0.9897437280820071,
        "f1": 0.9937945063368627,
        "falseNegativeRate": 0.010256271917992986,
        "falsePositiveRate": 0.0008893551035300556,
        "TP": 366898,
        "TN": 876260,
        "FP": 780,
        "FN": 3802
    },
    "files": {
        "checkpointFile": "../../saved_models/decen/init-test-randpos/vehicle_41_model.ckpt",
        "dataFile": "../../data/RandomPos_0709.csv"
    }
}