{
    "noWrapper": {
        "accuracy": 0.9967573372657765,
        "recall": 0.9923873752360399,
        "precision": 0.9966838434904173,
        "f1": 0.9945309690971369,
        "falseNegativeRate": 0.007612624763960076,
        "falsePositiveRate": 0.0013956033932317796,
        "TP": 367878,
        "TN": 875816,
        "FP": 1224,
        "FN": 2822
    },
    "wrapper": {
        "accuracy": 0.9967573372657765,
        "precision": 0.9966838434904173,
        "recall": 0.9923873752360399,
        "f1": 0.9945309690971369,
        "falseNegativeRate": 0.007612624763960076,
        "falsePositiveRate": 0.0013956033932317796,
        "TP": 367878,
        "TN": 875816,
        "FP": 1224,
        "FN": 2822
    },
    "files": {
        "checkpointFile": "../../saved_models/decen/init-test-randpos/vehicle_86_model.ckpt",
        "dataFile": "../../data/RandomPos_0709.csv"
    }
}