{
    "noWrapper": {
        "accuracy": 0.9963309663872281,
        "recall": 0.9915565147019153,
        "precision": 0.9960760721699212,
        "f1": 0.9938111550617937,
        "falseNegativeRate": 0.008443485298084705,
        "falsePositiveRate": 0.0016510079357840008,
        "TP": 367570,
        "TN": 875592,
        "FP": 1448,
        "FN": 3130
    },
    "wrapper": {
        "accuracy": 0.9963309663872281,
        "precision": 0.9960760721699212,
        "recall": 0.9915565147019153,
        "f1": 0.9938111550617937,
        "falseNegativeRate": 0.008443485298084705,
        "falsePositiveRate": 0.0016510079357840008,
        "TP": 367570,
        "TN": 875592,
        "FP": 1448,
        "FN": 3130
    },
    "files": {
        "checkpointFile": "../../saved_models/decen/init-test-randpos/vehicle_109_model.ckpt",
        "dataFile": "../../data/RandomPos_0709.csv"
    }
}