{
    "noWrapper": {
        "accuracy": 0.994008367127767,
        "recall": 0.9804370110601565,
        "precision": 0.9993840603620845,
        "f1": 0.9898198733067166,
        "falseNegativeRate": 0.01956298893984354,
        "falsePositiveRate": 0.0002554045425522211,
        "TP": 363448,
        "TN": 876816,
        "FP": 224,
        "FN": 7252
    },
    "wrapper": {
        "accuracy": 0.994008367127767,
        "precision": 0.9993840603620845,
        "recall": 0.9804370110601565,
        "f1": 0.9898198733067166,
        "falseNegativeRate": 0.01956298893984354,
        "falsePositiveRate": 0.0002554045425522211,
        "TP": 363448,
        "TN": 876816,
        "FP": 224,
        "FN": 7252
    },
    "files": {
        "checkpointFile": "../../saved_models/decen/init-test-randpos/vehicle_10_model.ckpt",
        "dataFile": "../../data/RandomPos_0709.csv"
    }
}