{
    "noWrapper": {
        "accuracy": 0.9957467100517736,
        "recall": 0.9900539519827354,
        "precision": 0.9956053853019128,
        "f1": 0.9928219083958109,
        "falseNegativeRate": 0.009946048017264635,
        "falsePositiveRate": 0.0018471221381008848,
        "TP": 367013,
        "TN": 875420,
        "FP": 1620,
        "FN": 3687
    },
    "wrapper": {
        "accuracy": 0.9957467100517736,
        "precision": 0.9956053853019128,
        "recall": 0.9900539519827354,
        "f1": 0.9928219083958109,
        "falseNegativeRate": 0.009946048017264635,
        "falsePositiveRate": 0.0018471221381008848,
        "TP": 367013,
        "TN": 875420,
        "FP": 1620,
        "FN": 3687
    },
    "files": {
        "checkpointFile": "../../saved_models/decen/init-test-randpos/vehicle_26_model.ckpt",
        "dataFile": "../../data/RandomPos_0709.csv"
    }
}