{
    "noWrapper": {
        "accuracy": 0.9961306041322712,
        "recall": 0.9885567844618289,
        "precision": 0.9984034611654189,
        "f1": 0.9934557244789521,
        "falseNegativeRate": 0.011443215538171028,
        "falsePositiveRate": 0.0006681565264982213,
        "TP": 366458,
        "TN": 876454,
        "FP": 586,
        "FN": 4242
    },
    "wrapper": {
        "accuracy": 0.9961306041322712,
        "precision": 0.9984034611654189,
        "recall": 0.9885567844618289,
        "f1": 0.9934557244789521,
        "falseNegativeRate": 0.011443215538171028,
        "falsePositiveRate": 0.0006681565264982213,
        "TP": 366458,
        "TN": 876454,
        "FP": 586,
        "FN": 4242
    },
    "files": {
        "checkpointFile": "../../saved_models/decen/init-test-randpos/vehicle_80_model.ckpt",
        "dataFile": "../../data/RandomPos_0709.csv"
    }
}