{
    "noWrapper": {
        "accuracy": 0.9961610591950246,
        "recall": 0.9899919072025897,
        "precision": 0.9970657755318282,
        "f1": 0.9935162499830799,
        "falseNegativeRate": 0.010008092797410304,
        "falsePositiveRate": 0.0012314147587339232,
        "TP": 366990,
        "TN": 875960,
        "FP": 1080,
        "FN": 3710
    },
    "wrapper": {
        "accuracy": 0.9961610591950246,
        "precision": 0.9970657755318282,
        "recall": 0.9899919072025897,
        "f1": 0.9935162499830799,
        "falseNegativeRate": 0.010008092797410304,
        "falsePositiveRate": 0.0012314147587339232,
        "TP": 366990,
        "TN": 875960,
        "FP": 1080,
        "FN": 3710
    },
    "files": {
        "checkpointFile": "../../saved_models/decen/init-test-randpos/vehicle_59_model.ckpt",
        "dataFile": "../../data/RandomPos_0709.csv"
    }
}