{
    "noWrapper": {
        "accuracy": 0.9959663070832064,
        "recall": 0.9907796061505261,
        "precision": 0.9956220842132085,
        "f1": 0.9931949426512006,
        "falseNegativeRate": 0.009220393849473969,
        "falsePositiveRate": 0.001841421143847487,
        "TP": 367282,
        "TN": 875425,
        "FP": 1615,
        "FN": 3418
    },
    "wrapper": {
        "accuracy": 0.9959663070832064,
        "precision": 0.9956220842132085,
        "recall": 0.9907796061505261,
        "f1": 0.9931949426512006,
        "falseNegativeRate": 0.009220393849473969,
        "falsePositiveRate": 0.001841421143847487,
        "TP": 367282,
        "TN": 875425,
        "FP": 1615,
        "FN": 3418
    },
    "files": {
        "checkpointFile": "../../saved_models/decen/init-test-randpos/vehicle_85_model.ckpt",
        "dataFile": "../../data/RandomPos_0709.csv"
    }
}