{
    "noWrapper": {
        "accuracy": 0.9965401445814032,
        "recall": 0.9915727002967359,
        "precision": 0.9967649124519685,
        "f1": 0.9941620270761857,
        "falseNegativeRate": 0.008427299703264095,
        "falsePositiveRate": 0.0013602572288607133,
        "TP": 367576,
        "TN": 875847,
        "FP": 1193,
        "FN": 3124
    },
    "wrapper": {
        "accuracy": 0.9965401445814032,
        "precision": 0.9967649124519685,
        "recall": 0.9915727002967359,
        "f1": 0.9941620270761857,
        "falseNegativeRate": 0.008427299703264095,
        "falsePositiveRate": 0.0013602572288607133,
        "TP": 367576,
        "TN": 875847,
        "FP": 1193,
        "FN": 3124
    },
    "files": {
        "checkpointFile": "../../saved_models/decen/init-test-randpos/vehicle_17_model.ckpt",
        "dataFile": "../../data/RandomPos_0709.csv"
    }
}