{
    "noWrapper": {
        "accuracy": 0.9958621187106288,
        "recall": 0.9873725384407877,
        "precision": 0.9986848603414452,
        "f1": 0.9929964826417762,
        "falseNegativeRate": 0.012627461559212301,
        "falsePositiveRate": 0.0005495758460275472,
        "TP": 366019,
        "TN": 876558,
        "FP": 482,
        "FN": 4681
    },
    "wrapper": {
        "accuracy": 0.9958621187106288,
        "precision": 0.9986848603414452,
        "recall": 0.9873725384407877,
        "f1": 0.9929964826417762,
        "falseNegativeRate": 0.012627461559212301,
        "falsePositiveRate": 0.0005495758460275472,
        "TP": 366019,
        "TN": 876558,
        "FP": 482,
        "FN": 4681
    },
    "files": {
        "checkpointFile": "../../saved_models/decen/init-test-randpos/vehicle_160_model.ckpt",
        "dataFile": "../../data/RandomPos_0709.csv"
    }
}