{
    "noWrapper": {
        "accuracy": 0.9971316139580362,
        "recall": 0.9929295926625303,
        "precision": 0.9974040543360151,
        "f1": 0.9951617939889447,
        "falseNegativeRate": 0.007070407337469652,
        "falsePositiveRate": 0.001092310498951017,
        "TP": 368079,
        "TN": 876082,
        "FP": 958,
        "FN": 2621
    },
    "wrapper": {
        "accuracy": 0.9971316139580362,
        "precision": 0.9974040543360151,
        "recall": 0.9929295926625303,
        "f1": 0.9951617939889447,
        "falseNegativeRate": 0.007070407337469652,
        "falsePositiveRate": 0.001092310498951017,
        "TP": 368079,
        "TN": 876082,
        "FP": 958,
        "FN": 2621
    },
    "files": {
        "checkpointFile": "../../saved_models/decen/init-test-randpos/vehicle_127_model.ckpt",
        "dataFile": "../../data/RandomPos_0709.csv"
    }
}