{
    "noWrapper": {
        "accuracy": 0.9966267010755446,
        "recall": 0.9932910709468573,
        "precision": 0.995345128198197,
        "f1": 0.9943170387572826,
        "falseNegativeRate": 0.006708929053142703,
        "falsePositiveRate": 0.0019634224208701996,
        "TP": 368213,
        "TN": 875318,
        "FP": 1722,
        "FN": 2487
    },
    "wrapper": {
        "accuracy": 0.9966267010755446,
        "precision": 0.995345128198197,
        "recall": 0.9932910709468573,
        "f1": 0.9943170387572826,
        "falseNegativeRate": 0.006708929053142703,
        "falsePositiveRate": 0.0019634224208701996,
        "TP": 368213,
        "TN": 875318,
        "FP": 1722,
        "FN": 2487
    },
    "files": {
        "checkpointFile": "../../saved_models/decen/init-test-randpos/vehicle_174_model.ckpt",
        "dataFile": "../../data/RandomPos_0709.csv"
    }
}