{
    "noWrapper": {
        "accuracy": 0.9951752769006363,
        "recall": 0.9857728621526841,
        "precision": 0.9979627060507084,
        "f1": 0.9918303314551238,
        "falseNegativeRate": 0.014227137847315888,
        "falsePositiveRate": 0.0008505883426069506,
        "TP": 365426,
        "TN": 876294,
        "FP": 746,
        "FN": 5274
    },
    "wrapper": {
        "accuracy": 0.9951752769006363,
        "precision": 0.9979627060507084,
        "recall": 0.9857728621526841,
        "f1": 0.9918303314551238,
        "falseNegativeRate": 0.014227137847315888,
        "falsePositiveRate": 0.0008505883426069506,
        "TP": 365426,
        "TN": 876294,
        "FP": 746,
        "FN": 5274
    },
    "files": {
        "checkpointFile": "../../saved_models/decen/init-test-randpos/vehicle_139_model.ckpt",
        "dataFile": "../../data/RandomPos_0709.csv"
    }
}