{
    "noWrapper": {
        "accuracy": 0.9963301649382083,
        "recall": 0.9892635554356622,
        "precision": 0.9983692648624221,
        "f1": 0.993795552689023,
        "falseNegativeRate": 0.01073644456433774,
        "falsePositiveRate": 0.0006829791115570556,
        "TP": 366720,
        "TN": 876441,
        "FP": 599,
        "FN": 3980
    },
    "wrapper": {
        "accuracy": 0.9963301649382083,
        "precision": 0.9983692648624221,
        "recall": 0.9892635554356622,
        "f1": 0.993795552689023,
        "falseNegativeRate": 0.01073644456433774,
        "falsePositiveRate": 0.0006829791115570556,
        "TP": 366720,
        "TN": 876441,
        "FP": 599,
        "FN": 3980
    },
    "files": {
        "checkpointFile": "../../saved_models/decen/init-test-randpos/vehicle_50_model.ckpt",
        "dataFile": "../../data/RandomPos_0709.csv"
    }
}