{
    "noWrapper": {
        "accuracy": 0.9958725375478866,
        "recall": 0.9891826274615592,
        "precision": 0.9969007421906859,
        "f1": 0.993026688150786,
        "falseNegativeRate": 0.010817372538440787,
        "falsePositiveRate": 0.0012998266897746968,
        "TP": 366690,
        "TN": 875900,
        "FP": 1140,
        "FN": 4010
    },
    "wrapper": {
        "accuracy": 0.9958725375478866,
        "precision": 0.9969007421906859,
        "recall": 0.9891826274615592,
        "f1": 0.993026688150786,
        "falseNegativeRate": 0.010817372538440787,
        "falsePositiveRate": 0.0012998266897746968,
        "TP": 366690,
        "TN": 875900,
        "FP": 1140,
        "FN": 4010
    },
    "files": {
        "checkpointFile": "../../saved_models/decen/init-test-randpos/vehicle_158_model.ckpt",
        "dataFile": "../../data/RandomPos_0709.csv"
    }
}