{
    "noWrapper": {
        "accuracy": 0.9946367031593121,
        "recall": 0.9823738872403561,
        "precision": 0.9995663200887123,
        "f1": 0.9908955353838786,
        "falseNegativeRate": 0.017626112759643917,
        "falsePositiveRate": 0.00018015141840737025,
        "TP": 364166,
        "TN": 876882,
        "FP": 158,
        "FN": 6534
    },
    "wrapper": {
        "accuracy": 0.9946367031593121,
        "precision": 0.9995663200887123,
        "recall": 0.9823738872403561,
        "f1": 0.9908955353838786,
        "falseNegativeRate": 0.017626112759643917,
        "falsePositiveRate": 0.00018015141840737025,
        "TP": 364166,
        "TN": 876882,
        "FP": 158,
        "FN": 6534
    },
    "files": {
        "checkpointFile": "../../saved_models/decen/init-test-randpos/vehicle_20_model.ckpt",
        "dataFile": "../../data/RandomPos_0709.csv"
    }
}