{
    "noWrapper": {
        "accuracy": 0.9939530671453989,
        "recall": 0.9803452926895063,
        "precision": 0.9992878217519585,
        "f1": 0.9897259294663611,
        "falseNegativeRate": 0.01965470731049366,
        "falsePositiveRate": 0.00029531150232600564,
        "TP": 363414,
        "TN": 876781,
        "FP": 259,
        "FN": 7286
    },
    "wrapper": {
        "accuracy": 0.9939530671453989,
        "precision": 0.9992878217519585,
        "recall": 0.9803452926895063,
        "f1": 0.9897259294663611,
        "falseNegativeRate": 0.01965470731049366,
        "falsePositiveRate": 0.00029531150232600564,
        "TP": 363414,
        "TN": 876781,
        "FP": 259,
        "FN": 7286
    },
    "files": {
        "checkpointFile": "../../saved_models/decen/init-test-randpos/vehicle_136_model.ckpt",
        "dataFile": "../../data/RandomPos_0709.csv"
    }
}