{
    "noWrapper": {
        "accuracy": 0.9957507172968727,
        "recall": 0.9868815753978959,
        "precision": 0.9988014502724721,
        "f1": 0.9928057358719959,
        "falseNegativeRate": 0.013118424602104127,
        "falsePositiveRate": 0.0005005472954483262,
        "TP": 365837,
        "TN": 876601,
        "FP": 439,
        "FN": 4863
    },
    "wrapper": {
        "accuracy": 0.9957507172968727,
        "precision": 0.9988014502724721,
        "recall": 0.9868815753978959,
        "f1": 0.9928057358719959,
        "falseNegativeRate": 0.013118424602104127,
        "falsePositiveRate": 0.0005005472954483262,
        "TP": 365837,
        "TN": 876601,
        "FP": 439,
        "FN": 4863
    },
    "files": {
        "checkpointFile": "../../saved_models/decen/init-test-randpos/vehicle_101_model.ckpt",
        "dataFile": "../../data/RandomPos_0709.csv"
    }
}