{
    "noWrapper": {
        "accuracy": 0.9946735698142242,
        "recall": 0.9831885621796601,
        "precision": 0.9988653866181396,
        "f1": 0.9909649773920515,
        "falseNegativeRate": 0.0168114378203399,
        "falsePositiveRate": 0.0004720423241813372,
        "TP": 364468,
        "TN": 876626,
        "FP": 414,
        "FN": 6232
    },
    "wrapper": {
        "accuracy": 0.9946735698142242,
        "precision": 0.9988653866181396,
        "recall": 0.9831885621796601,
        "f1": 0.9909649773920515,
        "falseNegativeRate": 0.0168114378203399,
        "falsePositiveRate": 0.0004720423241813372,
        "TP": 364468,
        "TN": 876626,
        "FP": 414,
        "FN": 6232
    },
    "files": {
        "checkpointFile": "../../saved_models/decen/init-test-randpos/vehicle_90_model.ckpt",
        "dataFile": "../../data/RandomPos_0709.csv"
    }
}