{
    "noWrapper": {
        "accuracy": 0.9953147290300864,
        "recall": 0.9862503371998921,
        "precision": 0.9979555181901559,
        "f1": 0.992068402229422,
        "falseNegativeRate": 0.013749662800107905,
        "falsePositiveRate": 0.0008540089391589894,
        "TP": 365603,
        "TN": 876291,
        "FP": 749,
        "FN": 5097
    },
    "wrapper": {
        "accuracy": 0.9953147290300864,
        "precision": 0.9979555181901559,
        "recall": 0.9862503371998921,
        "f1": 0.992068402229422,
        "falseNegativeRate": 0.013749662800107905,
        "falsePositiveRate": 0.0008540089391589894,
        "TP": 365603,
        "TN": 876291,
        "FP": 749,
        "FN": 5097
    },
    "files": {
        "checkpointFile": "../../saved_models/decen/init-test-randpos/vehicle_91_model.ckpt",
        "dataFile": "../../data/RandomPos_0709.csv"
    }
}