{
    "noWrapper": {
        "accuracy": 0.9959943577989004,
        "recall": 0.9876180199622336,
        "precision": 0.9988868213839429,
        "f1": 0.9932204585346532,
        "falseNegativeRate": 0.012381980037766388,
        "falsePositiveRate": 0.0004652011310772599,
        "TP": 366110,
        "TN": 876632,
        "FP": 408,
        "FN": 4590
    },
    "wrapper": {
        "accuracy": 0.9959943577989004,
        "precision": 0.9988868213839429,
        "recall": 0.9876180199622336,
        "f1": 0.9932204585346532,
        "falseNegativeRate": 0.012381980037766388,
        "falsePositiveRate": 0.0004652011310772599,
        "TP": 366110,
        "TN": 876632,
        "FP": 408,
        "FN": 4590
    },
    "files": {
        "checkpointFile": "../../saved_models/decen/init-test-randpos/vehicle_8_model.ckpt",
        "dataFile": "../../data/RandomPos_0709.csv"
    }
}