{
    "noWrapper": {
        "accuracy": 0.9950342218731466,
        "recall": 0.9840356083086054,
        "precision": 0.9992384813455323,
        "f1": 0.9915787756877243,
        "falseNegativeRate": 0.015964391691394658,
        "falsePositiveRate": 0.00031697528048891724,
        "TP": 364782,
        "TN": 876762,
        "FP": 278,
        "FN": 5918
    },
    "wrapper": {
        "accuracy": 0.9950342218731466,
        "precision": 0.9992384813455323,
        "recall": 0.9840356083086054,
        "f1": 0.9915787756877243,
        "falseNegativeRate": 0.015964391691394658,
        "falsePositiveRate": 0.00031697528048891724,
        "TP": 364782,
        "TN": 876762,
        "FP": 278,
        "FN": 5918
    },
    "files": {
        "checkpointFile": "../../saved_models/decen/init-test-randpos/vehicle_22_model.ckpt",
        "dataFile": "../../data/RandomPos_0709.csv"
    }
}