{
    "noWrapper": {
        "accuracy": 0.9964343533107859,
        "recall": 0.989964931211222,
        "precision": 0.9980174540193468,
        "f1": 0.9939748838380896,
        "falseNegativeRate": 0.010035068788777987,
        "falsePositiveRate": 0.0008312049621453982,
        "TP": 366980,
        "TN": 876311,
        "FP": 729,
        "FN": 3720
    },
    "wrapper": {
        "accuracy": 0.9964343533107859,
        "precision": 0.9980174540193468,
        "recall": 0.989964931211222,
        "f1": 0.9939748838380896,
        "falseNegativeRate": 0.010035068788777987,
        "falsePositiveRate": 0.0008312049621453982,
        "TP": 366980,
        "TN": 876311,
        "FP": 729,
        "FN": 3720
    },
    "files": {
        "checkpointFile": "../../saved_models/decen/init-test-randpos/vehicle_157_model.ckpt",
        "dataFile": "../../data/RandomPos_0709.csv"
    }
}