{
    "noWrapper": {
        "accuracy": 0.9971187907737189,
        "recall": 0.9928378742918802,
        "precision": 0.9974524709676545,
        "f1": 0.9951398230327776,
        "falseNegativeRate": 0.007162125708119773,
        "falsePositiveRate": 0.001071786919638785,
        "TP": 368045,
        "TN": 876100,
        "FP": 940,
        "FN": 2655
    },
    "wrapper": {
        "accuracy": 0.9971187907737189,
        "precision": 0.9974524709676545,
        "recall": 0.9928378742918802,
        "f1": 0.9951398230327776,
        "falseNegativeRate": 0.007162125708119773,
        "falsePositiveRate": 0.001071786919638785,
        "TP": 368045,
        "TN": 876100,
        "FP": 940,
        "FN": 2655
    },
    "files": {
        "checkpointFile": "../../saved_models/decen/init-test-randpos/vehicle_108_model.ckpt",
        "dataFile": "../../data/RandomPos_0709.csv"
    }
}