{
    "noWrapper": {
        "accuracy": 0.9968430923108981,
        "recall": 0.9919827353655247,
        "precision": 0.9973772359267145,
        "f1": 0.9946726715760859,
        "falseNegativeRate": 0.008017264634475317,
        "falsePositiveRate": 0.001102572288607133,
        "TP": 367728,
        "TN": 876073,
        "FP": 967,
        "FN": 2972
    },
    "wrapper": {
        "accuracy": 0.9968430923108981,
        "precision": 0.9973772359267145,
        "recall": 0.9919827353655247,
        "f1": 0.9946726715760859,
        "falseNegativeRate": 0.008017264634475317,
        "falsePositiveRate": 0.001102572288607133,
        "TP": 367728,
        "TN": 876073,
        "FP": 967,
        "FN": 2972
    },
    "files": {
        "checkpointFile": "../../saved_models/decen/init-test-randpos/vehicle_69_model.ckpt",
        "dataFile": "../../data/RandomPos_0709.csv"
    }
}