{
    "noWrapper": {
        "accuracy": 0.9943289467356982,
        "recall": 0.9818181818181818,
        "precision": 0.9990776731009948,
        "f1": 0.9903727367223767,
        "falseNegativeRate": 0.01818181818181818,
        "falsePositiveRate": 0.0003831068138283317,
        "TP": 363960,
        "TN": 876704,
        "FP": 336,
        "FN": 6740
    },
    "wrapper": {
        "accuracy": 0.9943289467356982,
        "precision": 0.9990776731009948,
        "recall": 0.9818181818181818,
        "f1": 0.9903727367223767,
        "falseNegativeRate": 0.01818181818181818,
        "falsePositiveRate": 0.0003831068138283317,
        "TP": 363960,
        "TN": 876704,
        "FP": 336,
        "FN": 6740
    },
    "files": {
        "checkpointFile": "../../saved_models/decen/init-test-randpos/vehicle_125_model.ckpt",
        "dataFile": "../../data/RandomPos_0709.csv"
    }
}