{
    "noWrapper": {
        "accuracy": 0.9949059900299742,
        "recall": 0.984645265713515,
        "precision": 0.9981841650440832,
        "f1": 0.9913684930985969,
        "falseNegativeRate": 0.015354734286485028,
        "falsePositiveRate": 0.0007570920368512268,
        "TP": 365008,
        "TN": 876376,
        "FP": 664,
        "FN": 5692
    },
    "wrapper": {
        "accuracy": 0.9949059900299742,
        "precision": 0.9981841650440832,
        "recall": 0.984645265713515,
        "f1": 0.9913684930985969,
        "falseNegativeRate": 0.015354734286485028,
        "falsePositiveRate": 0.0007570920368512268,
        "TP": 365008,
        "TN": 876376,
        "FP": 664,
        "FN": 5692
    },
    "files": {
        "checkpointFile": "../../saved_models/decen/init-test-randpos/vehicle_119_model.ckpt",
        "dataFile": "../../data/RandomPos_0709.csv"
    }
}