{
    "noWrapper": {
        "accuracy": 0.9965040793755109,
        "recall": 0.9935770164553548,
        "precision": 0.9946502835538752,
        "f1": 0.9941133603238866,
        "falseNegativeRate": 0.006422983544645266,
        "falsePositiveRate": 0.0022587339231962054,
        "TP": 368319,
        "TN": 875059,
        "FP": 1981,
        "FN": 2381
    },
    "wrapper": {
        "accuracy": 0.9965040793755109,
        "precision": 0.9946502835538752,
        "recall": 0.9935770164553548,
        "f1": 0.9941133603238866,
        "falseNegativeRate": 0.006422983544645266,
        "falsePositiveRate": 0.0022587339231962054,
        "TP": 368319,
        "TN": 875059,
        "FP": 1981,
        "FN": 2381
    },
    "files": {
        "checkpointFile": "../../saved_models/decen/init-test-randpos/vehicle_124_model.ckpt",
        "dataFile": "../../data/RandomPos_0709.csv"
    }
}