{
    "noWrapper": {
        "accuracy": 0.9968583198422748,
        "recall": 0.99176962503372,
        "precision": 0.9976419062298179,
        "f1": 0.9946970988260567,
        "falseNegativeRate": 0.008230374966280011,
        "falsePositiveRate": 0.0009908328012405362,
        "TP": 367649,
        "TN": 876171,
        "FP": 869,
        "FN": 3051
    },
    "wrapper": {
        "accuracy": 0.9968583198422748,
        "precision": 0.9976419062298179,
        "recall": 0.99176962503372,
        "f1": 0.9946970988260567,
        "falseNegativeRate": 0.008230374966280011,
        "falsePositiveRate": 0.0009908328012405362,
        "TP": 367649,
        "TN": 876171,
        "FP": 869,
        "FN": 3051
    },
    "files": {
        "checkpointFile": "../../saved_models/decen/init-test-randpos/vehicle_159_model.ckpt",
        "dataFile": "../../data/RandomPos_0709.csv"
    }
}