{
    "noWrapper": {
        "accuracy": 0.9955920303909468,
        "recall": 0.9872160776908552,
        "precision": 0.9979248586122458,
        "f1": 0.9925415840590599,
        "falseNegativeRate": 0.01278392230914486,
        "falsePositiveRate": 0.000867691325367144,
        "TP": 365961,
        "TN": 876279,
        "FP": 761,
        "FN": 4739
    },
    "wrapper": {
        "accuracy": 0.9955920303909468,
        "precision": 0.9979248586122458,
        "recall": 0.9872160776908552,
        "f1": 0.9925415840590599,
        "falseNegativeRate": 0.01278392230914486,
        "falsePositiveRate": 0.000867691325367144,
        "TP": 365961,
        "TN": 876279,
        "FP": 761,
        "FN": 4739
    },
    "files": {
        "checkpointFile": "../../saved_models/decen/init-test-randpos/vehicle_92_model.ckpt",
        "dataFile": "../../data/RandomPos_0709.csv"
    }
}