{
    "noWrapper": {
        "accuracy": 0.9951295943065062,
        "recall": 0.9858376045319666,
        "precision": 0.9977421459714915,
        "f1": 0.9917541524362362,
        "falseNegativeRate": 0.01416239546803345,
        "falsePositiveRate": 0.0009429444495119949,
        "TP": 365450,
        "TN": 876213,
        "FP": 827,
        "FN": 5250
    },
    "wrapper": {
        "accuracy": 0.9951295943065062,
        "precision": 0.9977421459714915,
        "recall": 0.9858376045319666,
        "f1": 0.9917541524362362,
        "falseNegativeRate": 0.01416239546803345,
        "falsePositiveRate": 0.0009429444495119949,
        "TP": 365450,
        "TN": 876213,
        "FP": 827,
        "FN": 5250
    },
    "files": {
        "checkpointFile": "../../saved_models/decen/init-test-randpos/vehicle_48_model.ckpt",
        "dataFile": "../../data/RandomPos_0709.csv"
    }
}