{
    "noWrapper": {
        "accuracy": 0.9939394425120618,
        "recall": 0.9806258429997302,
        "precision": 0.9989557513369131,
        "f1": 0.9897059344022172,
        "falseNegativeRate": 0.01937415700026976,
        "falsePositiveRate": 0.0004332755632582322,
        "TP": 363518,
        "TN": 876660,
        "FP": 380,
        "FN": 7182
    },
    "wrapper": {
        "accuracy": 0.9939394425120618,
        "precision": 0.9989557513369131,
        "recall": 0.9806258429997302,
        "f1": 0.9897059344022172,
        "falseNegativeRate": 0.01937415700026976,
        "falsePositiveRate": 0.0004332755632582322,
        "TP": 363518,
        "TN": 876660,
        "FP": 380,
        "FN": 7182
    },
    "files": {
        "checkpointFile": "../../saved_models/decen/init-test-randpos/vehicle_112_model.ckpt",
        "dataFile": "../../data/RandomPos_0709.csv"
    }
}