{
    "noWrapper": {
        "accuracy": 0.9959598954910478,
        "recall": 0.98955759374157,
        "precision": 0.9968206435343574,
        "f1": 0.9931758402272102,
        "falseNegativeRate": 0.010442406258429997,
        "falsePositiveRate": 0.0013340326552950834,
        "TP": 366829,
        "TN": 875870,
        "FP": 1170,
        "FN": 3871
    },
    "wrapper": {
        "accuracy": 0.9959598954910478,
        "precision": 0.9968206435343574,
        "recall": 0.98955759374157,
        "f1": 0.9931758402272102,
        "falseNegativeRate": 0.010442406258429997,
        "falsePositiveRate": 0.0013340326552950834,
        "TP": 366829,
        "TN": 875870,
        "FP": 1170,
        "FN": 3871
    },
    "files": {
        "checkpointFile": "../../saved_models/decen/init-test-randpos/vehicle_165_model.ckpt",
        "dataFile": "../../data/RandomPos_0709.csv"
    }
}