{
    "noWrapper": {
        "accuracy": 0.9969104140285636,
        "recall": 0.9929484758564877,
        "precision": 0.9966398340765771,
        "f1": 0.9947907306084778,
        "falseNegativeRate": 0.007051524143512274,
        "falsePositiveRate": 0.001414986773693332,
        "TP": 368086,
        "TN": 875799,
        "FP": 1241,
        "FN": 2614
    },
    "wrapper": {
        "accuracy": 0.9969104140285636,
        "precision": 0.9966398340765771,
        "recall": 0.9929484758564877,
        "f1": 0.9947907306084778,
        "falseNegativeRate": 0.007051524143512274,
        "falsePositiveRate": 0.001414986773693332,
        "TP": 368086,
        "TN": 875799,
        "FP": 1241,
        "FN": 2614
    },
    "files": {
        "checkpointFile": "../../saved_models/decen/init-test-randpos/vehicle_43_model.ckpt",
        "dataFile": "../../data/RandomPos_0709.csv"
    }
}