{
    "noWrapper": {
        "accuracy": 0.9970258226874189,
        "recall": 0.9935500404639871,
        "precision": 0.9964288516323124,
        "f1": 0.9949873637261272,
        "falseNegativeRate": 0.006449959536012948,
        "falsePositiveRate": 0.0015050624828970172,
        "TP": 368309,
        "TN": 875720,
        "FP": 1320,
        "FN": 2391
    },
    "wrapper": {
        "accuracy": 0.9970258226874189,
        "precision": 0.9964288516323124,
        "recall": 0.9935500404639871,
        "f1": 0.9949873637261272,
        "falseNegativeRate": 0.006449959536012948,
        "falsePositiveRate": 0.0015050624828970172,
        "TP": 368309,
        "TN": 875720,
        "FP": 1320,
        "FN": 2391
    },
    "files": {
        "checkpointFile": "../../saved_models/decen/init-test-randpos/vehicle_163_model.ckpt",
        "dataFile": "../../data/RandomPos_0709.csv"
    }
}