{
    "noWrapper": {
        "accuracy": 0.9959671085322263,
        "recall": 0.9886889668195307,
        "precision": 0.9977160497187937,
        "f1": 0.9931819967861082,
        "falseNegativeRate": 0.011311033180469382,
        "falsePositiveRate": 0.0009566268357201496,
        "TP": 366507,
        "TN": 876201,
        "FP": 839,
        "FN": 4193
    },
    "wrapper": {
        "accuracy": 0.9959671085322263,
        "precision": 0.9977160497187937,
        "recall": 0.9886889668195307,
        "f1": 0.9931819967861082,
        "falseNegativeRate": 0.011311033180469382,
        "falsePositiveRate": 0.0009566268357201496,
        "TP": 366507,
        "TN": 876201,
        "FP": 839,
        "FN": 4193
    },
    "files": {
        "checkpointFile": "../../saved_models/decen/init-test-randpos/vehicle_154_model.ckpt",
        "dataFile": "../../data/RandomPos_0709.csv"
    }
}