{
    "noWrapper": {
        "accuracy": 0.997127606712937,
        "recall": 0.9925006743997842,
        "precision": 0.9978195072737333,
        "f1": 0.9951529839442593,
        "falseNegativeRate": 0.007499325600215808,
        "falsePositiveRate": 0.000916719875946365,
        "TP": 367920,
        "TN": 876236,
        "FP": 804,
        "FN": 2780
    },
    "wrapper": {
        "accuracy": 0.997127606712937,
        "precision": 0.9978195072737333,
        "recall": 0.9925006743997842,
        "f1": 0.9951529839442593,
        "falseNegativeRate": 0.007499325600215808,
        "falsePositiveRate": 0.000916719875946365,
        "TP": 367920,
        "TN": 876236,
        "FP": 804,
        "FN": 2780
    },
    "files": {
        "checkpointFile": "../../saved_models/decen/init-test-randpos/vehicle_15_model.ckpt",
        "dataFile": "../../data/RandomPos_0709.csv"
    }
}