{
    "noWrapper": {
        "accuracy": 0.9946992161828586,
        "recall": 0.9844968977609927,
        "precision": 0.9976299819583402,
        "f1": 0.9910199315700863,
        "falseNegativeRate": 0.015503102239007284,
        "falsePositiveRate": 0.0009885524035391773,
        "TP": 364953,
        "TN": 876173,
        "FP": 867,
        "FN": 5747
    },
    "wrapper": {
        "accuracy": 0.9946992161828586,
        "precision": 0.9976299819583402,
        "recall": 0.9844968977609927,
        "f1": 0.9910199315700863,
        "falseNegativeRate": 0.015503102239007284,
        "falsePositiveRate": 0.0009885524035391773,
        "TP": 364953,
        "TN": 876173,
        "FP": 867,
        "FN": 5747
    },
    "files": {
        "checkpointFile": "../../saved_models/decen/init-test-randpos/vehicle_83_model.ckpt",
        "dataFile": "../../data/RandomPos_0709.csv"
    }
}