{
    "noWrapper": {
        "accuracy": 0.9962452113421065,
        "recall": 0.9890477475047208,
        "precision": 0.9982982315221979,
        "f1": 0.9936514604351155,
        "falseNegativeRate": 0.010952252495279202,
        "falsePositiveRate": 0.000712624281674724,
        "TP": 366640,
        "TN": 876415,
        "FP": 625,
        "FN": 4060
    },
    "wrapper": {
        "accuracy": 0.9962452113421065,
        "precision": 0.9982982315221979,
        "recall": 0.9890477475047208,
        "f1": 0.9936514604351155,
        "falseNegativeRate": 0.010952252495279202,
        "falsePositiveRate": 0.000712624281674724,
        "TP": 366640,
        "TN": 876415,
        "FP": 625,
        "FN": 4060
    },
    "files": {
        "checkpointFile": "../../saved_models/decen/init-test-randpos/vehicle_146_model.ckpt",
        "dataFile": "../../data/RandomPos_0709.csv"
    }
}