{
    "noWrapper": {
        "accuracy": 0.9953171333771459,
        "recall": 0.9854410574588616,
        "precision": 0.9987805844992057,
        "f1": 0.9920659814868374,
        "falseNegativeRate": 0.014558942541138388,
        "falsePositiveRate": 0.0005085286874030831,
        "TP": 365303,
        "TN": 876594,
        "FP": 446,
        "FN": 5397
    },
    "wrapper": {
        "accuracy": 0.9953171333771459,
        "precision": 0.9987805844992057,
        "recall": 0.9854410574588616,
        "f1": 0.9920659814868374,
        "falseNegativeRate": 0.014558942541138388,
        "falsePositiveRate": 0.0005085286874030831,
        "TP": 365303,
        "TN": 876594,
        "FP": 446,
        "FN": 5397
    },
    "files": {
        "checkpointFile": "../../saved_models/decen/init-test-randpos/vehicle_186_model.ckpt",
        "dataFile": "../../data/RandomPos_0709.csv"
    }
}