{
    "noWrapper": {
        "accuracy": 0.9942720438552903,
        "recall": 0.9813272187752899,
        "precision": 0.9993818732263196,
        "f1": 0.9902722596749979,
        "falseNegativeRate": 0.018672781224710007,
        "falsePositiveRate": 0.00025654474140290065,
        "TP": 363778,
        "TN": 876815,
        "FP": 225,
        "FN": 6922
    },
    "wrapper": {
        "accuracy": 0.9942720438552903,
        "precision": 0.9993818732263196,
        "recall": 0.9813272187752899,
        "f1": 0.9902722596749979,
        "falseNegativeRate": 0.018672781224710007,
        "falsePositiveRate": 0.00025654474140290065,
        "TP": 363778,
        "TN": 876815,
        "FP": 225,
        "FN": 6922
    },
    "files": {
        "checkpointFile": "../../saved_models/decen/init-test-randpos/vehicle_179_model.ckpt",
        "dataFile": "../../data/RandomPos_0709.csv"
    }
}