{
    "noWrapper": {
        "accuracy": 0.995931043326334,
        "recall": 0.989266253034799,
        "precision": 0.997014836101452,
        "f1": 0.9931254307607522,
        "falseNegativeRate": 0.010733746965200972,
        "falsePositiveRate": 0.0012519383380461553,
        "TP": 366721,
        "TN": 875942,
        "FP": 1098,
        "FN": 3979
    },
    "wrapper": {
        "accuracy": 0.995931043326334,
        "precision": 0.997014836101452,
        "recall": 0.989266253034799,
        "f1": 0.9931254307607522,
        "falseNegativeRate": 0.010733746965200972,
        "falsePositiveRate": 0.0012519383380461553,
        "TP": 366721,
        "TN": 875942,
        "FP": 1098,
        "FN": 3979
    },
    "files": {
        "checkpointFile": "../../saved_models/decen/init-test-randpos/vehicle_2_model.ckpt",
        "dataFile": "../../data/RandomPos_0709.csv"
    }
}