{
    "noWrapper": {
        "accuracy": 0.9974305544424319,
        "recall": 0.9939843539250067,
        "precision": 0.9973582066120624,
        "f1": 0.9956684221761652,
        "falseNegativeRate": 0.006015646074993256,
        "falsePositiveRate": 0.001112834078263249,
        "TP": 368470,
        "TN": 876064,
        "FP": 976,
        "FN": 2230
    },
    "wrapper": {
        "accuracy": 0.9974305544424319,
        "precision": 0.9973582066120624,
        "recall": 0.9939843539250067,
        "f1": 0.9956684221761652,
        "falseNegativeRate": 0.006015646074993256,
        "falsePositiveRate": 0.001112834078263249,
        "TP": 368470,
        "TN": 876064,
        "FP": 976,
        "FN": 2230
    },
    "files": {
        "checkpointFile": "../../saved_models/decen/init-test-randpos/vehicle_184_model.ckpt",
        "dataFile": "../../data/RandomPos_0709.csv"
    }
}