{
    "noWrapper": {
        "accuracy": 0.9969376632952378,
        "recall": 0.9924062584299973,
        "precision": 0.9972729071731216,
        "f1": 0.9948336310203882,
        "falseNegativeRate": 0.007593741570002698,
        "falsePositiveRate": 0.0011470400437836358,
        "TP": 367885,
        "TN": 876034,
        "FP": 1006,
        "FN": 2815
    },
    "wrapper": {
        "accuracy": 0.9969376632952378,
        "precision": 0.9972729071731216,
        "recall": 0.9924062584299973,
        "f1": 0.9948336310203882,
        "falseNegativeRate": 0.007593741570002698,
        "falsePositiveRate": 0.0011470400437836358,
        "TP": 367885,
        "TN": 876034,
        "FP": 1006,
        "FN": 2815
    },
    "files": {
        "checkpointFile": "../../saved_models/decen/init-test-randpos/vehicle_197_model.ckpt",
        "dataFile": "../../data/RandomPos_0709.csv"
    }
}