{
    "noWrapper": {
        "accuracy": 0.9969585009697534,
        "recall": 0.9928540598867008,
        "precision": 0.9968959661102338,
        "f1": 0.9948709077074241,
        "falseNegativeRate": 0.007145940113299163,
        "falsePositiveRate": 0.001306667882878774,
        "TP": 368051,
        "TN": 875894,
        "FP": 1146,
        "FN": 2649
    },
    "wrapper": {
        "accuracy": 0.9969585009697534,
        "precision": 0.9968959661102338,
        "recall": 0.9928540598867008,
        "f1": 0.9948709077074241,
        "falseNegativeRate": 0.007145940113299163,
        "falsePositiveRate": 0.001306667882878774,
        "TP": 368051,
        "TN": 875894,
        "FP": 1146,
        "FN": 2649
    },
    "files": {
        "checkpointFile": "../../saved_models/decen/init-test-randpos/vehicle_55_model.ckpt",
        "dataFile": "../../data/RandomPos_0709.csv"
    }
}