{
    "noWrapper": {
        "accuracy": 0.9966074662990687,
        "recall": 0.990698678176423,
        "precision": 0.9978670622790643,
        "f1": 0.994269949928053,
        "falseNegativeRate": 0.009301321823577017,
        "falsePositiveRate": 0.0008950560977834534,
        "TP": 367252,
        "TN": 876255,
        "FP": 785,
        "FN": 3448
    },
    "wrapper": {
        "accuracy": 0.9966074662990687,
        "precision": 0.9978670622790643,
        "recall": 0.990698678176423,
        "f1": 0.994269949928053,
        "falseNegativeRate": 0.009301321823577017,
        "falsePositiveRate": 0.0008950560977834534,
        "TP": 367252,
        "TN": 876255,
        "FP": 785,
        "FN": 3448
    },
    "files": {
        "checkpointFile": "../../saved_models/decen/init-test-randpos/vehicle_170_model.ckpt",
        "dataFile": "../../data/RandomPos_0709.csv"
    }
}