{
    "noWrapper": {
        "accuracy": 0.9959558882459487,
        "recall": 0.9892959266253035,
        "precision": 0.997069138957614,
        "f1": 0.9931673233944023,
        "falseNegativeRate": 0.01070407337469652,
        "falsePositiveRate": 0.001229134361032564,
        "TP": 366732,
        "TN": 875962,
        "FP": 1078,
        "FN": 3968
    },
    "wrapper": {
        "accuracy": 0.9959558882459487,
        "precision": 0.997069138957614,
        "recall": 0.9892959266253035,
        "f1": 0.9931673233944023,
        "falseNegativeRate": 0.01070407337469652,
        "falsePositiveRate": 0.001229134361032564,
        "TP": 366732,
        "TN": 875962,
        "FP": 1078,
        "FN": 3968
    },
    "files": {
        "checkpointFile": "../../saved_models/decen/init-test-randpos/vehicle_122_model.ckpt",
        "dataFile": "../../data/RandomPos_0709.csv"
    }
}