{
    "noWrapper": {
        "accuracy": 0.9936693541923798,
        "recall": 0.985028324790936,
        "precision": 0.9936081458725058,
        "f1": 0.9892996332967127,
        "falseNegativeRate": 0.014971675209063933,
        "falsePositiveRate": 0.002678327100246283,
        "TP": 365150,
        "TN": 874691,
        "FP": 2349,
        "FN": 5550
    },
    "wrapper": {
        "accuracy": 0.9936693541923798,
        "precision": 0.9936081458725058,
        "recall": 0.985028324790936,
        "f1": 0.9892996332967127,
        "falseNegativeRate": 0.014971675209063933,
        "falsePositiveRate": 0.002678327100246283,
        "TP": 365150,
        "TN": 874691,
        "FP": 2349,
        "FN": 5550
    },
    "files": {
        "checkpointFile": "../../saved_models/decen/init-test-randpos/vehicle_23_model.ckpt",
        "dataFile": "../../data/RandomPos_0709.csv"
    }
}