{
    "noWrapper": {
        "accuracy": 0.9953604116242166,
        "recall": 0.9873347720528729,
        "precision": 0.9970198774717447,
        "f1": 0.9921536895550144,
        "falseNegativeRate": 0.012665227947127057,
        "falsePositiveRate": 0.001247377542643437,
        "TP": 366005,
        "TN": 875946,
        "FP": 1094,
        "FN": 4695
    },
    "wrapper": {
        "accuracy": 0.9953604116242166,
        "precision": 0.9970198774717447,
        "recall": 0.9873347720528729,
        "f1": 0.9921536895550144,
        "falseNegativeRate": 0.012665227947127057,
        "falsePositiveRate": 0.001247377542643437,
        "TP": 366005,
        "TN": 875946,
        "FP": 1094,
        "FN": 4695
    },
    "files": {
        "checkpointFile": "../../saved_models/decen/init-test-randpos/vehicle_51_model.ckpt",
        "dataFile": "../../data/RandomPos_0709.csv"
    }
}