{
    "noWrapper": {
        "accuracy": 0.9948907624985974,
        "recall": 0.983771243593202,
        "precision": 0.999016554214161,
        "f1": 0.9913352896323853,
        "falseNegativeRate": 0.01622875640679795,
        "falsePositiveRate": 0.0004093313873939615,
        "TP": 364684,
        "TN": 876681,
        "FP": 359,
        "FN": 6016
    },
    "wrapper": {
        "accuracy": 0.9948907624985974,
        "precision": 0.999016554214161,
        "recall": 0.983771243593202,
        "f1": 0.9913352896323853,
        "falseNegativeRate": 0.01622875640679795,
        "falsePositiveRate": 0.0004093313873939615,
        "TP": 364684,
        "TN": 876681,
        "FP": 359,
        "FN": 6016
    },
    "files": {
        "checkpointFile": "../../saved_models/decen/init-test-randpos/vehicle_16_model.ckpt",
        "dataFile": "../../data/RandomPos_0709.csv"
    }
}