{
    "noWrapper": {
        "accuracy": 0.9971035632423422,
        "recall": 0.9933423253304559,
        "precision": 0.9968974871270081,
        "f1": 0.9951167309391713,
        "falseNegativeRate": 0.006657674669544106,
        "falsePositiveRate": 0.001306667882878774,
        "TP": 368232,
        "TN": 875894,
        "FP": 1146,
        "FN": 2468
    },
    "wrapper": {
        "accuracy": 0.9971035632423422,
        "precision": 0.9968974871270081,
        "recall": 0.9933423253304559,
        "f1": 0.9951167309391713,
        "falseNegativeRate": 0.006657674669544106,
        "falsePositiveRate": 0.001306667882878774,
        "TP": 368232,
        "TN": 875894,
        "FP": 1146,
        "FN": 2468
    },
    "files": {
        "checkpointFile": "../../saved_models/decen/init-test-randpos/vehicle_105_model.ckpt",
        "dataFile": "../../data/RandomPos_0709.csv"
    }
}