{
    "noWrapper": {
        "accuracy": 0.996103354865597,
        "recall": 0.9902643647154032,
        "precision": 0.9965982885563495,
        "f1": 0.993421230670975,
        "falseNegativeRate": 0.009735635284596708,
        "falsePositiveRate": 0.0014286691599014868,
        "TP": 367091,
        "TN": 875787,
        "FP": 1253,
        "FN": 3609
    },
    "wrapper": {
        "accuracy": 0.996103354865597,
        "precision": 0.9965982885563495,
        "recall": 0.9902643647154032,
        "f1": 0.993421230670975,
        "falseNegativeRate": 0.009735635284596708,
        "falsePositiveRate": 0.0014286691599014868,
        "TP": 367091,
        "TN": 875787,
        "FP": 1253,
        "FN": 3609
    },
    "files": {
        "checkpointFile": "../../saved_models/decen/init-test-randpos/vehicle_14_model.ckpt",
        "dataFile": "../../data/RandomPos_0709.csv"
    }
}