{
    "noWrapper": {
        "accuracy": 0.9971692820619681,
        "recall": 0.9926760183436741,
        "precision": 0.9977847191718049,
        "f1": 0.9952238127821155,
        "falseNegativeRate": 0.00732398165632587,
        "falsePositiveRate": 0.0009315424610051993,
        "TP": 367985,
        "TN": 876223,
        "FP": 817,
        "FN": 2715
    },
    "wrapper": {
        "accuracy": 0.9971692820619681,
        "precision": 0.9977847191718049,
        "recall": 0.9926760183436741,
        "f1": 0.9952238127821155,
        "falseNegativeRate": 0.00732398165632587,
        "falsePositiveRate": 0.0009315424610051993,
        "TP": 367985,
        "TN": 876223,
        "FP": 817,
        "FN": 2715
    },
    "files": {
        "checkpointFile": "../../saved_models/decen/init-test-randpos/vehicle_9_model.ckpt",
        "dataFile": "../../data/RandomPos_0709.csv"
    }
}