{
    "noWrapper": {
        "accuracy": 0.9955070767948451,
        "recall": 0.9881953061775021,
        "precision": 0.996653552947322,
        "f1": 0.9924064075507888,
        "falseNegativeRate": 0.011804693822497977,
        "falsePositiveRate": 0.001402444586335857,
        "TP": 366324,
        "TN": 875810,
        "FP": 1230,
        "FN": 4376
    },
    "wrapper": {
        "accuracy": 0.9955070767948451,
        "precision": 0.996653552947322,
        "recall": 0.9881953061775021,
        "f1": 0.9924064075507888,
        "falseNegativeRate": 0.011804693822497977,
        "falsePositiveRate": 0.001402444586335857,
        "TP": 366324,
        "TN": 875810,
        "FP": 1230,
        "FN": 4376
    },
    "files": {
        "checkpointFile": "../../saved_models/decen/init-test-randpos/vehicle_115_model.ckpt",
        "dataFile": "../../data/RandomPos_0709.csv"
    }
}