{
    "noWrapper": {
        "accuracy": 0.9965120938657092,
        "recall": 0.9905637982195846,
        "precision": 0.9976797009150782,
        "f1": 0.9941090156966577,
        "falseNegativeRate": 0.00943620178041543,
        "falsePositiveRate": 0.000973729818480343,
        "TP": 367202,
        "TN": 876186,
        "FP": 854,
        "FN": 3498
    },
    "wrapper": {
        "accuracy": 0.9965120938657092,
        "precision": 0.9976797009150782,
        "recall": 0.9905637982195846,
        "f1": 0.9941090156966577,
        "falseNegativeRate": 0.00943620178041543,
        "falsePositiveRate": 0.000973729818480343,
        "TP": 367202,
        "TN": 876186,
        "FP": 854,
        "FN": 3498
    },
    "files": {
        "checkpointFile": "../../saved_models/decen/init-test-randpos/vehicle_89_model.ckpt",
        "dataFile": "../../data/RandomPos_0709.csv"
    }
}