{
    "noWrapper": {
        "accuracy": 0.9970674980364499,
        "recall": 0.9928972214728892,
        "precision": 0.997220212791898,
        "f1": 0.9950540218682794,
        "falseNegativeRate": 0.007102778527110871,
        "falsePositiveRate": 0.001169844020797227,
        "TP": 368067,
        "TN": 876014,
        "FP": 1026,
        "FN": 2633
    },
    "wrapper": {
        "accuracy": 0.9970674980364499,
        "precision": 0.997220212791898,
        "recall": 0.9928972214728892,
        "f1": 0.9950540218682794,
        "falseNegativeRate": 0.007102778527110871,
        "falsePositiveRate": 0.001169844020797227,
        "TP": 368067,
        "TN": 876014,
        "FP": 1026,
        "FN": 2633
    },
    "files": {
        "checkpointFile": "../../saved_models/decen/init-test-randpos/vehicle_171_model.ckpt",
        "dataFile": "../../data/RandomPos_0709.csv"
    }
}