{
    "noWrapper": {
        "accuracy": 0.9958372737910142,
        "recall": 0.9877555975182087,
        "precision": 0.998214363604641,
        "f1": 0.9929574409233156,
        "falseNegativeRate": 0.012244402481791206,
        "falsePositiveRate": 0.0007468302471951108,
        "TP": 366161,
        "TN": 876385,
        "FP": 655,
        "FN": 4539
    },
    "wrapper": {
        "accuracy": 0.9958372737910142,
        "precision": 0.998214363604641,
        "recall": 0.9877555975182087,
        "f1": 0.9929574409233156,
        "falseNegativeRate": 0.012244402481791206,
        "falsePositiveRate": 0.0007468302471951108,
        "TP": 366161,
        "TN": 876385,
        "FP": 655,
        "FN": 4539
    },
    "files": {
        "checkpointFile": "../../saved_models/decen/init-test-randpos/vehicle_18_model.ckpt",
        "dataFile": "../../data/RandomPos_0709.csv"
    }
}