{
    "noWrapper": {
        "accuracy": 0.9970170067482007,
        "recall": 0.9925735095764769,
        "precision": 0.9973733858114042,
        "f1": 0.9949676588932636,
        "falseNegativeRate": 0.007426490423523065,
        "falsePositiveRate": 0.0011048526863084922,
        "TP": 367947,
        "TN": 876071,
        "FP": 969,
        "FN": 2753
    },
    "wrapper": {
        "accuracy": 0.9970170067482007,
        "precision": 0.9973733858114042,
        "recall": 0.9925735095764769,
        "f1": 0.9949676588932636,
        "falseNegativeRate": 0.007426490423523065,
        "falsePositiveRate": 0.0011048526863084922,
        "TP": 367947,
        "TN": 876071,
        "FP": 969,
        "FN": 2753
    },
    "files": {
        "checkpointFile": "../../saved_models/decen/init-test-randpos/vehicle_130_model.ckpt",
        "dataFile": "../../data/RandomPos_0709.csv"
    }
}