{
    "noWrapper": {
        "accuracy": 0.9966395242598618,
        "recall": 0.9918937145940113,
        "precision": 0.9967794666601605,
        "f1": 0.9943305889940682,
        "falseNegativeRate": 0.00810628540598867,
        "falsePositiveRate": 0.0013545562346073156,
        "TP": 367695,
        "TN": 875852,
        "FP": 1188,
        "FN": 3005
    },
    "wrapper": {
        "accuracy": 0.9966395242598618,
        "precision": 0.9967794666601605,
        "recall": 0.9918937145940113,
        "f1": 0.9943305889940682,
        "falseNegativeRate": 0.00810628540598867,
        "falsePositiveRate": 0.0013545562346073156,
        "TP": 367695,
        "TN": 875852,
        "FP": 1188,
        "FN": 3005
    },
    "files": {
        "checkpointFile": "../../saved_models/decen/init-test-randpos/vehicle_167_model.ckpt",
        "dataFile": "../../data/RandomPos_0709.csv"
    }
}