{
    "noWrapper": {
        "accuracy": 0.995004568259413,
        "recall": 0.9836768276234151,
        "precision": 0.999501138883483,
        "f1": 0.9915258500321537,
        "falseNegativeRate": 0.01632317237658484,
        "falsePositiveRate": 0.00020751619082367965,
        "TP": 364649,
        "TN": 876858,
        "FP": 182,
        "FN": 6051
    },
    "wrapper": {
        "accuracy": 0.995004568259413,
        "precision": 0.999501138883483,
        "recall": 0.9836768276234151,
        "f1": 0.9915258500321537,
        "falseNegativeRate": 0.01632317237658484,
        "falsePositiveRate": 0.00020751619082367965,
        "TP": 364649,
        "TN": 876858,
        "FP": 182,
        "FN": 6051
    },
    "files": {
        "checkpointFile": "../../saved_models/decen/init-test-randpos/vehicle_144_model.ckpt",
        "dataFile": "../../data/RandomPos_0709.csv"
    }
}