{
    "noWrapper": {
        "accuracy": 0.9970202125442801,
        "recall": 0.9918559482060966,
        "precision": 0.9981025028503177,
        "f1": 0.994969421442875,
        "falseNegativeRate": 0.008144051793903427,
        "falsePositiveRate": 0.0007969989966250114,
        "TP": 367681,
        "TN": 876341,
        "FP": 699,
        "FN": 3019
    },
    "wrapper": {
        "accuracy": 0.9970202125442801,
        "precision": 0.9981025028503177,
        "recall": 0.9918559482060966,
        "f1": 0.994969421442875,
        "falseNegativeRate": 0.008144051793903427,
        "falsePositiveRate": 0.0007969989966250114,
        "TP": 367681,
        "TN": 876341,
        "FP": 699,
        "FN": 3019
    },
    "files": {
        "checkpointFile": "../../saved_models/decen/init-test-randpos/vehicle_77_model.ckpt",
        "dataFile": "../../data/RandomPos_0709.csv"
    }
}