{
    "noWrapper": {
        "accuracy": 0.9969496850305352,
        "recall": 0.9941408146749393,
        "precision": 0.9955857165241164,
        "f1": 0.9948627409693033,
        "falseNegativeRate": 0.005859185325060696,
        "falsePositiveRate": 0.0018630849220103987,
        "TP": 368528,
        "TN": 875406,
        "FP": 1634,
        "FN": 2172
    },
    "wrapper": {
        "accuracy": 0.9969496850305352,
        "precision": 0.9955857165241164,
        "recall": 0.9941408146749393,
        "f1": 0.9948627409693033,
        "falseNegativeRate": 0.005859185325060696,
        "falsePositiveRate": 0.0018630849220103987,
        "TP": 368528,
        "TN": 875406,
        "FP": 1634,
        "FN": 2172
    },
    "files": {
        "checkpointFile": "../../saved_models/decen/init-test-randpos/vehicle_140_model.ckpt",
        "dataFile": "../../data/RandomPos_0709.csv"
    }
}