{
    "noWrapper": {
        "accuracy": 0.9969921618285861,
        "recall": 0.9936066900458592,
        "precision": 0.9962592605615708,
        "f1": 0.9949312073126755,
        "falseNegativeRate": 0.006393309954140815,
        "falsePositiveRate": 0.0015768950104898295,
        "TP": 368330,
        "TN": 875657,
        "FP": 1383,
        "FN": 2370
    },
    "wrapper": {
        "accuracy": 0.9969921618285861,
        "precision": 0.9962592605615708,
        "recall": 0.9936066900458592,
        "f1": 0.9949312073126755,
        "falseNegativeRate": 0.006393309954140815,
        "falsePositiveRate": 0.0015768950104898295,
        "TP": 368330,
        "TN": 875657,
        "FP": 1383,
        "FN": 2370
    },
    "files": {
        "checkpointFile": "../../saved_models/decen/init-test-randpos/vehicle_13_model.ckpt",
        "dataFile": "../../data/RandomPos_0709.csv"
    }
}