{
    "noWrapper": {
        "accuracy": 0.9967100517736067,
        "recall": 0.9916617210682492,
        "precision": 0.997249222104969,
        "f1": 0.9944476230280945,
        "falseNegativeRate": 0.008338278931750742,
        "falsePositiveRate": 0.0011561616345890724,
        "TP": 367609,
        "TN": 876026,
        "FP": 1014,
        "FN": 3091
    },
    "wrapper": {
        "accuracy": 0.9967100517736067,
        "precision": 0.997249222104969,
        "recall": 0.9916617210682492,
        "f1": 0.9944476230280945,
        "falseNegativeRate": 0.008338278931750742,
        "falsePositiveRate": 0.0011561616345890724,
        "TP": 367609,
        "TN": 876026,
        "FP": 1014,
        "FN": 3091
    },
    "files": {
        "checkpointFile": "../../saved_models/decen/init-test-randpos/vehicle_199_model.ckpt",
        "dataFile": "../../data/RandomPos_0709.csv"
    }
}