{
    "noWrapper": {
        "accuracy": 0.9964135156362703,
        "recall": 0.9911572700296736,
        "precision": 0.9967527447038812,
        "f1": 0.9939471324286269,
        "falseNegativeRate": 0.00884272997032641,
        "falsePositiveRate": 0.0013648180242634316,
        "TP": 367422,
        "TN": 875843,
        "FP": 1197,
        "FN": 3278
    },
    "wrapper": {
        "accuracy": 0.9964135156362703,
        "precision": 0.9967527447038812,
        "recall": 0.9911572700296736,
        "f1": 0.9939471324286269,
        "falseNegativeRate": 0.00884272997032641,
        "falsePositiveRate": 0.0013648180242634316,
        "TP": 367422,
        "TN": 875843,
        "FP": 1197,
        "FN": 3278
    },
    "files": {
        "checkpointFile": "../../saved_models/decen/init-test-randpos/vehicle_135_model.ckpt",
        "dataFile": "../../data/RandomPos_0709.csv"
    }
}