{
    "noWrapper": {
        "accuracy": 0.9959053969576995,
        "recall": 0.9895036417588347,
        "precision": 0.9966904602107998,
        "f1": 0.9930840486404314,
        "falseNegativeRate": 0.010496358241165363,
        "falsePositiveRate": 0.0013887622001277024,
        "TP": 366809,
        "TN": 875822,
        "FP": 1218,
        "FN": 3891
    },
    "wrapper": {
        "accuracy": 0.9959053969576995,
        "precision": 0.9966904602107998,
        "recall": 0.9895036417588347,
        "f1": 0.9930840486404314,
        "falseNegativeRate": 0.010496358241165363,
        "falsePositiveRate": 0.0013887622001277024,
        "TP": 366809,
        "TN": 875822,
        "FP": 1218,
        "FN": 3891
    },
    "files": {
        "checkpointFile": "../../saved_models/decen/init-test-randpos/vehicle_88_model.ckpt",
        "dataFile": "../../data/RandomPos_0709.csv"
    }
}