{
    "noWrapper": {
        "accuracy": 0.9957667462772694,
        "recall": 0.9897167520906394,
        "precision": 0.9960093170231133,
        "f1": 0.9928530643061845,
        "falseNegativeRate": 0.010283247909360669,
        "falsePositiveRate": 0.001676092310498951,
        "TP": 366888,
        "TN": 875570,
        "FP": 1470,
        "FN": 3812
    },
    "wrapper": {
        "accuracy": 0.9957667462772694,
        "precision": 0.9960093170231133,
        "recall": 0.9897167520906394,
        "f1": 0.9928530643061845,
        "falseNegativeRate": 0.010283247909360669,
        "falsePositiveRate": 0.001676092310498951,
        "TP": 366888,
        "TN": 875570,
        "FP": 1470,
        "FN": 3812
    },
    "files": {
        "checkpointFile": "../../saved_models/decen/init-test-randpos/vehicle_45_model.ckpt",
        "dataFile": "../../data/RandomPos_0709.csv"
    }
}