{
    "noWrapper": {
        "accuracy": 0.994017984516005,
        "recall": 0.9809495548961424,
        "precision": 0.9988957257444236,
        "f1": 0.9898413044070011,
        "falseNegativeRate": 0.019050445103857568,
        "falsePositiveRate": 0.0004583599379731825,
        "TP": 363638,
        "TN": 876638,
        "FP": 402,
        "FN": 7062
    },
    "wrapper": {
        "accuracy": 0.994017984516005,
        "precision": 0.9988957257444236,
        "recall": 0.9809495548961424,
        "f1": 0.9898413044070011,
        "falseNegativeRate": 0.019050445103857568,
        "falsePositiveRate": 0.0004583599379731825,
        "TP": 363638,
        "TN": 876638,
        "FP": 402,
        "FN": 7062
    },
    "files": {
        "checkpointFile": "../../saved_models/decen/init-test-randpos/vehicle_138_model.ckpt",
        "dataFile": "../../data/RandomPos_0709.csv"
    }
}