{
    "noWrapper": {
        "accuracy": 0.9969504864795551,
        "recall": 0.9911572700296736,
        "precision": 0.9985677362895401,
        "f1": 0.9948487035114107,
        "falseNegativeRate": 0.00884272997032641,
        "falsePositiveRate": 0.0006008847943081273,
        "TP": 367422,
        "TN": 876513,
        "FP": 527,
        "FN": 3278
    },
    "wrapper": {
        "accuracy": 0.9969504864795551,
        "precision": 0.9985677362895401,
        "recall": 0.9911572700296736,
        "f1": 0.9948487035114107,
        "falseNegativeRate": 0.00884272997032641,
        "falsePositiveRate": 0.0006008847943081273,
        "TP": 367422,
        "TN": 876513,
        "FP": 527,
        "FN": 3278
    },
    "files": {
        "checkpointFile": "../../saved_models/decen/init-test-randpos/vehicle_73_model.ckpt",
        "dataFile": "../../data/RandomPos_0709.csv"
    }
}