{
    "noWrapper": {
        "accuracy": 0.9933487745844487,
        "recall": 0.9782789317507419,
        "precision": 0.9993193623499911,
        "f1": 0.9886872184243349,
        "falseNegativeRate": 0.02172106824925816,
        "falsePositiveRate": 0.00028162911611785094,
        "TP": 362648,
        "TN": 876793,
        "FP": 247,
        "FN": 8052
    },
    "wrapper": {
        "accuracy": 0.9933487745844487,
        "precision": 0.9993193623499911,
        "recall": 0.9782789317507419,
        "f1": 0.9886872184243349,
        "falseNegativeRate": 0.02172106824925816,
        "falsePositiveRate": 0.00028162911611785094,
        "TP": 362648,
        "TN": 876793,
        "FP": 247,
        "FN": 8052
    },
    "files": {
        "checkpointFile": "../../saved_models/decen/init-test-randpos/vehicle_67_model.ckpt",
        "dataFile": "../../data/RandomPos_0709.csv"
    }
}