{
    "noWrapper": {
        "accuracy": 0.9957563274400115,
        "recall": 0.9885486916644187,
        "precision": 0.9971428960150202,
        "f1": 0.992827195697672,
        "falseNegativeRate": 0.011451308335581332,
        "falsePositiveRate": 0.0011972087932135365,
        "TP": 366455,
        "TN": 875990,
        "FP": 1050,
        "FN": 4245
    },
    "wrapper": {
        "accuracy": 0.9957563274400115,
        "precision": 0.9971428960150202,
        "recall": 0.9885486916644187,
        "f1": 0.992827195697672,
        "falseNegativeRate": 0.011451308335581332,
        "falsePositiveRate": 0.0011972087932135365,
        "TP": 366455,
        "TN": 875990,
        "FP": 1050,
        "FN": 4245
    },
    "files": {
        "checkpointFile": "../../saved_models/decen/init-test-randpos/vehicle_134_model.ckpt",
        "dataFile": "../../data/RandomPos_0709.csv"
    }
}