{
    "noWrapper": {
        "accuracy": 0.9959334476733935,
        "recall": 0.990558403021311,
        "precision": 0.9957318032182312,
        "f1": 0.9931383659195591,
        "falseNegativeRate": 0.009441596978688967,
        "falsePositiveRate": 0.0017946729909696251,
        "TP": 367200,
        "TN": 875466,
        "FP": 1574,
        "FN": 3500
    },
    "wrapper": {
        "accuracy": 0.9959334476733935,
        "precision": 0.9957318032182312,
        "recall": 0.990558403021311,
        "f1": 0.9931383659195591,
        "falseNegativeRate": 0.009441596978688967,
        "falsePositiveRate": 0.0017946729909696251,
        "TP": 367200,
        "TN": 875466,
        "FP": 1574,
        "FN": 3500
    },
    "files": {
        "checkpointFile": "../../saved_models/decen/init-test-randpos/vehicle_54_model.ckpt",
        "dataFile": "../../data/RandomPos_0709.csv"
    }
}