{
    "noWrapper": {
        "accuracy": 0.9941502236042765,
        "recall": 0.9808875101159967,
        "precision": 0.9994118115928087,
        "f1": 0.9900630199760663,
        "falseNegativeRate": 0.01911248988400324,
        "falsePositiveRate": 0.00024400255404542553,
        "TP": 363615,
        "TN": 876826,
        "FP": 214,
        "FN": 7085
    },
    "wrapper": {
        "accuracy": 0.9941502236042765,
        "precision": 0.9994118115928087,
        "recall": 0.9808875101159967,
        "f1": 0.9900630199760663,
        "falseNegativeRate": 0.01911248988400324,
        "falsePositiveRate": 0.00024400255404542553,
        "TP": 363615,
        "TN": 876826,
        "FP": 214,
        "FN": 7085
    },
    "files": {
        "checkpointFile": "../../saved_models/decen/init-test-randpos/vehicle_102_model.ckpt",
        "dataFile": "../../data/RandomPos_0709.csv"
    }
}