{
    "noWrapper": {
        "accuracy": 0.9943505858592335,
        "recall": 0.98159428108983,
        "precision": 0.9993792965177436,
        "f1": 0.9904069526117885,
        "falseNegativeRate": 0.018405718910169948,
        "falsePositiveRate": 0.00025768494025358023,
        "TP": 363877,
        "TN": 876814,
        "FP": 226,
        "FN": 6823
    },
    "wrapper": {
        "accuracy": 0.9943505858592335,
        "precision": 0.9993792965177436,
        "recall": 0.98159428108983,
        "f1": 0.9904069526117885,
        "falseNegativeRate": 0.018405718910169948,
        "falsePositiveRate": 0.00025768494025358023,
        "TP": 363877,
        "TN": 876814,
        "FP": 226,
        "FN": 6823
    },
    "files": {
        "checkpointFile": "../../saved_models/decen/init-test-randpos/vehicle_5_model.ckpt",
        "dataFile": "../../data/RandomPos_0709.csv"
    }
}