{
    "noWrapper": {
        "accuracy": 0.9931411992883132,
        "recall": 0.9777717831130294,
        "precision": 0.9991234308585416,
        "f1": 0.988332301718661,
        "falseNegativeRate": 0.022228216886970596,
        "falsePositiveRate": 0.0003625832345160996,
        "TP": 362460,
        "TN": 876722,
        "FP": 318,
        "FN": 8240
    },
    "wrapper": {
        "accuracy": 0.9931411992883132,
        "precision": 0.9991234308585416,
        "recall": 0.9777717831130294,
        "f1": 0.988332301718661,
        "falseNegativeRate": 0.022228216886970596,
        "falsePositiveRate": 0.0003625832345160996,
        "TP": 362460,
        "TN": 876722,
        "FP": 318,
        "FN": 8240
    },
    "files": {
        "checkpointFile": "../../saved_models/decen/init-test-randpos/vehicle_100_model.ckpt",
        "dataFile": "../../data/RandomPos_0709.csv"
    }
}