{
    "noWrapper": {
        "accuracy": 0.9955351275105391,
        "recall": 0.9878661990828163,
        "precision": 0.9970784834252263,
        "f1": 0.9924509637860361,
        "falseNegativeRate": 0.012133800917183706,
        "falsePositiveRate": 0.0012234333667791662,
        "TP": 366202,
        "TN": 875967,
        "FP": 1073,
        "FN": 4498
    },
    "wrapper": {
        "accuracy": 0.9955351275105391,
        "precision": 0.9970784834252263,
        "recall": 0.9878661990828163,
        "f1": 0.9924509637860361,
        "falseNegativeRate": 0.012133800917183706,
        "falsePositiveRate": 0.0012234333667791662,
        "TP": 366202,
        "TN": 875967,
        "FP": 1073,
        "FN": 4498
    },
    "files": {
        "checkpointFile": "../../saved_models/decen/init-test-randpos/vehicle_172_model.ckpt",
        "dataFile": "../../data/RandomPos_0709.csv"
    }
}