{
    "noWrapper": {
        "accuracy": 0.9972382066776733,
        "recall": 0.9925708119773402,
        "precision": 0.9981228196767561,
        "f1": 0.9953390736036832,
        "falseNegativeRate": 0.007429188022659833,
        "falsePositiveRate": 0.0007890176046702544,
        "TP": 367946,
        "TN": 876348,
        "FP": 692,
        "FN": 2754
    },
    "wrapper": {
        "accuracy": 0.9972382066776733,
        "precision": 0.9981228196767561,
        "recall": 0.9925708119773402,
        "f1": 0.9953390736036832,
        "falseNegativeRate": 0.007429188022659833,
        "falsePositiveRate": 0.0007890176046702544,
        "TP": 367946,
        "TN": 876348,
        "FP": 692,
        "FN": 2754
    },
    "files": {
        "checkpointFile": "../../saved_models/decen/init-test-randpos/vehicle_126_model.ckpt",
        "dataFile": "../../data/RandomPos_0709.csv"
    }
}