{
    "noWrapper": {
        "accuracy": 0.9971260038148974,
        "recall": 0.9925708119773402,
        "precision": 0.997743900124194,
        "f1": 0.9951506332845601,
        "falseNegativeRate": 0.007429188022659833,
        "falsePositiveRate": 0.0009486454437653927,
        "TP": 367946,
        "TN": 876208,
        "FP": 832,
        "FN": 2754
    },
    "wrapper": {
        "accuracy": 0.9971260038148974,
        "precision": 0.997743900124194,
        "recall": 0.9925708119773402,
        "f1": 0.9951506332845601,
        "falseNegativeRate": 0.007429188022659833,
        "falsePositiveRate": 0.0009486454437653927,
        "TP": 367946,
        "TN": 876208,
        "FP": 832,
        "FN": 2754
    },
    "files": {
        "checkpointFile": "../../saved_models/decen/init-test-randpos/vehicle_161_model.ckpt",
        "dataFile": "../../data/RandomPos_0709.csv"
    }
}