{
    "noWrapper": {
        "accuracy": 0.9928655008254925,
        "recall": 0.976530887510116,
        "precision": 0.9994423001529533,
        "f1": 0.9878537648962616,
        "falseNegativeRate": 0.023469112489884,
        "falsePositiveRate": 0.00023032016783727083,
        "TP": 362000,
        "TN": 876838,
        "FP": 202,
        "FN": 8700
    },
    "wrapper": {
        "accuracy": 0.9928655008254925,
        "precision": 0.9994423001529533,
        "recall": 0.976530887510116,
        "f1": 0.9878537648962616,
        "falseNegativeRate": 0.023469112489884,
        "falsePositiveRate": 0.00023032016783727083,
        "TP": 362000,
        "TN": 876838,
        "FP": 202,
        "FN": 8700
    },
    "files": {
        "checkpointFile": "../../saved_models/decen/init-test-randpos/vehicle_192_model.ckpt",
        "dataFile": "../../data/RandomPos_0709.csv"
    }
}