{
    "noWrapper": {
        "accuracy": 0.9965714010931764,
        "recall": 0.9908308605341246,
        "precision": 0.9976125808028682,
        "f1": 0.9942101559116501,
        "falseNegativeRate": 0.009169139465875371,
        "falsePositiveRate": 0.0010022347897473318,
        "TP": 367301,
        "TN": 876161,
        "FP": 879,
        "FN": 3399
    },
    "wrapper": {
        "accuracy": 0.9965714010931764,
        "precision": 0.9976125808028682,
        "recall": 0.9908308605341246,
        "f1": 0.9942101559116501,
        "falseNegativeRate": 0.009169139465875371,
        "falsePositiveRate": 0.0010022347897473318,
        "TP": 367301,
        "TN": 876161,
        "FP": 879,
        "FN": 3399
    },
    "files": {
        "checkpointFile": "../../saved_models/decen/init-test-randpos/vehicle_38_model.ckpt",
        "dataFile": "../../data/RandomPos_0709.csv"
    }
}