{
    "noWrapper": {
        "accuracy": 0.9957923926459038,
        "recall": 0.9887995683841381,
        "precision": 0.9970134313986825,
        "f1": 0.9928895125049773,
        "falseNegativeRate": 0.011200431615861883,
        "falsePositiveRate": 0.0012519383380461553,
        "TP": 366548,
        "TN": 875942,
        "FP": 1098,
        "FN": 4152
    },
    "wrapper": {
        "accuracy": 0.9957923926459038,
        "precision": 0.9970134313986825,
        "recall": 0.9887995683841381,
        "f1": 0.9928895125049773,
        "falseNegativeRate": 0.011200431615861883,
        "falsePositiveRate": 0.0012519383380461553,
        "TP": 366548,
        "TN": 875942,
        "FP": 1098,
        "FN": 4152
    },
    "files": {
        "checkpointFile": "../../saved_models/decen/init-test-randpos/vehicle_133_model.ckpt",
        "dataFile": "../../data/RandomPos_0709.csv"
    }
}