{
    "noWrapper": {
        "accuracy": 0.9966371199128023,
        "recall": 0.9913191259778796,
        "precision": 0.997345709167888,
        "f1": 0.9943232858920937,
        "falseNegativeRate": 0.008680874022120312,
        "falsePositiveRate": 0.0011151144759646082,
        "TP": 367482,
        "TN": 876062,
        "FP": 978,
        "FN": 3218
    },
    "wrapper": {
        "accuracy": 0.9966371199128023,
        "precision": 0.997345709167888,
        "recall": 0.9913191259778796,
        "f1": 0.9943232858920937,
        "falseNegativeRate": 0.008680874022120312,
        "falsePositiveRate": 0.0011151144759646082,
        "TP": 367482,
        "TN": 876062,
        "FP": 978,
        "FN": 3218
    },
    "files": {
        "checkpointFile": "../../saved_models/decen/init-test-randpos/vehicle_177_model.ckpt",
        "dataFile": "../../data/RandomPos_0709.csv"
    }
}