{
    "noWrapper": {
        "accuracy": 0.994115761296424,
        "recall": 0.9839061235500405,
        "precision": 0.996241566742236,
        "f1": 0.990035422972001,
        "falseNegativeRate": 0.016093876449959535,
        "falsePositiveRate": 0.0015689136185350725,
        "TP": 364734,
        "TN": 875664,
        "FP": 1376,
        "FN": 5966
    },
    "wrapper": {
        "accuracy": 0.994115761296424,
        "precision": 0.996241566742236,
        "recall": 0.9839061235500405,
        "f1": 0.990035422972001,
        "falseNegativeRate": 0.016093876449959535,
        "falsePositiveRate": 0.0015689136185350725,
        "TP": 364734,
        "TN": 875664,
        "FP": 1376,
        "FN": 5966
    },
    "files": {
        "checkpointFile": "../../saved_models/decen/init-test-randpos/vehicle_162_model.ckpt",
        "dataFile": "../../data/RandomPos_0709.csv"
    }
}