{
    "noWrapper": {
        "accuracy": 0.9958068187282607,
        "recall": 0.9880847046128945,
        "precision": 0.9977798843905442,
        "f1": 0.9929086281068803,
        "falseNegativeRate": 0.011915295387105476,
        "falsePositiveRate": 0.0009292620633038402,
        "TP": 366283,
        "TN": 876225,
        "FP": 815,
        "FN": 4417
    },
    "wrapper": {
        "accuracy": 0.9958068187282607,
        "precision": 0.9977798843905442,
        "recall": 0.9880847046128945,
        "f1": 0.9929086281068803,
        "falseNegativeRate": 0.011915295387105476,
        "falsePositiveRate": 0.0009292620633038402,
        "TP": 366283,
        "TN": 876225,
        "FP": 815,
        "FN": 4417
    },
    "files": {
        "checkpointFile": "../../saved_models/decen/init-test-randpos/vehicle_148_model.ckpt",
        "dataFile": "../../data/RandomPos_0709.csv"
    }
}