{
    "noWrapper": {
        "accuracy": 0.9969312517030792,
        "recall": 0.9918910169948746,
        "precision": 0.9977667244658998,
        "f1": 0.9948201948818818,
        "falseNegativeRate": 0.008108983005125438,
        "falsePositiveRate": 0.0009383836541092766,
        "TP": 367694,
        "TN": 876217,
        "FP": 823,
        "FN": 3006
    },
    "wrapper": {
        "accuracy": 0.9969312517030792,
        "precision": 0.9977667244658998,
        "recall": 0.9918910169948746,
        "f1": 0.9948201948818818,
        "falseNegativeRate": 0.008108983005125438,
        "falsePositiveRate": 0.0009383836541092766,
        "TP": 367694,
        "TN": 876217,
        "FP": 823,
        "FN": 3006
    },
    "files": {
        "checkpointFile": "../../saved_models/decen/init-test-randpos/vehicle_29_model.ckpt",
        "dataFile": "../../data/RandomPos_0709.csv"
    }
}