{
    "noWrapper": {
        "accuracy": 0.9938416657316428,
        "recall": 0.9799541408146749,
        "precision": 0.9993040311177865,
        "f1": 0.9895345004644372,
        "falseNegativeRate": 0.02004585918532506,
        "falsePositiveRate": 0.0002884703092219283,
        "TP": 363269,
        "TN": 876787,
        "FP": 253,
        "FN": 7431
    },
    "wrapper": {
        "accuracy": 0.9938416657316428,
        "precision": 0.9993040311177865,
        "recall": 0.9799541408146749,
        "f1": 0.9895345004644372,
        "falseNegativeRate": 0.02004585918532506,
        "falsePositiveRate": 0.0002884703092219283,
        "TP": 363269,
        "TN": 876787,
        "FP": 253,
        "FN": 7431
    },
    "files": {
        "checkpointFile": "../../saved_models/decen/init-test-randpos/vehicle_0_model.ckpt",
        "dataFile": "../../data/RandomPos_0709.csv"
    }
}