{
    "noWrapper": {
        "accuracy": 0.9967188677128248,
        "recall": 0.9921634745076882,
        "precision": 0.9967776380547666,
        "f1": 0.9944652040601122,
        "falseNegativeRate": 0.007836525492311843,
        "falsePositiveRate": 0.0013556964334579952,
        "TP": 367795,
        "TN": 875851,
        "FP": 1189,
        "FN": 2905
    },
    "wrapper": {
        "accuracy": 0.9967188677128248,
        "precision": 0.9967776380547666,
        "recall": 0.9921634745076882,
        "f1": 0.9944652040601122,
        "falseNegativeRate": 0.007836525492311843,
        "falsePositiveRate": 0.0013556964334579952,
        "TP": 367795,
        "TN": 875851,
        "FP": 1189,
        "FN": 2905
    },
    "files": {
        "checkpointFile": "../../saved_models/decen/init-test-randpos/vehicle_11_model.ckpt",
        "dataFile": "../../data/RandomPos_0709.csv"
    }
}