{
    "noWrapper": {
        "accuracy": 0.9970899386090051,
        "recall": 0.9934556244942001,
        "precision": 0.9967386509111479,
        "f1": 0.9950944298608849,
        "falseNegativeRate": 0.0065443755057998385,
        "falsePositiveRate": 0.001373939615068868,
        "TP": 368274,
        "TN": 875835,
        "FP": 1205,
        "FN": 2426
    },
    "wrapper": {
        "accuracy": 0.9970899386090051,
        "precision": 0.9967386509111479,
        "recall": 0.9934556244942001,
        "f1": 0.9950944298608849,
        "falseNegativeRate": 0.0065443755057998385,
        "falsePositiveRate": 0.001373939615068868,
        "TP": 368274,
        "TN": 875835,
        "FP": 1205,
        "FN": 2426
    },
    "files": {
        "checkpointFile": "../../saved_models/decen/init-test-randpos/vehicle_37_model.ckpt",
        "dataFile": "../../data/RandomPos_0709.csv"
    }
}