{
    "noWrapper": {
        "accuracy": 0.9960929360283393,
        "recall": 0.9928001079039654,
        "precision": 0.9940416543997493,
        "f1": 0.9934204932403159,
        "falseNegativeRate": 0.0071998920960345296,
        "falsePositiveRate": 0.002515278664599106,
        "TP": 368031,
        "TN": 874834,
        "FP": 2206,
        "FN": 2669
    },
    "wrapper": {
        "accuracy": 0.9960929360283393,
        "precision": 0.9940416543997493,
        "recall": 0.9928001079039654,
        "f1": 0.9934204932403159,
        "falseNegativeRate": 0.0071998920960345296,
        "falsePositiveRate": 0.002515278664599106,
        "TP": 368031,
        "TN": 874834,
        "FP": 2206,
        "FN": 2669
    },
    "files": {
        "checkpointFile": "../../saved_models/decen/init-test-randpos/vehicle_194_model.ckpt",
        "dataFile": "../../data/RandomPos_0709.csv"
    }
}