{
    "noWrapper": {
        "accuracy": 0.9966443329539808,
        "recall": 0.9910520636633396,
        "precision": 0.997637493788238,
        "f1": 0.9943338750908379,
        "falseNegativeRate": 0.008947936336660372,
        "falsePositiveRate": 0.0009919730000912158,
        "TP": 367383,
        "TN": 876170,
        "FP": 870,
        "FN": 3317
    },
    "wrapper": {
        "accuracy": 0.9966443329539808,
        "precision": 0.997637493788238,
        "recall": 0.9910520636633396,
        "f1": 0.9943338750908379,
        "falseNegativeRate": 0.008947936336660372,
        "falsePositiveRate": 0.0009919730000912158,
        "TP": 367383,
        "TN": 876170,
        "FP": 870,
        "FN": 3317
    },
    "files": {
        "checkpointFile": "../../saved_models/decen/init-test-randpos/vehicle_151_model.ckpt",
        "dataFile": "../../data/RandomPos_0709.csv"
    }
}