{
    "noWrapper": {
        "accuracy": 0.9967845865324507,
        "recall": 0.9943782033989749,
        "precision": 0.9947968392417634,
        "f1": 0.994587477267944,
        "falseNegativeRate": 0.005621796601025087,
        "falsePositiveRate": 0.002198303384110189,
        "TP": 368616,
        "TN": 875112,
        "FP": 1928,
        "FN": 2084
    },
    "wrapper": {
        "accuracy": 0.9967845865324507,
        "precision": 0.9947968392417634,
        "recall": 0.9943782033989749,
        "f1": 0.994587477267944,
        "falseNegativeRate": 0.005621796601025087,
        "falsePositiveRate": 0.002198303384110189,
        "TP": 368616,
        "TN": 875112,
        "FP": 1928,
        "FN": 2084
    },
    "files": {
        "checkpointFile": "../../saved_models/decen/init-test-randpos/vehicle_104_model.ckpt",
        "dataFile": "../../data/RandomPos_0709.csv"
    }
}