{
    "noWrapper": {
        "accuracy": 0.996499270681392,
        "recall": 0.9906123550040464,
        "precision": 0.9975876644897693,
        "f1": 0.9940877738194497,
        "falseNegativeRate": 0.009387644995953601,
        "falsePositiveRate": 0.001012496579403448,
        "TP": 367220,
        "TN": 876152,
        "FP": 888,
        "FN": 3480
    },
    "wrapper": {
        "accuracy": 0.996499270681392,
        "precision": 0.9975876644897693,
        "recall": 0.9906123550040464,
        "f1": 0.9940877738194497,
        "falseNegativeRate": 0.009387644995953601,
        "falsePositiveRate": 0.001012496579403448,
        "TP": 367220,
        "TN": 876152,
        "FP": 888,
        "FN": 3480
    },
    "files": {
        "checkpointFile": "../../saved_models/decen/init-test-randpos/vehicle_152_model.ckpt",
        "dataFile": "../../data/RandomPos_0709.csv"
    }
}