{
    "noWrapper": {
        "accuracy": 0.9963822591244971,
        "recall": 0.990010790396547,
        "precision": 0.9977950452409953,
        "f1": 0.9938876762337036,
        "falseNegativeRate": 0.009989209603452927,
        "falsePositiveRate": 0.000924701267901122,
        "TP": 366997,
        "TN": 876229,
        "FP": 811,
        "FN": 3703
    },
    "wrapper": {
        "accuracy": 0.9963822591244971,
        "precision": 0.9977950452409953,
        "recall": 0.990010790396547,
        "f1": 0.9938876762337036,
        "falseNegativeRate": 0.009989209603452927,
        "falsePositiveRate": 0.000924701267901122,
        "TP": 366997,
        "TN": 876229,
        "FP": 811,
        "FN": 3703
    },
    "files": {
        "checkpointFile": "../../saved_models/decen/init-test-randpos/vehicle_65_model.ckpt",
        "dataFile": "../../data/RandomPos_0709.csv"
    }
}