{
    "noWrapper": {
        "accuracy": 0.9971051661403818,
        "recall": 0.993061775020232,
        "precision": 0.9971828544185845,
        "f1": 0.995118048084253,
        "falseNegativeRate": 0.006938224979768006,
        "falsePositiveRate": 0.0011858068047067409,
        "TP": 368128,
        "TN": 876000,
        "FP": 1040,
        "FN": 2572
    },
    "wrapper": {
        "accuracy": 0.9971051661403818,
        "precision": 0.9971828544185845,
        "recall": 0.993061775020232,
        "f1": 0.995118048084253,
        "falseNegativeRate": 0.006938224979768006,
        "falsePositiveRate": 0.0011858068047067409,
        "TP": 368128,
        "TN": 876000,
        "FP": 1040,
        "FN": 2572
    },
    "files": {
        "checkpointFile": "../../saved_models/decen/init-test-randpos/vehicle_113_model.ckpt",
        "dataFile": "../../data/RandomPos_0709.csv"
    }
}