{
    "noWrapper": {
        "accuracy": 0.9958549056694503,
        "recall": 0.9879956838413811,
        "precision": 0.9980325474423116,
        "f1": 0.9929887538092811,
        "falseNegativeRate": 0.012004316158618829,
        "falsePositiveRate": 0.0008232235701906412,
        "TP": 366250,
        "TN": 876318,
        "FP": 722,
        "FN": 4450
    },
    "wrapper": {
        "accuracy": 0.9958549056694503,
        "precision": 0.9980325474423116,
        "recall": 0.9879956838413811,
        "f1": 0.9929887538092811,
        "falseNegativeRate": 0.012004316158618829,
        "falsePositiveRate": 0.0008232235701906412,
        "TP": 366250,
        "TN": 876318,
        "FP": 722,
        "FN": 4450
    },
    "files": {
        "checkpointFile": "../../saved_models/decen/init-test-randpos/vehicle_147_model.ckpt",
        "dataFile": "../../data/RandomPos_0709.csv"
    }
}