{
    "noWrapper": {
        "accuracy": 0.9958340679949348,
        "recall": 0.9914270299433504,
        "precision": 0.994533774239464,
        "f1": 0.9929779720685937,
        "falseNegativeRate": 0.008572970056649582,
        "falsePositiveRate": 0.002303201678372708,
        "TP": 367522,
        "TN": 875020,
        "FP": 2020,
        "FN": 3178
    },
    "wrapper": {
        "accuracy": 0.9958340679949348,
        "precision": 0.994533774239464,
        "recall": 0.9914270299433504,
        "f1": 0.9929779720685937,
        "falseNegativeRate": 0.008572970056649582,
        "falsePositiveRate": 0.002303201678372708,
        "TP": 367522,
        "TN": 875020,
        "FP": 2020,
        "FN": 3178
    },
    "files": {
        "checkpointFile": "../../saved_models/decen/init-test-randpos/vehicle_42_model.ckpt",
        "dataFile": "../../data/RandomPos_0709.csv"
    }
}