{
    "noWrapper": {
        "accuracy": 0.9965850257265135,
        "recall": 0.9933558133261398,
        "precision": 0.9951410001756591,
        "f1": 0.994247605418942,
        "falseNegativeRate": 0.006644186673860264,
        "falsePositiveRate": 0.002050077533521846,
        "TP": 368237,
        "TN": 875242,
        "FP": 1798,
        "FN": 2463
    },
    "wrapper": {
        "accuracy": 0.9965850257265135,
        "precision": 0.9951410001756591,
        "recall": 0.9933558133261398,
        "f1": 0.994247605418942,
        "falseNegativeRate": 0.006644186673860264,
        "falsePositiveRate": 0.002050077533521846,
        "TP": 368237,
        "TN": 875242,
        "FP": 1798,
        "FN": 2463
    },
    "files": {
        "checkpointFile": "../../saved_models/decen/init-test-randpos/vehicle_81_model.ckpt",
        "dataFile": "../../data/RandomPos_0709.csv"
    }
}