{
    "noWrapper": {
        "accuracy": 0.9966828025069325,
        "recall": 0.9932263285675749,
        "precision": 0.9955978227069064,
        "f1": 0.9944106617403787,
        "falseNegativeRate": 0.006773671432425142,
        "falsePositiveRate": 0.0018562437289063212,
        "TP": 368189,
        "TN": 875412,
        "FP": 1628,
        "FN": 2511
    },
    "wrapper": {
        "accuracy": 0.9966828025069325,
        "precision": 0.9955978227069064,
        "recall": 0.9932263285675749,
        "f1": 0.9944106617403787,
        "falseNegativeRate": 0.006773671432425142,
        "falsePositiveRate": 0.0018562437289063212,
        "TP": 368189,
        "TN": 875412,
        "FP": 1628,
        "FN": 2511
    },
    "files": {
        "checkpointFile": "../../saved_models/decen/init-test-randpos/vehicle_99_model.ckpt",
        "dataFile": "../../data/RandomPos_0709.csv"
    }
}