{
    "noWrapper": {
        "accuracy": 0.9969520893775947,
        "recall": 0.9937631507957917,
        "precision": 0.9959689520086299,
        "f1": 0.9948648287353544,
        "falseNegativeRate": 0.0062368492042082545,
        "falsePositiveRate": 0.0017000364863632217,
        "TP": 368388,
        "TN": 875549,
        "FP": 1491,
        "FN": 2312
    },
    "wrapper": {
        "accuracy": 0.9969520893775947,
        "precision": 0.9959689520086299,
        "recall": 0.9937631507957917,
        "f1": 0.9948648287353544,
        "falseNegativeRate": 0.0062368492042082545,
        "falsePositiveRate": 0.0017000364863632217,
        "TP": 368388,
        "TN": 875549,
        "FP": 1491,
        "FN": 2312
    },
    "files": {
        "checkpointFile": "../../saved_models/decen/init-test-randpos/vehicle_145_model.ckpt",
        "dataFile": "../../data/RandomPos_0709.csv"
    }
}