epoch,step,trainLoss
24,49,1.882278561592102
49,99,2.5567800998687744
74,149,0.33126017451286316
99,199,0.7069704532623291
