epoch,step,trainLoss
49,49,0.6931473612785339
99,99,0.014950012788176537
99,99,0.013848159462213516
99,99,0.3475281298160553
99,99,0.028799086809158325
99,99,0.2592363655567169
99,99,0.026655100286006927
