epoch,step,trainLoss
12,49,1.018019676208496
24,99,0.32943275570869446
37,149,2.601975917816162
49,199,0.503364622592926
62,249,2.994628429412842
74,299,0.6995866298675537
87,349,0.17777658998966217
99,399,0.23297493159770966
112,449,0.03978542611002922
124,499,0.45532387495040894
137,549,0.06397397071123123
149,599,0.03782923147082329
