epoch,step,trainLoss
24,49,2.4498484134674072
49,99,0.23969173431396484
