epoch,step,trainLoss
49,49,2.853581666946411
99,99,1.5208009481430054
149,149,0.3900524079799652
