epoch,step,trainLoss
24,49,2.6207714080810547
49,99,0.13772901892662048
74,149,0.012275522574782372
99,199,0.010589323937892914
124,249,0.018723253160715103
149,299,0.009199532680213451
174,349,0.007640174124389887
199,399,0.008114460855722427
224,449,0.009345008060336113
249,499,0.00395243102684617
274,549,0.0030875809025019407
299,599,0.002865806920453906
324,649,0.004217717796564102
349,699,0.00830948818475008
374,749,0.00792553462088108
