epoch,step,trainLoss
49,49,0.19560730457305908
99,99,0.0005036541842855513
