epoch,step,trainLoss
16,49,2.526977062225342
33,99,1.323128342628479
49,149,0.06807120889425278
