epoch,step,trainLoss
12,49,2.474656820297241
24,99,0.041197434067726135
37,149,2.6876814365386963
49,199,0.21420101821422577
62,249,1.5062750577926636
