epoch,step,trainLoss
9,49,1.2560088634490967
19,99,0.0747297927737236
29,149,0.03688006475567818
39,199,0.09562450647354126
49,249,0.030597085133194923
59,299,0.029136689379811287
