epoch,step,trainLoss
49,49,2.2778284549713135
99,99,1.349825143814087
149,149,0.5404651165008545
199,199,0.2068043202161789
249,249,0.02113497443497181
299,299,0.007627933286130428
349,349,0.008217179216444492
399,399,0.005891552660614252
449,449,0.0034676825162023306
499,499,0.004127920605242252
549,549,0.0029542562551796436
599,599,0.004984114319086075
649,649,0.0197902824729681
699,699,0.019198710098862648
749,749,0.018825072795152664
799,799,0.00820381660014391
