epoch,step,trainLoss
9,49,1.588227391242981
19,99,0.038263630121946335
29,149,0.02115432731807232
39,199,0.07055952399969101
49,249,0.022680673748254776
59,299,0.014484439976513386
