epoch,step,trainLoss
49,49,0.4412922263145447
99,99,0.6546536087989807
99,99,0.4491911828517914
99,99,0.4467901587486267
99,99,0.4467901587486267
99,99,0.4467901587486267
99,99,0.4467901587486267
99,99,0.4467901587486267
99,99,0.4467901587486267
99,99,0.4467901587486267
99,99,0.4467901587486267
99,99,0.4467901587486267
99,99,0.4467901587486267
99,99,0.4467901587486267
