epoch,step,trainLoss
24,49,0.8773708939552307
49,99,0.1055387407541275
74,149,0.009130246005952358
99,199,0.0016626265132799745
124,249,0.0015266183763742447
149,299,0.00023064290871843696
174,349,0.00031153822783380747
199,399,0.0003240566875319928
224,449,0.00036999129224568605
249,499,0.0005304745282046497
274,549,0.0007821956533007324
299,599,0.0001953680912265554
324,649,0.0002242187038064003
349,699,0.00022706243908032775
374,749,0.00028870144160464406
