epoch,step,trainLoss
16,49,0.6931473016738892
33,99,0.6931473016738892
49,149,0.6931473016738892
66,199,0.1483570635318756
66,199,0.21791605651378632
66,199,0.2411024123430252
66,199,0.21386222541332245
66,199,0.4721243381500244
66,199,0.22722260653972626
66,199,0.3732364773750305
66,199,0.14377014338970184
66,199,0.06283847987651825
66,199,0.23509657382965088
66,199,0.08730192482471466
66,199,0.2379802018404007
66,199,0.25745123624801636
66,199,0.07474897801876068
66,199,0.08021438121795654
66,199,0.056019388139247894
66,199,0.29320740699768066
66,199,0.18450334668159485
66,199,0.27077141404151917
66,199,0.22414788603782654
66,199,0.1941857635974884
66,199,0.30202561616897583
66,199,0.11083290725946426
66,199,0.29156234860420227
66,199,0.6212310791015625
66,199,0.053418464958667755
83,249,0.0764826089143753
66,199,0.04745412990450859
83,249,0.1010412946343422
66,199,0.04745412990450859
83,249,0.09573613107204437
66,199,0.04745412990450859
83,249,0.11847700923681259
66,199,0.04745412990450859
83,249,0.07893787324428558
66,199,0.04745412990450859
83,249,0.08085367828607559
66,199,0.04745412990450859
