epoch,step,trainLoss
49,49,0.19825862348079681
99,99,0.0018693223828449845
