epoch,step,trainLoss
12,49,1.6119552850723267
24,99,0.06116972491145134
37,149,2.5785067081451416
49,199,0.14786379039287567
