epoch,step,trainLoss
24,49,0.8138500452041626
49,99,0.13352343440055847
74,149,0.014536640606820583
99,199,0.004065277054905891
124,249,0.0016682855784893036
149,299,0.0007056897738948464
174,349,0.0006118039018474519
199,399,0.0005439196829684079
224,449,0.0004861640918534249
249,499,0.0004888201365247369
274,549,0.0003945873468182981
299,599,0.0002625988854561001
324,649,0.00026634676032699645
349,699,0.0002773507439997047
374,749,0.0002853023470379412
