epoch,step,trainLoss
24,49,0.28317415714263916
49,99,0.010448462329804897
