epoch,step,trainLoss
16,49,1.0368093252182007
33,99,1.1697452068328857
49,149,0.08755460381507874
