epoch,step,trainLoss
16,49,1.9334266185760498
33,99,2.8006176948547363
49,149,1.5761462450027466
66,199,2.4757933616638184
83,249,0.5277615785598755
99,299,0.2869204878807068
116,349,0.09613406658172607
133,399,0.13141821324825287
149,449,0.0756840705871582
166,499,0.1378801316022873
