epoch,step,trainLoss
49,49,0.46790844202041626
99,99,0.044921617954969406
149,149,0.02776951901614666
199,199,0.02753143012523651
249,249,0.030570074915885925
299,299,0.02148616313934326
349,349,0.023841487243771553
