epoch,step,trainLoss
49,49,2.853581666946411
99,99,1.5208005905151367
149,149,0.3900524079799652
199,199,0.059984009712934494
249,249,0.0865011140704155
299,299,0.0450868122279644
349,349,0.03281473368406296
399,399,0.052390195429325104
449,449,0.021540164947509766
499,499,0.060045938938856125
549,549,0.03198673203587532
599,599,0.020671391859650612
649,649,0.04297580569982529
699,699,0.07066337764263153
749,749,0.03929976001381874
799,799,0.03343840315937996
849,849,0.035344745963811874
899,899,0.03025508113205433
949,949,0.04370931535959244
999,999,0.016036605462431908
1049,1049,0.00919619295746088
1099,1099,0.06569284200668335
1149,1149,0.07354103773832321
1199,1199,0.012035606428980827
1249,1249,0.02312333695590496
1299,1299,0.06011439859867096
1349,1349,0.014133983291685581
1399,1399,0.012257498688995838
1449,1449,0.03504696860909462
1499,1499,0.02542160265147686
1549,1549,0.039930474013090134
1599,1599,0.0687662661075592
1649,1649,0.01812400482594967
1699,1699,0.025877824053168297
1749,1749,0.03429446369409561
1799,1799,0.008122126571834087
1849,1849,0.018415702506899834
1899,1899,0.02888859249651432
1949,1949,0.023193707689642906
1999,1999,0.025865860283374786
2049,2049,0.027511632069945335
2099,2099,0.025758834555745125
2149,2149,0.02362896502017975
2199,2199,0.024946467950940132
2249,2249,0.008867857977747917
2299,2299,0.02865603193640709
2349,2349,0.031614553183317184
2399,2399,0.014114389196038246
2449,2449,0.01628994196653366
2499,2499,0.023015040904283524
2549,2549,0.021200304850935936
2599,2599,0.028150422498583794
2649,2649,0.028340527787804604
2699,2699,0.01364794373512268
