epoch,step,trainLoss
16,49,1.4510133266448975
33,99,0.6694406270980835
49,149,0.11795450747013092
