epoch,step,trainLoss
49,49,2.825485944747925
99,99,1.6385124921798706
149,149,0.4092210829257965
