epoch,step,trainLoss
12,49,2.0431361198425293
24,99,0.1559256613254547
37,149,0.3676890730857849
49,199,0.08484407514333725
