epoch,step,trainLoss
16,49,0.14193841814994812
33,99,0.014707324095070362
49,149,0.004503060132265091
