epoch,step,trainLoss
16,49,2.094399929046631
33,99,1.5578243732452393
49,149,0.13452014327049255
