epoch,step,trainLoss
12,49,2.518616199493408
24,99,0.43776845932006836
37,149,2.5279581546783447
49,199,2.337892770767212
62,249,1.293879508972168
74,299,0.13835343718528748
87,349,0.08002734929323196
99,399,0.218327134847641
112,449,0.09210078418254852
