epoch,step,trainLoss
49,49,0.6855680346488953
99,99,0.07937700301408768
149,149,0.040265485644340515
199,199,0.048529110848903656
249,249,0.046377032995224
299,299,0.01672584004700184
349,349,0.021785471588373184
