epoch,step,trainLoss
49,49,2.537909984588623
99,99,2.800039052963257
149,149,2.493821144104004
199,199,0.5919212102890015
249,249,1.2639573812484741
299,299,0.3120703101158142
349,349,0.5919212698936462
