{
    "endIndex": 124774,
    "attack": "ProjectedGradientDescent",
    "timeElapsedSec": 314.03567,
    "kwargs": {
        "eps": 0.2,
        "max_iter": 10
    },
    "metrics": {
        "accuracy": 0.15759533236090853,
        "precision": 0.17418940247163292,
        "recall": 0.4906474237928244,
        "f1": 0.257102429343232,
        "attackSuccessRate": 0.5093525762071757,
        "falsePositiveRate": 0.9831763659582231,
        "TP": 181883,
        "TN": 14755,
        "FP": 862285,
        "FN": 188817
    },
    "files": {
        "checkpointFile": "../../../saved_models/RandomPos-final.ckpt",
        "dataFile": "../../../data/RandomPos_0709.csv"
    }
}