{
    "endIndex": 124774,
    "attack": "ProjectedGradientDescent",
    "timeElapsedSec": 247.886355,
    "kwargs": {
        "eps": 0.24,
        "max_iter": 10
    },
    "metrics": {
        "accuracy": 0.137970250212384,
        "precision": 0.15337021464925868,
        "recall": 0.4206717021850553,
        "f1": 0.22478675291446693,
        "attackSuccessRate": 0.5793282978149447,
        "falsePositiveRate": 0.9815196570281857,
        "TP": 155943,
        "TN": 16208,
        "FP": 860832,
        "FN": 214757
    },
    "files": {
        "checkpointFile": "../../../saved_models/RandomPos-final.ckpt",
        "dataFile": "../../../data/RandomPos_0709.csv"
    }
}