{
    "endIndex": 124774,
    "attack": "ProjectedGradientDescent",
    "timeElapsedSec": 243.285772,
    "kwargs": {
        "eps": 0.04,
        "max_iter": 10
    },
    "metrics": {
        "accuracy": 0.9329924503502333,
        "precision": 0.8847551757781089,
        "recall": 0.8904451038575668,
        "f1": 0.8875910210491217,
        "attackSuccessRate": 0.10955489614243323,
        "falsePositiveRate": 0.0490239897838183,
        "TP": 330088,
        "TN": 834044,
        "FP": 42996,
        "FN": 40612
    },
    "files": {
        "checkpointFile": "../../../saved_models/RandomPos-final.ckpt",
        "dataFile": "../../../data/RandomPos_0709.csv"
    }
}