{
    "endIndex": 124774,
    "attack": "ProjectedGradientDescent",
    "timeElapsedSec": 302.549389,
    "kwargs": {
        "eps": 0.01,
        "max_iter": 10
    },
    "metrics": {
        "accuracy": 0.9822022216166829,
        "precision": 0.9983212599416016,
        "recall": 0.9416779066630698,
        "f1": 0.9691726578258026,
        "attackSuccessRate": 0.058322093336930135,
        "falsePositiveRate": 0.0006692967253489008,
        "TP": 349080,
        "TN": 876453,
        "FP": 587,
        "FN": 21620
    },
    "files": {
        "checkpointFile": "../../../saved_models/RandomPos-final.ckpt",
        "dataFile": "../../../data/RandomPos_0709.csv"
    }
}