{
    "endIndex": 124774,
    "attack": "ProjectedGradientDescent",
    "timeElapsedSec": 257.672492,
    "kwargs": {
        "eps": 0.18,
        "max_iter": 10
    },
    "metrics": {
        "accuracy": 0.17513905140494013,
        "precision": 0.18925214239873156,
        "recall": 0.5409333693013219,
        "f1": 0.2804021646413939,
        "attackSuccessRate": 0.4590666306986782,
        "falsePositiveRate": 0.9794718598923652,
        "TP": 200524,
        "TN": 18004,
        "FP": 859036,
        "FN": 170176
    },
    "files": {
        "checkpointFile": "../../../saved_models/RandomPos-final.ckpt",
        "dataFile": "../../../data/RandomPos_0709.csv"
    }
}