{
    "endIndex": 124774,
    "attack": "ProjectedGradientDescent",
    "timeElapsedSec": 325.423658,
    "kwargs": {
        "eps": 0.08,
        "max_iter": 10
    },
    "metrics": {
        "accuracy": 0.6137608796704441,
        "precision": 0.42111541691253235,
        "recall": 0.8008713245211762,
        "f1": 0.5519851407280151,
        "attackSuccessRate": 0.19912867547882385,
        "falsePositiveRate": 0.46532541275198397,
        "TP": 296883,
        "TN": 468931,
        "FP": 408109,
        "FN": 73817
    },
    "files": {
        "checkpointFile": "../../../saved_models/RandomPos-final.ckpt",
        "dataFile": "../../../data/RandomPos_0709.csv"
    }
}