{
    "endIndex": 124774,
    "attack": "ProjectedGradientDescent",
    "timeElapsedSec": 310.690811,
    "kwargs": {
        "eps": 0.11,
        "max_iter": 10
    },
    "metrics": {
        "accuracy": 0.2734640229534999,
        "precision": 0.2502274778302344,
        "recall": 0.7240410035068788,
        "f1": 0.37191997406002225,
        "attackSuccessRate": 0.2759589964931211,
        "falsePositiveRate": 0.9169821216820213,
        "TP": 268402,
        "TN": 72810,
        "FP": 804230,
        "FN": 102298
    },
    "files": {
        "checkpointFile": "../../../saved_models/RandomPos-final.ckpt",
        "dataFile": "../../../data/RandomPos_0709.csv"
    }
}