{
    "endIndex": 124774,
    "attack": "ProjectedGradientDescent",
    "timeElapsedSec": 248.617052,
    "kwargs": {
        "eps": 0.23,
        "max_iter": 10
    },
    "metrics": {
        "accuracy": 0.14248160674499494,
        "precision": 0.15843836885100163,
        "recall": 0.4374993256002158,
        "f1": 0.2326306262111621,
        "attackSuccessRate": 0.5625006743997842,
        "falsePositiveRate": 0.9822140381282496,
        "TP": 162181,
        "TN": 15599,
        "FP": 861441,
        "FN": 208519
    },
    "files": {
        "checkpointFile": "../../../saved_models/RandomPos-final.ckpt",
        "dataFile": "../../../data/RandomPos_0709.csv"
    }
}