{
    "endIndex": 124774,
    "attack": "ProjectedGradientDescent",
    "timeElapsedSec": 195.418452,
    "kwargs": {
        "eps": 0.29,
        "max_iter": 10
    },
    "metrics": {
        "accuracy": 0.11644092519274848,
        "precision": 0.12852060480284613,
        "recall": 0.34146749393040193,
        "f1": 0.1867520005665321,
        "attackSuccessRate": 0.658532506069598,
        "falsePositiveRate": 0.9786714402991882,
        "TP": 126582,
        "TN": 18706,
        "FP": 858334,
        "FN": 244118
    },
    "files": {
        "checkpointFile": "../../../saved_models/RandomPos-final.ckpt",
        "dataFile": "../../../data/RandomPos_0709.csv"
    }
}