{
    "endIndex": 124774,
    "attack": "ProjectedGradientDescent",
    "timeElapsedSec": 404.52584,
    "kwargs": {
        "eps": 0.06,
        "max_iter": 10
    },
    "metrics": {
        "accuracy": 0.8049353230640999,
        "precision": 0.6269393371355642,
        "recall": 0.8480847046128945,
        "f1": 0.7209342322509631,
        "attackSuccessRate": 0.15191529538710546,
        "falsePositiveRate": 0.21330269999087842,
        "TP": 314385,
        "TN": 689965,
        "FP": 187075,
        "FN": 56315
    },
    "files": {
        "checkpointFile": "../../../saved_models/RandomPos-final.ckpt",
        "dataFile": "../../../data/RandomPos_0709.csv"
    }
}