{
    "endIndex": 124774,
    "attack": "ProjectedGradientDescent",
    "timeElapsedSec": 343.761899,
    "kwargs": {
        "eps": 0.15,
        "max_iter": 10
    },
    "metrics": {
        "accuracy": 0.21152403545610463,
        "precision": 0.21449094222976403,
        "recall": 0.6212651739951444,
        "f1": 0.31888669423484456,
        "attackSuccessRate": 0.3787348260048557,
        "falsePositiveRate": 0.9616619538447505,
        "TP": 230303,
        "TN": 33624,
        "FP": 843416,
        "FN": 140397
    },
    "files": {
        "checkpointFile": "../../../saved_models/RandomPos-final.ckpt",
        "dataFile": "../../../data/RandomPos_0709.csv"
    }
}