{
    "endIndex": 124774,
    "attack": "ProjectedGradientDescent",
    "timeElapsedSec": 336.908102,
    "kwargs": {
        "eps": 0.17,
        "max_iter": 10
    },
    "metrics": {
        "accuracy": 0.18673040857871032,
        "precision": 0.19741336297579773,
        "recall": 0.566752090639331,
        "f1": 0.2928277787418141,
        "attackSuccessRate": 0.433247909360669,
        "falsePositiveRate": 0.9738940071148409,
        "TP": 210095,
        "TN": 22896,
        "FP": 854144,
        "FN": 160605
    },
    "files": {
        "checkpointFile": "../../../saved_models/RandomPos-final.ckpt",
        "dataFile": "../../../data/RandomPos_0709.csv"
    }
}