{
    "endIndex": 124774,
    "attack": "ProjectedGradientDescent",
    "timeElapsedSec": 196.855307,
    "kwargs": {
        "eps": 0.28,
        "max_iter": 10
    },
    "metrics": {
        "accuracy": 0.12060445285075416,
        "precision": 0.13330648327877523,
        "recall": 0.3562584299973024,
        "f1": 0.19401536815027612,
        "attackSuccessRate": 0.6437415700026976,
        "falsePositiveRate": 0.9789998175681839,
        "TP": 132065,
        "TN": 18418,
        "FP": 858622,
        "FN": 238635
    },
    "files": {
        "checkpointFile": "../../../saved_models/RandomPos-final.ckpt",
        "dataFile": "../../../data/RandomPos_0709.csv"
    }
}