{
    "endIndex": 124774,
    "attack": "ProjectedGradientDescent",
    "timeElapsedSec": 206.163497,
    "kwargs": {
        "eps": 0.26,
        "max_iter": 10
    },
    "metrics": {
        "accuracy": 0.1290805776844535,
        "precision": 0.14312188907176332,
        "recall": 0.3872889128675479,
        "f1": 0.20900600298293007,
        "attackSuccessRate": 0.6127110871324521,
        "falsePositiveRate": 0.9800567819027638,
        "TP": 143568,
        "TN": 17491,
        "FP": 859549,
        "FN": 227132
    },
    "files": {
        "checkpointFile": "../../../saved_models/RandomPos-final.ckpt",
        "dataFile": "../../../data/RandomPos_0709.csv"
    }
}