epoch,step,trainLoss
24,49,1.9285011291503906
49,99,0.22835148870944977
74,149,0.019029313698410988
99,199,0.011648803018033504
124,249,0.0032794626895338297
149,299,0.003216370241716504
174,349,0.0032099829986691475
199,399,0.0025745967868715525
224,449,0.002506873570382595
249,499,0.0022198809310793877
274,549,0.001536673866212368
299,599,0.0026576854288578033
324,649,0.0024042052682489157
349,699,0.0017207921482622623
374,749,0.002330293646082282
