epoch,step,trainLoss
49,49,2.6164333820343018
99,99,2.84403920173645
149,149,0.257437527179718
199,199,0.4091219902038574
