epoch,step,trainLoss
49,49,0.1461343914270401
99,99,0.4197533428668976
149,149,0.2813609540462494
