epoch,step,trainLoss
49,49,0.46790844202041626
99,99,0.044921617954969406
149,149,0.02776951529085636
199,199,0.027531422674655914
249,249,0.030570078641176224
299,299,0.02148616500198841
349,349,0.023841489106416702
