epoch,step,trainLoss
16,49,0.9605494737625122
33,99,2.9376449584960938
49,149,0.615352213382721
66,199,0.41019314527511597
83,249,0.05954565852880478
99,299,0.27959418296813965
116,349,0.04028250277042389
