epoch,step,trainLoss
24,49,1.3579050302505493
49,99,0.24382701516151428
