epoch,step,trainLoss
24,49,1.3579050302505493
49,99,0.24382701516151428
74,149,0.0930035263299942
99,199,0.09398113191127777
124,249,0.17615795135498047
149,299,0.07694020867347717
174,349,0.0777873545885086
199,399,0.07534318417310715
224,449,0.07599327713251114
249,499,0.0767493024468422
274,549,0.1147843450307846
299,599,0.0558808408677578
324,649,0.056719642132520676
349,699,0.05884261429309845
