epoch,step,trainLoss
16,49,1.5552819967269897
33,99,2.698254346847534
49,149,0.7856250405311584
66,199,2.613409996032715
83,249,0.193586066365242
99,299,0.25957322120666504
116,349,0.03156797215342522
133,399,0.10092329978942871
149,449,0.05556424334645271
166,499,0.07008074223995209
