epoch,step,trainLoss
24,49,2.316269636154175
49,99,0.34513047337532043
74,149,0.17954236268997192
99,199,0.15431788563728333
124,249,0.22745652496814728
149,299,0.1184103861451149
174,349,0.10931849479675293
199,399,0.11954351514577866
224,449,0.1269584596157074
249,499,0.13284827768802643
274,549,0.14765393733978271
299,599,0.10302344709634781
324,649,0.10951372236013412
349,699,0.12269358336925507
374,749,0.11718032509088516
