{
    "endIndex": 124774,
    "attack": "ProjectedGradientDescent",
    "timeElapsedSec": 5293.905573874,
    "kwargs": {
        "eps": 0.04
    },
    "metrics": {
        "accuracy": 0.07679244073284498,
        "precision": 0.016213672196729027,
        "recall": 0.03531427029943351,
        "f1": 0.02222382555035417,
        "attackSuccessRate": 0.9646857297005665,
        "falsePositiveRate": 0.9056759098786828,
        "TP": 13091,
        "TN": 82726,
        "FP": 794314,
        "FN": 357609
    },
    "files": {
        "checkpointFile": "../../../saved_models/ConstantPos-final.ckpt",
        "dataFile": "../../../data/ConstPos_0709.csv"
    }
}