{
    "endIndex": 124774,
    "attack": "ProjectedGradientDescent",
    "timeElapsedSec": 5268.648980185,
    "kwargs": {
        "eps": 0.05
    },
    "metrics": {
        "accuracy": 0.07185711766874509,
        "precision": 0.03039448054078104,
        "recall": 0.06873752360399245,
        "f1": 0.0421506927379754,
        "attackSuccessRate": 0.9312624763960076,
        "falsePositiveRate": 0.9268243181610873,
        "TP": 25481,
        "TN": 64178,
        "FP": 812862,
        "FN": 345219
    },
    "files": {
        "checkpointFile": "../../../saved_models/ConstantPos-final.ckpt",
        "dataFile": "../../../data/ConstPos_0709.csv"
    }
}