{
    "endIndex": 124774,
    "attack": "ProjectedGradientDescent",
    "timeElapsedSec": 3318.66980819,
    "kwargs": {
        "eps": 0.12
    },
    "metrics": {
        "accuracy": 0.09674611697949893,
        "precision": 0.023344778211372277,
        "recall": 0.049962233612085245,
        "f1": 0.031821165086575696,
        "attackSuccessRate": 0.9500377663879147,
        "falsePositiveRate": 0.8834796588525039,
        "TP": 18521,
        "TN": 102193,
        "FP": 774847,
        "FN": 352179
    },
    "files": {
        "checkpointFile": "../../../saved_models/ConstantPos-final.ckpt",
        "dataFile": "../../../data/ConstPos_0709.csv"
    }
}