epoch,step,trainLoss
49,49,0.21483944356441498
99,99,0.033489227294921875
149,149,0.03434010595083237
199,199,0.03347337618470192
