epoch,step,trainLoss
24,49,1.3158420324325562
49,99,0.16710636019706726
74,149,0.07454271614551544
99,199,0.0539107620716095
124,249,0.05839663743972778
149,299,0.048424284905195236
174,349,0.05442104488611221
199,399,0.04591229930520058
