epoch,step,trainLoss
24,49,2.320457696914673
49,99,0.24096694588661194
74,149,0.055676914751529694
99,199,0.04922742396593094
124,249,0.06353901326656342
149,299,0.0050903200171887875
174,349,0.004338628612458706
199,399,0.004811235703527927
224,449,0.00875386968255043
249,499,0.008543708361685276
274,549,0.016779987141489983
299,599,0.0013778827851638198
324,649,0.0017986471066251397
349,699,0.0030021686106920242
