epoch,step,trainLoss
24,49,2.320457696914673
49,99,0.24096694588661194
