epoch,step,trainLoss
16,49,0.05307711288332939
33,99,0.00868996512144804
49,149,0.00387195753864944
