epoch,step,trainLoss
49,49,0.23761427402496338
99,99,0.026508469134569168
149,149,0.02412298507988453
199,199,0.023731524124741554
