epoch,step,trainLoss
16,49,0.6931473016738892
33,99,0.6931473016738892
49,149,0.6931473016738892
66,199,0.11200201511383057
66,199,0.06570974737405777
66,199,0.23292526602745056
66,199,0.3937227427959442
66,199,0.08046581596136093
66,199,0.428833544254303
66,199,0.2524357736110687
66,199,0.04913175106048584
66,199,0.10384917259216309
66,199,0.6334117650985718
66,199,0.19274750351905823
66,199,0.1312892735004425
66,199,0.19527938961982727
66,199,0.07217268645763397
66,199,0.23190300166606903
66,199,0.028196299448609352
66,199,0.4947630763053894
66,199,0.14548972249031067
66,199,0.043487798422575
66,199,0.4284370541572571
66,199,0.3187749683856964
