epoch,step,trainLoss
16,49,0.17586378753185272
33,99,0.02166016958653927
49,149,0.005829918198287487
