epoch,step,trainLoss
24,49,2.506406784057617
49,99,0.8356639742851257
74,149,0.5655235648155212
99,199,0.13147200644016266
124,249,0.031785666942596436
149,299,0.00617593340575695
174,349,0.006874493323266506
199,399,0.0024566350039094687
224,449,0.003912491723895073
249,499,0.0011702865594998002
274,549,0.003221133491024375
299,599,0.0009760829852893949
324,649,0.002817711094394326
349,699,0.0008848371217027307
374,749,0.003005938371643424
399,799,0.0007996745407581329
