{
    "endIndex": 124774,
    "attack": "FastGradientMethod",
    "timeElapsedSec": 19.18614,
    "kwargs": {
        "eps": 0.11
    },
    "metrics": {
        "accuracy": 0.8699512718995944,
        "precision": 0.7343507914270873,
        "recall": 0.8809495548961425,
        "f1": 0.8009977888234406,
        "attackSuccessRate": 0.11905044510385757,
        "falsePositiveRate": 0.13469739122502963,
        "TP": 326568,
        "TN": 758905,
        "FP": 118135,
        "FN": 44132
    },
    "files": {
        "checkpointFile": "../../../saved_models/RandomSpeed-final.ckpt",
        "dataFile": "../../../data/RandomSpeed_0709.csv"
    }
}