{
    "endIndex": 124774,
    "attack": "FastGradientMethod",
    "timeElapsedSec": 19.21641,
    "kwargs": {
        "eps": 0.04
    },
    "metrics": {
        "accuracy": 0.9425994197509097,
        "precision": 0.9375839456427273,
        "recall": 0.8643350418127866,
        "f1": 0.899470691525871,
        "attackSuccessRate": 0.13566495818721339,
        "falsePositiveRate": 0.024320441484994983,
        "TP": 320409,
        "TN": 855710,
        "FP": 21330,
        "FN": 50291
    },
    "files": {
        "checkpointFile": "../../../saved_models/RandomSpeed-final.ckpt",
        "dataFile": "../../../data/RandomSpeed_0709.csv"
    }
}