{
    "endIndex": 124774,
    "attack": "FastGradientMethod",
    "timeElapsedSec": 18.976251,
    "kwargs": {
        "eps": 0.07
    },
    "metrics": {
        "accuracy": 0.9283416416881722,
        "precision": 0.8847844821689944,
        "recall": 0.872408956029134,
        "f1": 0.8785531400474046,
        "attackSuccessRate": 0.12759104397086593,
        "falsePositiveRate": 0.04801719419866825,
        "TP": 323402,
        "TN": 834927,
        "FP": 42113,
        "FN": 47298
    },
    "files": {
        "checkpointFile": "../../../saved_models/RandomSpeed-final.ckpt",
        "dataFile": "../../../data/RandomSpeed_0709.csv"
    }
}