epoch,step,trainLoss
24,49,0.09268562495708466
49,99,0.010560842230916023
