epoch,step,trainLoss
49,49,0.3606049120426178
99,99,0.007765592075884342
149,149,0.001212066039443016
199,199,0.0011124503798782825
249,249,0.0025162009987980127
299,299,0.0005854798364453018
349,349,0.0009301841491833329
