epoch,step,trainLoss
24,49,0.09268562495708466
49,99,0.010560842230916023
74,149,0.0008569866186007857
74,149,0.010130422189831734
74,149,0.005441608838737011
74,149,0.03731485456228256
74,149,0.024365708231925964
74,149,0.2433905303478241
