epoch,step,trainLoss
16,49,1.2264150381088257
33,99,0.7485264539718628
49,149,0.08561957627534866
