epoch,step,trainLoss
49,49,2.7967987060546875
99,99,1.1852960586547852
