epoch,step,trainLoss
24,49,0.28196197748184204
49,99,0.2616163492202759
74,149,0.044456515461206436
