epoch,step,trainLoss
24,49,0.28196197748184204
49,99,0.2616163492202759
74,149,0.044456515461206436
99,199,0.029450228437781334
99,199,0.033021338284015656
99,199,0.04240841045975685
99,199,0.03586859256029129
99,199,0.07556574791669846
