epoch,step,trainLoss
24,49,2.303844928741455
49,99,0.22660690546035767
74,149,0.017115449532866478
99,199,0.004856199957430363
124,249,0.002539914334192872
149,299,0.0010452002752572298
174,349,0.0009840779239311814
199,399,0.0012639648048207164
224,449,0.001939165173098445
249,499,0.0016845298232510686
274,549,0.0008417163044214249
299,599,0.00040480613824911416
324,649,0.0005745542584918439
349,699,0.0008096481906250119
