epoch,step,trainLoss
24,49,2.303844928741455
49,99,0.22660690546035767
