epoch,step,trainLoss
12,49,2.189279317855835
24,99,0.07680145651102066
37,149,0.3133743405342102
49,199,0.047163285315036774
