epoch,step,trainLoss
49,49,0.6931473016738892
99,99,0.00614415667951107
99,99,0.09047774970531464
99,99,0.02156956121325493
99,99,0.005784931126981974
99,99,0.002181360963732004
99,99,0.004279386252164841
99,99,0.008790123276412487
99,99,0.13432836532592773
99,99,0.01675160974264145
99,99,0.04076671600341797
99,99,0.010269246995449066
99,99,0.003202177118510008
99,99,0.0018903241725638509
99,99,0.004451890476047993
99,99,0.0014141828287392855
99,99,0.5154021978378296
99,99,0.009221279062330723
99,99,0.05696990713477135
99,99,0.01428796723484993
