epoch,step,trainLoss
16,49,0.7943490147590637
33,99,1.1487585306167603
49,149,0.04190362989902496
66,199,0.037854909896850586
83,249,0.03056463599205017
99,299,0.003573952941223979
116,349,0.024303056299686432
133,399,0.016349412500858307
149,449,0.002714382018893957
166,499,0.024280620738863945
183,549,0.02890738472342491
199,599,0.0021549430675804615
216,649,0.032136205583810806
233,699,0.019366515800356865
249,749,0.002517501125112176
266,799,0.022165341302752495
283,849,0.014971794560551643
299,899,0.0026560595724731684
316,949,0.02314077317714691
333,999,0.01604355126619339
349,1049,0.002373828087002039
366,1099,0.023700376972556114
383,1149,0.01476829219609499
399,1199,0.0022845135536044836
416,1249,0.021019674837589264
433,1299,0.015125468373298645
449,1349,0.0025024069473147392
466,1399,0.021698972210288048
483,1449,0.01742466539144516
499,1499,0.001275795279070735
516,1549,0.010361802764236927
533,1599,0.013833480887115002
549,1649,0.002463781973347068
566,1699,0.02091715671122074
583,1749,0.014508170075714588
599,1799,0.0026468748692423105
616,1849,0.02163594216108322
633,1899,0.018662143498659134
649,1949,0.002769517945125699
666,1999,0.023313742130994797
683,2049,0.014942948706448078
699,2099,0.0016342414310202003
716,2149,0.005190589930862188
733,2199,0.01400628499686718
749,2249,0.002600602339953184
766,2299,0.006976685486733913
783,2349,0.015133370645344257
799,2399,0.002707370324060321
816,2449,0.030700955539941788
833,2499,0.014574980363249779
849,2549,0.0022486515808850527
866,2599,0.02061944082379341
883,2649,0.014348956756293774
899,2699,0.0024140039458870888
