epoch,step,trainLoss
49,49,2.651237964630127
99,99,1.5024412870407104
149,149,0.4480619728565216
