epoch,step,trainLoss
16,49,1.6497857570648193
33,99,0.5205134749412537
49,149,0.09416566044092178
66,199,0.07123664021492004
83,249,0.011458843015134335
99,299,0.004623862914741039
116,349,0.056986987590789795
133,399,0.005020893644541502
149,449,0.0035098670050501823
166,499,0.05254117771983147
183,549,0.0040601687505841255
199,599,0.0029957217629998922
