epoch,step,trainLoss
24,49,0.8467830419540405
49,99,0.26230165362358093
