epoch,step,trainLoss
49,49,0.4469253718852997
99,99,0.004111854825168848
149,149,0.0004014047735836357
199,199,0.00037392618833109736
249,249,0.0005884593701921403
299,299,0.00016748346388339996
349,349,0.00025304107111878693
