epoch,step,trainLoss
49,49,2.5949482917785645
99,99,1.5713649988174438
149,149,0.10053328424692154
199,199,0.10527708381414413
249,249,0.10199078917503357
299,299,0.07662872225046158
349,349,0.08629940450191498
399,399,0.14476796984672546
449,449,0.06680210679769516
499,499,0.09110730141401291
549,549,0.12508830428123474
599,599,0.07424303144216537
649,649,0.11740954220294952
699,699,0.12830102443695068
749,749,0.10074108839035034
