epoch,step,trainLoss
49,49,2.5107669830322266
99,99,1.3825784921646118
149,149,0.12611541152000427
199,199,0.13739491999149323
249,249,0.13153742253780365
299,299,0.0872083380818367
349,349,0.09718416631221771
399,399,0.10829581320285797
449,449,0.08925887197256088
499,499,0.09238260984420776
549,549,0.1376127451658249
599,599,0.09705295413732529
649,649,0.09680815041065216
699,699,0.1413562148809433
749,749,0.09032995253801346
