epoch,step,trainLoss
24,49,2.4043095111846924
49,99,2.537959575653076
74,149,0.3162137269973755
99,199,0.6781617999076843
