{"Loss V PercEvil": [20, 0.02191052646256139], "F1 V PercEvil": [20, 0.9550608294952485], "Recall V PercEvil": [20, 0.9642442748091594], "Precision V PercEvil": [20, 0.9482534861585965], "Accuracy V PercEvil": [20, 0.9726331], "Max Per-Vehicle Time": 5.004291772842407, "Avg Per-Vehicle Time": 1.8310015908877055, "Total Time Per Epoch": 1.8310006832281749}