epoch,step,trainLoss
24,49,1.5768029689788818
49,99,2.405627489089966
74,149,0.284705251455307
99,199,0.44170457124710083
