epoch,step,trainLoss
24,49,0.960994303226471
49,99,0.12800313532352448
74,149,0.012839267030358315
99,199,0.0046735117211937904
124,249,0.003589712083339691
149,299,0.002087554195895791
174,349,0.0007418363238684833
199,399,0.0026428941637277603
224,449,0.002513185376301408
249,499,0.002570010256022215
274,549,0.03321922942996025
299,599,0.001407082425430417
324,649,0.0021408263128250837
349,699,0.002487991936504841
374,749,0.0029184138402342796
