epoch,step,trainLoss
24,49,2.0818495750427246
49,99,0.1890270859003067
74,149,0.052571505308151245
99,199,0.05124804377555847
124,249,0.03538813441991806
149,299,0.004685753956437111
174,349,0.032781779766082764
199,399,0.031708262860774994
224,449,0.025719929486513138
249,499,0.030935117974877357
274,549,0.0485321506857872
299,599,0.021154038608074188
324,649,0.026725465431809425
349,699,0.039007626473903656
374,749,0.039261702448129654
