epoch,step,trainLoss
7,49,1.2721725702285767
14,99,0.1197630986571312
21,149,0.08486287295818329
28,199,0.03912220522761345
35,249,0.13241508603096008
42,299,0.04558956250548363
49,349,0.06450825929641724
57,399,0.042484648525714874
