epoch,step,trainLoss
24,49,2.5950498580932617
49,99,0.8776206374168396
74,149,0.5640363097190857
99,199,0.11474086344242096
124,249,0.030475052073597908
149,299,0.020508287474513054
174,349,0.019678667187690735
199,399,0.019556518644094467
224,449,0.026505116373300552
249,499,0.017312051728367805
274,549,0.028460364788770676
299,599,0.02112036757171154
324,649,0.028392884880304337
349,699,0.020087065175175667
374,749,0.026584815233945847
399,799,0.019965199753642082
