epoch,step,trainLoss
24,49,1.0823094844818115
49,99,2.160757064819336
74,149,0.236958846449852
99,199,0.5071996450424194
