epoch,step,trainLoss
49,49,0.2585810422897339
99,99,0.026824796572327614
