epoch,step,trainLoss
24,49,0.6931473016738892
49,99,0.6931473016738892
74,149,0.13363757729530334
74,149,0.07403413951396942
74,149,0.22310049831867218
74,149,0.5578480958938599
74,149,0.21561123430728912
74,149,0.07487163692712784
74,149,0.2525143325328827
74,149,0.14387235045433044
74,149,0.5724856853485107
74,149,0.2587597370147705
74,149,0.24472394585609436
74,149,0.261798232793808
74,149,0.21159113943576813
74,149,0.029787177219986916
74,149,0.05801049619913101
74,149,0.016758739948272705
74,149,0.1386292278766632
74,149,0.5996343493461609
74,149,0.4189912676811218
74,149,0.05666373297572136
74,149,0.04143431410193443
74,149,0.20958919823169708
74,149,0.586639940738678
74,149,0.2378765195608139
74,149,0.19181205332279205
74,149,0.5556047558784485
74,149,0.3314934968948364
74,149,0.05922219529747963
74,149,0.09124742448329926
74,149,0.5180356502532959
74,149,0.3092601001262665
