epoch,step,trainLoss
24,49,0.16975486278533936
49,99,0.02205605059862137
