{
    "noWrapper": {
        "accuracy": 0.9387492586596566,
        "recall": 0.8302185055300783,
        "precision": 0.9580169899361555,
        "f1": 0.8895511085354558,
        "falseNegativeRate": 0.16978149446992177,
        "falsePositiveRate": 0.015377861899115206,
        "TP": 307762,
        "TN": 863553,
        "FP": 13487,
        "FN": 62938
    },
    "wrapper": {
        "accuracy": 0.9387492586596566,
        "precision": 0.9580169899361555,
        "recall": 0.8302185055300783,
        "f1": 0.8895511085354558,
        "falseNegativeRate": 0.16978149446992177,
        "falsePositiveRate": 0.015377861899115206,
        "TP": 307762,
        "TN": 863553,
        "FP": 13487,
        "FN": 62938
    },
    "files": {
        "checkpointFile": "../../../saved_models/RandomSpeed-final.ckpt",
        "dataFile": "../../../data/RandomSpeed_0709.csv"
    }
}