epoch,step,trainLoss
24,49,0.9415478110313416
49,99,0.14291653037071228
