epoch,step,trainLoss
24,49,2.0328621864318848
49,99,0.18679814040660858
74,149,0.055881425738334656
99,199,0.051060859113931656
124,249,0.06902752816677094
149,299,0.030260272324085236
174,349,0.0362599678337574
199,399,0.03865649178624153
224,449,0.04352482408285141
249,499,0.048927467316389084
274,549,0.07393024861812592
299,599,0.02730800211429596
324,649,0.029323073104023933
349,699,0.040729932487010956
374,749,0.04523003101348877
