epoch,step,trainLoss
24,49,0.3333436846733093
49,99,0.23110955953598022
