epoch,step,trainLoss
9,49,1.7332121133804321
19,99,0.1544068306684494
29,149,0.07125883549451828
39,199,0.14854824542999268
49,249,0.06691122055053711
59,299,0.05634922534227371
