epoch,step,trainLoss
24,49,2.586594820022583
49,99,0.2577897906303406
74,149,0.11630745232105255
99,199,0.09798430651426315
124,249,0.08235491812229156
149,299,0.05396299064159393
174,349,0.11166808009147644
199,399,0.08664796501398087
224,449,0.11435666680335999
249,499,0.069582000374794
274,549,0.12428732216358185
299,599,0.06505446135997772
324,649,0.060692884027957916
349,699,0.09585559368133545
374,749,0.09689336270093918
