epoch,step,trainLoss
24,49,0.9609944224357605
49,99,0.1280031055212021
