epoch,step,trainLoss
49,49,2.614849328994751
99,99,0.7741920351982117
