epoch,step,trainLoss
49,49,0.440501868724823
99,99,0.014048303477466106
149,149,0.0016032378189265728
199,199,0.0015149954706430435
249,249,0.0012306971475481987
299,299,0.0008021161775104702
349,349,0.0007708468474447727
