epoch,step,trainLoss
16,49,0.7943490147590637
33,99,1.1487585306167603
49,149,0.04190362989902496
