epoch,step,trainLoss
49,49,0.3502131402492523
99,99,0.3957546353340149
149,149,0.4162285625934601
199,199,0.37278634309768677
249,249,0.2878302037715912
