epoch,step,trainLoss
24,49,2.130068778991699
49,99,2.127218723297119
74,149,2.1455495357513428
99,199,2.31069016456604
124,249,0.6685118079185486
149,299,0.09291218966245651
174,349,0.12505225837230682
199,399,0.18143141269683838
224,449,0.2735391855239868
