epoch,step,trainLoss
24,49,0.5053159594535828
49,99,0.935867190361023
74,149,0.27374663949012756
99,199,0.5784145593643188
