epoch,step,trainLoss
24,49,2.0416862964630127
49,99,0.1664412021636963
