epoch,step,trainLoss
49,49,2.6989939212799072
99,99,0.6639898419380188
149,149,0.016000768169760704
199,199,0.014696483500301838
249,249,0.02241906151175499
299,299,0.007358298171311617
349,349,0.012056921608746052
399,399,0.019132673740386963
449,449,0.005294703412801027
499,499,0.008871662430465221
549,549,0.015861760824918747
599,599,0.0037101544439792633
649,649,0.007259848993271589
699,699,0.012546123005449772
