epoch,step,trainLoss
49,49,2.6989939212799072
99,99,0.6639898419380188
