epoch,step,trainLoss
24,49,2.6981964111328125
49,99,0.24451859295368195
74,149,0.10469353944063187
99,199,0.11113929003477097
124,249,0.09196093678474426
149,299,0.05270439386367798
174,349,0.06482905149459839
199,399,0.06280429661273956
224,449,0.06700998544692993
249,499,0.07339975237846375
274,549,0.07628774642944336
299,599,0.04715527221560478
324,649,0.050813086330890656
349,699,0.05854233354330063
374,749,0.051395803689956665
