epoch,step,trainLoss
16,49,2.2932395935058594
33,99,2.8234827518463135
49,149,1.7688918113708496
66,199,2.530776262283325
83,249,0.8125306963920593
99,299,0.27857229113578796
116,349,0.06411916762590408
133,399,0.2412818968296051
149,449,0.0491439588367939
166,499,0.15246805548667908
