epoch,step,trainLoss
49,49,0.21772761642932892
99,99,0.0058847772888839245
149,149,0.0020379808265715837
199,199,0.0011439727386459708
