{
    "endIndex": 124774,
    "attack": "FastGradientMethod",
    "timeElapsedSec": 15.873647,
    "kwargs": {
        "eps": 0.1
    },
    "metrics": {
        "accuracy": 0.9859562088255566,
        "precision": 0.9884977025834525,
        "recall": 0.963946587537092,
        "f1": 0.9760677854063069,
        "attackSuccessRate": 0.03605341246290801,
        "falsePositiveRate": 0.004740946821125604,
        "TP": 357335,
        "TN": 872882,
        "FP": 4158,
        "FN": 13365
    },
    "files": {
        "checkpointFile": "../../saved_models/decen/init-test-randpos/*",
        "dataFile": "../../data/RandomPos_0709.csv"
    }
}