{
    "endIndex": 124774,
    "attack": "FastGradientMethod",
    "timeElapsedSec": 16.153054,
    "kwargs": {
        "eps": 0.1
    },
    "metrics": {
        "accuracy": 0.8048135028130861,
        "precision": 0.6620292972333789,
        "recall": 0.700768815753979,
        "f1": 0.6808484429138295,
        "attackSuccessRate": 0.299231184246021,
        "falsePositiveRate": 0.15120975098057102,
        "TP": 259775,
        "TN": 744423,
        "FP": 132617,
        "FN": 110925
    },
    "files": {
        "checkpointFile": "../../saved_models/decen/init-test-randpos/*",
        "dataFile": "../../data/RandomPos_0709.csv"
    }
}