{
    "noWrapper": {
        "accuracy": 0.972798018818023,
        "recall": 0.9088535203668735,
        "precision": 0.9995460816163054,
        "f1": 0.9520448171356312,
        "falseNegativeRate": 0.09114647963312651,
        "falsePositiveRate": 0.00017445042415397245,
        "TP": 336912,
        "TN": 876887,
        "FP": 153,
        "FN": 33788
    },
    "wrapper": {
        "accuracy": 0.972798018818023,
        "precision": 0.9995460816163054,
        "recall": 0.9088535203668735,
        "f1": 0.9520448171356312,
        "falseNegativeRate": 0.09114647963312651,
        "falsePositiveRate": 0.00017445042415397245,
        "TP": 336912,
        "TN": 876887,
        "FP": 153,
        "FN": 33788
    },
    "files": {
        "checkpointFile": "../../saved_models/decen/init-test-randpos/vehicle_119_model.ckpt",
        "dataFile": "../../data/RandomPos_0709.csv"
    }
}