{
    "noWrapper": {
        "accuracy": 0.9958140317694392,
        "recall": 0.987089290531427,
        "precision": 0.99880715488698,
        "f1": 0.9929136518368472,
        "falseNegativeRate": 0.01291070946857297,
        "falsePositiveRate": 0.0004982668977469671,
        "TP": 365914,
        "TN": 876603,
        "FP": 437,
        "FN": 4786
    },
    "wrapper": {
        "accuracy": 0.9958140317694392,
        "precision": 0.99880715488698,
        "recall": 0.987089290531427,
        "f1": 0.9929136518368472,
        "falseNegativeRate": 0.01291070946857297,
        "falsePositiveRate": 0.0004982668977469671,
        "TP": 365914,
        "TN": 876603,
        "FP": 437,
        "FN": 4786
    },
    "files": {
        "checkpointFile": "../../saved_models/decen/init-test-randpos/vehicle_119_model.ckpt",
        "dataFile": "../../data/RandomPos_0709.csv"
    }
}