epoch,step,trainLoss
49,49,0.5442620515823364
99,99,0.05622473731637001
149,149,0.048730552196502686
199,199,0.04897628352046013
249,249,0.05001881346106529
299,299,0.03503597155213356
349,349,0.0388961061835289
