{
    "endIndex": 5000,
    "kwargs": {
        "gamma": 0.3
    },
    "accuracy": 0.9272,
    "precision": 0.9318252426289926,
    "recall": 0.9272,
    "f1": 0.9254436437662402
}