{
    "endIndex": 5000,
    "kwargs": {
        "gamma": 0.7
    },
    "accuracy": 0.285,
    "precision": 0.10972407846518648,
    "recall": 0.285,
    "f1": 0.1584466926070039
}