{
    "endIndex": 5000,
    "kwargs": {
        "gamma": 0.4
    },
    "accuracy": 0.2884,
    "precision": 0.11062766323024055,
    "recall": 0.2884,
    "f1": 0.15991381558522197
}