{
    "endIndex": 5000,
    "kwargs": {
        "gamma": 0.1
    },
    "accuracy": 0.9822,
    "precision": 0.9826796245837118,
    "recall": 0.9822,
    "f1": 0.9820941247632959
}