{
    "endIndex": 5000,
    "kwargs": {
        "gamma": 0.2
    },
    "accuracy": 0.9624,
    "precision": 0.9644778365667255,
    "recall": 0.9624,
    "f1": 0.9618897756281068
}