{
    "endIndex": 5000,
    "kwargs": {
        "gamma": 0.5
    },
    "accuracy": 0.2856,
    "precision": 0.10988401551055581,
    "recall": 0.2856,
    "f1": 0.15870616054760422
}