epoch,step,trainLoss
16,49,2.4899446964263916
33,99,1.3541858196258545
49,149,0.11918564140796661
