epoch,step,trainLoss
49,49,2.9957330226898193
99,99,1.1121265888214111
149,149,0.007834624499082565
199,199,0.0010130375158041716
249,249,0.0006813522195443511
299,299,0.00023401930229738355
349,349,0.00027662329375743866
399,399,0.0005402924725785851
449,449,0.0001322721946053207
499,499,0.00018172893032897264
549,549,0.0003555987495929003
599,599,0.00010396888683317229
649,649,0.0001545417180750519
699,699,0.00028550662682391703
749,749,7.185716822277755e-05
