epoch,step,trainLoss
16,49,2.063861846923828
33,99,0.7195749878883362
49,149,0.08195549249649048
