epoch,step,trainLoss
24,49,2.5110347270965576
49,99,0.3303621709346771
