epoch,step,trainLoss
24,49,2.045599937438965
49,99,0.1720113754272461
74,149,0.013440045528113842
99,199,0.0024598916061222553
124,249,0.0022436047438532114
149,299,0.00018811473273672163
174,349,0.00014759489567950368
199,399,0.0001435090380255133
224,449,0.0002022159897023812
249,499,0.00017256227147299796
274,549,0.00032200946589000523
299,599,5.107187098474242e-05
324,649,6.061361273168586e-05
349,699,8.476369112031534e-05
374,749,0.00010699916310841218
