epoch,step,trainLoss
16,49,2.9662086963653564
33,99,0.6579992771148682
49,149,0.078410305082798
