epoch,step,trainLoss
24,49,1.9187602996826172
49,99,2.063918113708496
74,149,0.31996849179267883
99,199,0.6586469411849976
