epoch,step,trainLoss
49,49,0.02593790367245674
99,99,0.00022314822126645595
99,99,0.0008989289635792375
