epoch,step,trainLoss
12,49,1.1507395505905151
24,99,0.1511498987674713
37,149,2.524195432662964
49,199,0.3226357698440552
62,249,2.902993679046631
74,299,0.7289125919342041
87,349,0.10905532538890839
99,399,0.20980426669120789
112,449,0.04246560484170914
124,499,0.4426829516887665
137,549,0.07392377406358719
149,599,0.021460283547639847
162,649,0.1475270688533783
174,699,0.031377218663692474
