epoch,step,trainLoss
12,49,0.25802361965179443
24,99,0.030316049233078957
37,149,0.021904904395341873
49,199,0.006510116625577211
62,249,0.004557658452540636
62,249,0.018941516056656837
62,249,0.024245625361800194
62,249,0.017186488956212997
62,249,0.01928730495274067
62,249,0.018300916999578476
62,249,0.017013058066368103
62,249,0.01893068477511406
62,249,0.024031441658735275
62,249,0.02927837334573269
62,249,0.028656676411628723
62,249,0.020164411514997482
62,249,0.02244427241384983
62,249,0.02213302068412304
62,249,0.016673479229211807
62,249,0.014247462153434753
62,249,0.00696907052770257
62,249,0.009016480296850204
62,249,0.021549541503190994
62,249,0.026452621445059776
62,249,0.011711256578564644
62,249,0.026517117395997047
