epoch,step,trainLoss
24,49,2.6943094730377197
49,99,0.21896445751190186
74,149,0.04982399567961693
99,199,0.03885697200894356
124,249,0.05986842140555382
149,299,0.026212112978100777
174,349,0.031251344829797745
199,399,0.032350823283195496
224,449,0.03742088004946709
249,499,0.058836065232753754
274,549,0.07377530634403229
299,599,0.008241306059062481
324,649,0.015818096697330475
349,699,0.022114912047982216
374,749,0.029340198263525963
