{
    "endIndex": 5000,
    "kwargs": {
        "gamma": 0.2
    },
    "accuracy": 0.991,
    "precision": 0.9910096551357139,
    "recall": 0.991,
    "f1": 0.9909891978111944
}