{
    "endIndex": 5000,
    "kwargs": {
        "gamma": 0.9
    },
    "accuracy": 0.3572,
    "precision": 0.12759184,
    "recall": 0.3572,
    "f1": 0.1880221632773357
}