{
    "endIndex": 5000,
    "kwargs": {
        "gamma": 0.3
    },
    "accuracy": 0.9832,
    "precision": 0.983286250471311,
    "recall": 0.9832,
    "f1": 0.9832225710766774
}