{
    "endIndex": 5000,
    "kwargs": {
        "gamma": 0.1
    },
    "accuracy": 0.9924,
    "precision": 0.992441074660721,
    "recall": 0.9924,
    "f1": 0.9923864582196973
}