{
    "endIndex": 5000,
    "kwargs": {
        "gamma": 0.4
    },
    "accuracy": 0.5254,
    "precision": 0.7938792903438745,
    "recall": 0.5254,
    "f1": 0.4816633747706459
}