epoch,step,trainLoss
49,49,2.44974946975708
99,99,0.7291138172149658
149,149,0.013364605605602264
199,199,0.0022243685089051723
249,249,0.001190696726553142
299,299,0.0005017708754166961
349,349,0.0005433138576336205
399,399,0.000599713355768472
449,449,0.0002714482834562659
499,499,0.0003350645420141518
549,549,0.0005076569505035877
599,599,0.00022967906261328608
649,649,0.0002768680569715798
699,699,0.00042660257895477116
