epoch,step,trainLoss
49,49,2.44974946975708
99,99,0.7291138172149658
