{
    "endIndex": 124774,
    "attack": "ProjectedGradientDescent",
    "timeElapsedSec": 766.220296299,
    "kwargs": {
        "eps": 0.19,
        "max_iter": 5
    },
    "metrics": {
        "accuracy": 0.9763412249346819,
        "precision": 0.9402686157308474,
        "recall": 0.9828001079039654,
        "f1": 0.9610640385772019,
        "attackSuccessRate": 0.01719989209603453,
        "falsePositiveRate": 0.026388762200127702,
        "TP": 364324,
        "TN": 853896,
        "FP": 23144,
        "FN": 6376
    },
    "files": {
        "checkpointFile": "../../../saved_models/RandomPos-final.ckpt",
        "dataFile": "../../../data/RandomPos_0709.csv"
    }
}