{
    "endIndex": 124774,
    "attack": "ProjectedGradientDescent",
    "timeElapsedSec": 822.213121246,
    "kwargs": {
        "eps": 0.11,
        "max_iter": 5
    },
    "metrics": {
        "accuracy": 0.9688412650071329,
        "precision": 0.9155795685673349,
        "recall": 0.9860399244672242,
        "f1": 0.949504369239721,
        "attackSuccessRate": 0.01396007553277583,
        "falsePositiveRate": 0.03842812186445316,
        "TP": 365525,
        "TN": 843337,
        "FP": 33703,
        "FN": 5175
    },
    "files": {
        "checkpointFile": "../../../saved_models/RandomPos-final.ckpt",
        "dataFile": "../../../data/RandomPos_0709.csv"
    }
}