{
    "endIndex": 124774,
    "attack": "ProjectedGradientDescent",
    "timeElapsedSec": 821.130058872,
    "kwargs": {
        "eps": 0.04,
        "max_iter": 5
    },
    "metrics": {
        "accuracy": 0.99348181512174,
        "precision": 0.9990255316220494,
        "recall": 0.9790153763150796,
        "f1": 0.9889192411185668,
        "attackSuccessRate": 0.02098462368492042,
        "falsePositiveRate": 0.0004036303931405637,
        "TP": 362921,
        "TN": 876686,
        "FP": 354,
        "FN": 7779
    },
    "files": {
        "checkpointFile": "../../../saved_models/RandomPos-final.ckpt",
        "dataFile": "../../../data/RandomPos_0709.csv"
    }
}