{
    "endIndex": 124774,
    "attack": "ProjectedGradientDescent",
    "timeElapsedSec": 961.114743985,
    "kwargs": {
        "eps": 0.01,
        "max_iter": 5
    },
    "metrics": {
        "accuracy": 0.9893102729735361,
        "precision": 0.9994660986627308,
        "recall": 0.9645346641489074,
        "f1": 0.9816897386758625,
        "attackSuccessRate": 0.03546533585109253,
        "falsePositiveRate": 0.0002177779804797957,
        "TP": 357553,
        "TN": 876849,
        "FP": 191,
        "FN": 13147
    },
    "files": {
        "checkpointFile": "../../../saved_models/RandomPos-final.ckpt",
        "dataFile": "../../../data/RandomPos_0709.csv"
    }
}