{
    "endIndex": 124774,
    "attack": "ProjectedGradientDescent",
    "timeElapsedSec": 697.322404064,
    "kwargs": {
        "eps": 0.2,
        "max_iter": 5
    },
    "metrics": {
        "accuracy": 0.9762570727876,
        "precision": 0.9404343458082711,
        "recall": 0.9823010520636634,
        "f1": 0.9609118845023704,
        "attackSuccessRate": 0.01769894793633666,
        "falsePositiveRate": 0.02629754629207334,
        "TP": 364139,
        "TN": 853976,
        "FP": 23064,
        "FN": 6561
    },
    "files": {
        "checkpointFile": "../../../saved_models/RandomPos-final.ckpt",
        "dataFile": "../../../data/RandomPos_0709.csv"
    }
}