{
    "endIndex": 124774,
    "attack": "ProjectedGradientDescent",
    "timeElapsedSec": 747.400215596,
    "kwargs": {
        "eps": 0.02,
        "max_iter": 5
    },
    "metrics": {
        "accuracy": 0.9912778303172135,
        "precision": 0.9995973419011571,
        "recall": 0.9710331804693823,
        "f1": 0.9851082433528962,
        "attackSuccessRate": 0.02896681953061775,
        "falsePositiveRate": 0.000165328833348536,
        "TP": 359962,
        "TN": 876895,
        "FP": 145,
        "FN": 10738
    },
    "files": {
        "checkpointFile": "../../../saved_models/RandomPos-final.ckpt",
        "dataFile": "../../../data/RandomPos_0709.csv"
    }
}