{
    "endIndex": 124774,
    "attack": "ProjectedGradientDescent",
    "timeElapsedSec": 661.90562268,
    "kwargs": {
        "eps": 0.3,
        "max_iter": 5
    },
    "metrics": {
        "accuracy": 0.9757016686168593,
        "precision": 0.9416117866243195,
        "recall": 0.9789155651470192,
        "f1": 0.9599013868792704,
        "attackSuccessRate": 0.02108443485298085,
        "falsePositiveRate": 0.025656754537991426,
        "TP": 362884,
        "TN": 854538,
        "FP": 22502,
        "FN": 7816
    },
    "files": {
        "checkpointFile": "../../../saved_models/RandomPos-final.ckpt",
        "dataFile": "../../../data/RandomPos_0709.csv"
    }
}