{
    "endIndex": 124774,
    "attack": "ProjectedGradientDescent",
    "timeElapsedSec": 665.904150973,
    "kwargs": {
        "eps": 0.17,
        "max_iter": 5
    },
    "metrics": {
        "accuracy": 0.976452626348438,
        "precision": 0.9396774933208295,
        "recall": 0.9839034259509037,
        "f1": 0.9612820502683678,
        "attackSuccessRate": 0.016096574049096306,
        "falsePositiveRate": 0.026696615889811183,
        "TP": 364733,
        "TN": 853626,
        "FP": 23414,
        "FN": 5967
    },
    "files": {
        "checkpointFile": "../../../saved_models/RandomPos-final.ckpt",
        "dataFile": "../../../data/RandomPos_0709.csv"
    }
}