{
    "endIndex": 124774,
    "attack": "ProjectedGradientDescent",
    "timeElapsedSec": 830.5746464,
    "kwargs": {
        "eps": 0.08,
        "max_iter": 5
    },
    "metrics": {
        "accuracy": 0.9900676422972735,
        "precision": 0.9811647100847897,
        "recall": 0.9854869166441866,
        "f1": 0.9833210638020113,
        "attackSuccessRate": 0.014513083355813326,
        "falsePositiveRate": 0.007996214539815744,
        "TP": 365320,
        "TN": 870027,
        "FP": 7013,
        "FN": 5380
    },
    "files": {
        "checkpointFile": "../../../saved_models/RandomPos-final.ckpt",
        "dataFile": "../../../data/RandomPos_0709.csv"
    }
}