epoch,step,trainLoss
16,49,1.2906453609466553
33,99,0.6514317989349365
49,149,0.10011086612939835
