{
    "eps": 0.22,
    "accuracy": 0.5916360780290766,
    "precision": 0.7793244385777208,
    "recall": 0.5916360780290766,
    "f1": 0.5980187441648412
}