{
    "eps": 0.24,
    "accuracy": 0.5830814111914341,
    "precision": 0.7705021364827043,
    "recall": 0.5830814111914341,
    "f1": 0.5893110888335091
}