{
    "eps": 0.04,
    "accuracy": 0.9518753907063972,
    "precision": 0.9566067246271227,
    "recall": 0.9518753907063972,
    "f1": 0.9526658351218236
}