{
    "eps": 0.05,
    "accuracy": 0.9091477391123151,
    "precision": 0.9272440148546851,
    "recall": 0.9091477391123151,
    "f1": 0.9118417306404261
}