{
    "eps": 0.23,
    "accuracy": 0.5873395098337795,
    "precision": 0.774865807584778,
    "recall": 0.5873395098337795,
    "f1": 0.5936526039258737
}