{
    "eps": 0.25,
    "accuracy": 0.579222434160963,
    "precision": 0.7663931094520281,
    "recall": 0.579222434160963,
    "f1": 0.5853937861761515
}