{
    "eps": 0.1,
    "accuracy": 0.6835478545209739,
    "precision": 0.8354014166073691,
    "recall": 0.6835478545209739,
    "f1": 0.6934671736097354
}