{
    "eps": 0.15,
    "accuracy": 0.629976597688621,
    "precision": 0.8112262962659038,
    "recall": 0.629976597688621,
    "f1": 0.6376295058097455
}