{
    "eps": 0.29,
    "accuracy": 0.5642938432686296,
    "precision": 0.7511517833223862,
    "recall": 0.5642938432686296,
    "f1": 0.5700845244720962
}