{
    "eps": 0.17,
    "accuracy": 0.6159488354945742,
    "precision": 0.8020462776690727,
    "recall": 0.6159488354945742,
    "f1": 0.622924250631373
}