{
    "eps": 0.11,
    "accuracy": 0.6683083014089474,
    "precision": 0.8296355642233826,
    "recall": 0.6683083014089474,
    "f1": 0.6777260237810239
}