{
    "eps": 0.12,
    "accuracy": 0.6575352236844214,
    "precision": 0.8249665734519095,
    "recall": 0.6575352236844214,
    "f1": 0.6665321151337226
}