{
    "eps": 0.09,
    "accuracy": 0.707653838139356,
    "precision": 0.8433290056799224,
    "recall": 0.707653838139356,
    "f1": 0.7180621938538526
}