{
    "eps": 0.28,
    "accuracy": 0.5671093336752849,
    "precision": 0.7545418896370567,
    "recall": 0.5671093336752849,
    "f1": 0.5728962057264267
}