{
    "eps": 0.06,
    "accuracy": 0.8481486527641977,
    "precision": 0.8949219810633843,
    "recall": 0.8481486527641977,
    "f1": 0.8542788288469717
}