{
    "eps": 0.02,
    "accuracy": 0.9920400083350698,
    "precision": 0.9920342308462028,
    "recall": 0.9920400083350698,
    "f1": 0.99203165981669
}