{
    "eps": 0.21,
    "accuracy": 0.5960809142930418,
    "precision": 0.7837755243434495,
    "recall": 0.5960809142930418,
    "f1": 0.6025512288488613
}