{
    "eps": 0.03,
    "accuracy": 0.9773799028643788,
    "precision": 0.9780251118846397,
    "recall": 0.9773799028643788,
    "f1": 0.9775150975427012
}