{
    "eps": 0.18,
    "accuracy": 0.6105045923028836,
    "precision": 0.7974856667464669,
    "recall": 0.6105045923028836,
    "f1": 0.6173027778235454
}