{
    "eps": 0.07,
    "accuracy": 0.7858255726353247,
    "precision": 0.8694949566958646,
    "recall": 0.7858255726353247,
    "f1": 0.7950126466873871
}