{
    "eps": 0.01,
    "accuracy": 0.9935819962492186,
    "precision": 0.993600170229911,
    "recall": 0.9935819962492186,
    "f1": 0.9935681359006094
}