{
    "eps": 0.14,
    "accuracy": 0.6373875967749691,
    "precision": 0.8155169203314537,
    "recall": 0.6373875967749691,
    "f1": 0.6454015143147408
}