{
    "eps": 0.3,
    "accuracy": 0.5615392629874814,
    "precision": 0.7479128944996125,
    "recall": 0.5615392629874814,
    "f1": 0.5673197158115764
}