{
    "eps": 0.2,
    "accuracy": 0.6009000272492667,
    "precision": 0.7883311843681647,
    "recall": 0.6009000272492667,
    "f1": 0.6074931611936523
}