{
    "eps": 0.08,
    "accuracy": 0.7380872617692789,
    "precision": 0.853191348178942,
    "recall": 0.7380872617692789,
    "f1": 0.7484867862383628
}