{
    "eps": 0.27,
    "accuracy": 0.5706557455880231,
    "precision": 0.75816983026405,
    "recall": 0.5706557455880231,
    "f1": 0.5765378462611774
}