{
    "eps": 0.26,
    "accuracy": 0.5751855354480901,
    "precision": 0.7622870220500496,
    "recall": 0.5751855354480901,
    "f1": 0.5812609648261519
}