{
    "eps": 0.13,
    "accuracy": 0.6465297257441455,
    "precision": 0.8200849401396786,
    "recall": 0.6465297257441455,
    "f1": 0.6550047632890766
}