{
    "eps": 0.16,
    "accuracy": 0.6229599115200282,
    "precision": 0.8068520039415219,
    "recall": 0.6229599115200282,
    "f1": 0.6302666715175518
}