{
    "eps": 0.19,
    "accuracy": 0.60572635324667,
    "precision": 0.7928936116970824,
    "recall": 0.60572635324667,
    "f1": 0.6124322108130009
}