epoch,step,trainLoss
49,49,0.3751943111419678
99,99,0.0323106050491333
149,149,0.012025224976241589
199,199,0.020547321066260338
249,249,0.03132578730583191
299,299,0.012983119115233421
349,349,0.0211752038449049
