epoch,step,trainLoss
12,49,2.700544834136963
24,99,0.20060589909553528
37,149,0.34478479623794556
49,199,0.0794905424118042
