{
    "eps": 0.1,
    "accuracy": 0.7025660703151231,
    "precision": 0.4935990831580344,
    "recall": 0.7025660703151231,
    "f1": 0.5798295781457403
}