epoch,step,trainLoss
24,49,0.08765905350446701
49,99,0.010727993212640285
74,149,0.0013992239255458117
74,149,0.08632343262434006
74,149,0.002427693223580718
