epoch,step,trainLoss
24,49,0.08765905350446701
49,99,0.010727993212640285
