{
    "endIndex": 124774,
    "attack": "ProjectedGradientDescent",
    "timeElapsedSec": 80.422002,
    "kwargs": {
        "eps": 0.24,
        "max_iter": 5
    },
    "metrics": {
        "accuracy": 0.14531312613204675,
        "precision": 0.00989885584104348,
        "recall": 0.01895333153493391,
        "f1": 0.013005343000650637,
        "attackSuccessRate": 0.981046668465066,
        "falsePositiveRate": 0.8012781629116118,
        "TP": 7026,
        "TN": 174287,
        "FP": 702753,
        "FN": 363674
    },
    "files": {
        "checkpointFile": "../../../saved_models/ConstantPos-final.ckpt",
        "dataFile": "../../../data/ConstPos_0709.csv"
    }
}