{
    "endIndex": 124774,
    "attack": "ProjectedGradientDescent",
    "timeElapsedSec": 80.485102,
    "kwargs": {
        "eps": 0.29,
        "max_iter": 5
    },
    "metrics": {
        "accuracy": 0.15711286005097216,
        "precision": 0.009040522302838753,
        "recall": 0.01691394658753709,
        "f1": 0.011783012166382896,
        "attackSuccessRate": 0.9830860534124629,
        "falsePositiveRate": 0.7836290249019429,
        "TP": 6270,
        "TN": 189766,
        "FP": 687274,
        "FN": 364430
    },
    "files": {
        "checkpointFile": "../../../saved_models/ConstantPos-final.ckpt",
        "dataFile": "../../../data/ConstPos_0709.csv"
    }
}