{
    "endIndex": 124774,
    "attack": "ProjectedGradientDescent",
    "timeElapsedSec": 116.99128,
    "kwargs": {
        "eps": 0.08,
        "max_iter": 5
    },
    "metrics": {
        "accuracy": 0.09543654928110024,
        "precision": 0.06648265038355156,
        "recall": 0.15678176422983545,
        "f1": 0.0933715051353605,
        "attackSuccessRate": 0.8432182357701645,
        "falsePositiveRate": 0.9304923378637234,
        "TP": 58119,
        "TN": 60961,
        "FP": 816079,
        "FN": 312581
    },
    "files": {
        "checkpointFile": "../../../saved_models/ConstantPos-final.ckpt",
        "dataFile": "../../../data/ConstPos_0709.csv"
    }
}