{
    "endIndex": 124774,
    "attack": "ProjectedGradientDescent",
    "timeElapsedSec": 118.114723,
    "kwargs": {
        "eps": 0.19,
        "max_iter": 5
    },
    "metrics": {
        "accuracy": 0.13579591902159105,
        "precision": 0.014107060946568408,
        "recall": 0.027709738332883732,
        "f1": 0.01869597741630765,
        "attackSuccessRate": 0.9722902616671163,
        "falsePositiveRate": 0.8185191097327373,
        "TP": 10272,
        "TN": 159166,
        "FP": 717874,
        "FN": 360428
    },
    "files": {
        "checkpointFile": "../../../saved_models/ConstantPos-final.ckpt",
        "dataFile": "../../../data/ConstPos_0709.csv"
    }
}