epoch,step,trainLoss
24,49,2.5118601322174072
49,99,2.515841245651245
74,149,0.3659425675868988
99,199,0.6886442303657532
