{
    "endIndex": 124774,
    "attack": "FastGradientMethod",
    "timeElapsedSec": 21.190021,
    "kwargs": {
        "eps": 0.06
    },
    "metrics": {
        "accuracy": 0.7838043182073189,
        "precision": 0.5837920936070179,
        "recall": 0.9485999460480172,
        "f1": 0.7227721551249271,
        "attackSuccessRate": 0.05140005395198274,
        "falsePositiveRate": 0.28585013226306666,
        "TP": 351646,
        "TN": 626338,
        "FP": 250702,
        "FN": 19054
    },
    "files": {
        "checkpointFile": "../../../saved_models/ConstantPos-final.ckpt",
        "dataFile": "../../../data/ConstPos_0709.csv"
    }
}