{
    "endIndex": 124774,
    "attack": "FastGradientMethod",
    "timeElapsedSec": 20.218662,
    "kwargs": {
        "eps": 0.27
    },
    "metrics": {
        "accuracy": 0.7377811082437046,
        "precision": 0.5333834505718735,
        "recall": 0.9378527110871324,
        "f1": 0.68002014660075,
        "attackSuccessRate": 0.06214728891286755,
        "falsePositiveRate": 0.346783499042233,
        "TP": 347662,
        "TN": 572897,
        "FP": 304143,
        "FN": 23038
    },
    "files": {
        "checkpointFile": "../../../saved_models/ConstantPos-final.ckpt",
        "dataFile": "../../../data/ConstPos_0709.csv"
    }
}