{
    "endIndex": 124774,
    "attack": "FastGradientMethod",
    "timeElapsedSec": 20.135163,
    "kwargs": {
        "eps": 0.28
    },
    "metrics": {
        "accuracy": 0.737378780835751,
        "precision": 0.5329758022601728,
        "recall": 0.9377771783113029,
        "f1": 0.6796689186481073,
        "attackSuccessRate": 0.06222282168869706,
        "falsePositiveRate": 0.3473239532974551,
        "TP": 347634,
        "TN": 572423,
        "FP": 304617,
        "FN": 23066
    },
    "files": {
        "checkpointFile": "../../../saved_models/ConstantPos-final.ckpt",
        "dataFile": "../../../data/ConstPos_0709.csv"
    }
}