epoch,step,trainLoss
24,49,1.6754382848739624
49,99,0.10400649160146713
74,149,0.00848210696130991
99,199,0.0016903223004192114
124,249,0.001111237914301455
149,299,0.00015462188457604498
174,349,0.00022421609901357442
199,399,0.0002523526200093329
224,449,0.0002706606173887849
249,499,0.00038184470031410456
274,549,0.007902050390839577
299,599,0.0036297787446528673
324,649,0.0002570023643784225
349,699,0.0004213783540762961
374,749,0.004166617523878813
