epoch,step,trainLoss
16,49,1.3542287349700928
33,99,2.8660085201263428
49,149,0.7523615956306458
66,199,2.853346347808838
83,249,0.5397058725357056
99,299,0.2595815360546112
116,349,0.05328906327486038
133,399,0.25456681847572327
149,449,0.04714922606945038
166,499,0.12949755787849426
183,549,0.08858656883239746
199,599,0.012920291163027287
216,649,0.026603464037179947
233,699,0.019206589087843895
249,749,0.0244427602738142
266,799,0.00652554165571928
283,849,0.018453974276781082
299,899,0.004099968820810318
316,949,0.0038572486955672503
333,999,0.0403599850833416
349,1049,0.005748087074607611
366,1099,0.0033135227859020233
383,1149,0.007812886498868465
399,1199,0.007032005116343498
416,1249,0.0015934973489493132
433,1299,0.015205306932330132
449,1349,0.0030591627582907677
466,1399,0.001968892989680171
483,1449,0.03188827633857727
499,1499,0.003858098993077874
516,1549,0.002787180943414569
533,1599,0.006074805278331041
549,1649,0.005229170434176922
566,1699,0.0011551912175491452
583,1749,0.011058295145630836
599,1799,0.001979459309950471
616,1849,0.001715265796519816
633,1899,0.027008146047592163
649,1949,0.0030356065835803747
666,1999,0.0021146158687770367
683,2049,0.004147078841924667
699,2099,0.00492698373273015
716,2149,0.0009823384461924434
733,2199,0.008747155778110027
749,2249,0.0015743918484076858
766,2299,0.0014512230409309268
783,2349,0.025252800434827805
799,2399,0.0026397916954010725
816,2449,0.0017872366588562727
833,2499,0.0031389500945806503
849,2549,0.004383756313472986
866,2599,0.000673839938826859
883,2649,0.007941842079162598
899,2699,0.0013491932768374681
916,2749,0.001303620170801878
933,2799,0.02445071004331112
949,2849,0.002144948346540332
966,2899,0.0017262393375858665
983,2949,0.003005817299708724
999,2999,0.0042606922797858715
1016,3049,0.0006067955400794744
1033,3099,0.007756683975458145
1049,3149,0.0012219126801937819
1066,3199,0.001285771606490016
