epoch,step,trainLoss
24,49,0.2225789725780487
49,99,0.20029853284358978
74,149,0.24172139167785645
74,149,0.05363696813583374
74,149,0.10812553018331528
74,149,0.020776212215423584
74,149,0.05432995408773422
74,149,0.06829343736171722
74,149,0.20552979409694672
74,149,0.15400703251361847
74,149,0.11440617591142654
74,149,0.05320243537425995
74,149,0.047289974987506866
74,149,0.1359833925962448
74,149,0.19959084689617157
74,149,0.19930164515972137
74,149,0.07663846015930176
74,149,0.0581979937851429
74,149,0.0459635965526104
74,149,0.231776624917984
74,149,0.041186533868312836
74,149,0.10426710546016693
74,149,0.06258519738912582
