epoch,step,trainLoss
16,49,1.3542287349700928
33,99,2.8660085201263428
49,149,0.7523615956306458
66,199,2.853346347808838
83,249,0.5397058725357056
99,299,0.2595815360546112
116,349,0.05328906327486038
133,399,0.25456681847572327
149,449,0.04714922606945038
166,499,0.12949755787849426
