{
    "endIndex": 124774,
    "attack": "FastGradientMethod",
    "timeElapsedSec": 16.643307,
    "kwargs": {
        "eps": 0.02
    },
    "metrics": {
        "accuracy": 0.9783272156058153,
        "precision": 0.9966270896436912,
        "recall": 0.9301996223361209,
        "f1": 0.9622683105155352,
        "attackSuccessRate": 0.06980037766387914,
        "falsePositiveRate": 0.0013306120587430448,
        "TP": 344825,
        "TN": 875873,
        "FP": 1167,
        "FN": 25875
    },
    "files": {
        "checkpointFile": "../../../saved_models/RandomPos-final.ckpt",
        "dataFile": "../../../data/RandomPos_0709.csv"
    }
}