{
    "endIndex": 124774,
    "attack": "FastGradientMethod",
    "timeElapsedSec": 16.32215,
    "kwargs": {
        "eps": 0.27
    },
    "metrics": {
        "accuracy": 0.1409460304230048,
        "precision": 0.16198611646741226,
        "recall": 0.4532290261667116,
        "f1": 0.23867036011080328,
        "attackSuccessRate": 0.5467709738332883,
        "falsePositiveRate": 0.9910471586244641,
        "TP": 168012,
        "TN": 7852,
        "FP": 869188,
        "FN": 202688
    },
    "files": {
        "checkpointFile": "../../../saved_models/RandomPos-final.ckpt",
        "dataFile": "../../../data/RandomPos_0709.csv"
    }
}