{
    "endIndex": 124774,
    "attack": "FastGradientMethod",
    "timeElapsedSec": 24.048408,
    "kwargs": {
        "eps": 0.11
    },
    "metrics": {
        "accuracy": 0.2802258483337875,
        "precision": 0.26050738425461306,
        "recall": 0.7737631507957917,
        "f1": 0.3897839252214527,
        "attackSuccessRate": 0.22623684920420825,
        "falsePositiveRate": 0.9283784091945635,
        "TP": 286834,
        "TN": 62815,
        "FP": 814225,
        "FN": 83866
    },
    "files": {
        "checkpointFile": "../../../saved_models/RandomPos-final.ckpt",
        "dataFile": "../../../data/RandomPos_0709.csv"
    }
}