{
    "endIndex": 124774,
    "attack": "FastGradientMethod",
    "timeElapsedSec": 15.936536,
    "kwargs": {
        "eps": 0.3
    },
    "metrics": {
        "accuracy": 0.12622501482680687,
        "precision": 0.14763057684170938,
        "recall": 0.40661451308335583,
        "f1": 0.2166144047458231,
        "attackSuccessRate": 0.5933854869166442,
        "falsePositiveRate": 0.9922876949740035,
        "TP": 150732,
        "TN": 6764,
        "FP": 870276,
        "FN": 219968
    },
    "files": {
        "checkpointFile": "../../../saved_models/RandomPos-final.ckpt",
        "dataFile": "../../../data/RandomPos_0709.csv"
    }
}