{
    "endIndex": 124774,
    "attack": "FastGradientMethod",
    "timeElapsedSec": 15.719342,
    "kwargs": {
        "eps": 0.29
    },
    "metrics": {
        "accuracy": 0.1308934553673041,
        "precision": 0.15225117155639403,
        "recall": 0.4214728891286755,
        "f1": 0.22369548550038335,
        "attackSuccessRate": 0.5785271108713245,
        "falsePositiveRate": 0.991926251938338,
        "TP": 156240,
        "TN": 7081,
        "FP": 869959,
        "FN": 214460
    },
    "files": {
        "checkpointFile": "../../../saved_models/RandomPos-final.ckpt",
        "dataFile": "../../../data/RandomPos_0709.csv"
    }
}