{
    "endIndex": 124774,
    "attack": "FastGradientMethod",
    "timeElapsedSec": 16.362926,
    "kwargs": {
        "eps": 0.26
    },
    "metrics": {
        "accuracy": 0.14623799830092807,
        "precision": 0.1670404178599061,
        "recall": 0.46999730240086324,
        "f1": 0.24648005381512295,
        "attackSuccessRate": 0.5300026975991368,
        "falsePositiveRate": 0.9906059016692511,
        "TP": 174228,
        "TN": 8239,
        "FP": 868801,
        "FN": 196472
    },
    "files": {
        "checkpointFile": "../../../saved_models/RandomPos-final.ckpt",
        "dataFile": "../../../data/RandomPos_0709.csv"
    }
}