{
    "endIndex": 124774,
    "attack": "FastGradientMethod",
    "timeElapsedSec": 15.985853,
    "kwargs": {
        "eps": 0.07
    },
    "metrics": {
        "accuracy": 0.7791807588119319,
        "precision": 0.5890373025836956,
        "recall": 0.8492608578365255,
        "f1": 0.6956086556403404,
        "attackSuccessRate": 0.1507391421634745,
        "falsePositiveRate": 0.2504401167563623,
        "TP": 314821,
        "TN": 657394,
        "FP": 219646,
        "FN": 55879
    },
    "files": {
        "checkpointFile": "../../../saved_models/RandomPos-final.ckpt",
        "dataFile": "../../../data/RandomPos_0709.csv"
    }
}