{
    "endIndex": 124774,
    "attack": "FastGradientMethod",
    "timeElapsedSec": 23.596715,
    "kwargs": {
        "eps": 0.1
    },
    "metrics": {
        "accuracy": 0.3487080641800375,
        "precision": 0.2855005906774882,
        "recall": 0.7934043701106016,
        "f1": 0.41990244654583253,
        "attackSuccessRate": 0.20659562988939845,
        "falsePositiveRate": 0.8392524856334945,
        "TP": 294115,
        "TN": 140982,
        "FP": 736058,
        "FN": 76585
    },
    "files": {
        "checkpointFile": "../../../saved_models/RandomPos-final.ckpt",
        "dataFile": "../../../data/RandomPos_0709.csv"
    }
}