{
    "endIndex": 124774,
    "attack": "FastGradientMethod",
    "timeElapsedSec": 16.630292,
    "kwargs": {
        "eps": 0.08
    },
    "metrics": {
        "accuracy": 0.6751630948755349,
        "precision": 0.4734086034062064,
        "recall": 0.831130294038306,
        "f1": 0.603223456993163,
        "attackSuccessRate": 0.1688697059616941,
        "falsePositiveRate": 0.39075982851409286,
        "TP": 308100,
        "TN": 534328,
        "FP": 342712,
        "FN": 62600
    },
    "files": {
        "checkpointFile": "../../../saved_models/RandomPos-final.ckpt",
        "dataFile": "../../../data/RandomPos_0709.csv"
    }
}