{
    "endIndex": 124774,
    "attack": "FastGradientMethod",
    "timeElapsedSec": 17.1574,
    "kwargs": {
        "eps": 0.15
    },
    "metrics": {
        "accuracy": 0.22176975972558385,
        "precision": 0.23010600122105063,
        "recall": 0.6903533854869166,
        "f1": 0.34516342438953995,
        "attackSuccessRate": 0.30964661451308334,
        "falsePositiveRate": 0.9762872845024172,
        "TP": 255914,
        "TN": 20797,
        "FP": 856243,
        "FN": 114786
    },
    "files": {
        "checkpointFile": "../../../saved_models/RandomPos-final.ckpt",
        "dataFile": "../../../data/RandomPos_0709.csv"
    }
}