epoch,step,trainLoss
24,49,2.5782785415649414
49,99,0.23088465631008148
