epoch,step,trainLoss
24,49,2.5782785415649414
49,99,0.23088465631008148
74,149,0.050207916647195816
99,199,0.039346907287836075
124,249,0.08068684488534927
149,299,0.029522620141506195
174,349,0.029858555644750595
199,399,0.03165992721915245
224,449,0.03221936523914337
249,499,0.03370264917612076
274,549,0.04291192814707756
299,599,0.009981744922697544
324,649,0.013753683306276798
349,699,0.01867479272186756
