epoch,step,trainLoss
49,49,0.312918096780777
99,99,0.010884054936468601
149,149,0.565125584602356
