epoch,step,trainLoss
49,49,0.38205498456954956
99,99,0.011259404942393303
149,149,0.0006630323478020728
199,199,0.0004497994959820062
249,249,0.006272715516388416
299,299,0.00039121450390666723
349,349,0.0005033170455135405
