epoch,step,trainLoss
49,49,2.8257715702056885
99,99,0.661736786365509
149,149,0.23819637298583984
