epoch,step,trainLoss
16,49,0.6931473016738892
33,99,0.6931473016738892
49,149,0.6931473016738892
66,199,0.2968848645687103
66,199,0.4274972081184387
66,199,0.13493464887142181
66,199,0.37791794538497925
66,199,0.371078222990036
66,199,0.13950864970684052
66,199,0.33022359013557434
66,199,0.32419878244400024
66,199,0.31594324111938477
66,199,0.21343863010406494
66,199,0.22712108492851257
66,199,0.2845214307308197
66,199,0.23613934218883514
66,199,0.2070506513118744
66,199,0.2950972318649292
66,199,0.44425827264785767
66,199,0.38267311453819275
66,199,0.31035810708999634
66,199,0.10691095888614655
66,199,0.243697851896286
66,199,0.16764120757579803
