epoch,step,trainLoss
12,49,1.1153442859649658
24,99,0.07571355253458023
37,149,2.4314463138580322
49,199,0.1338467001914978
