epoch,step,trainLoss
9,49,0.6504188776016235
19,99,0.03507033735513687
29,149,0.019740335643291473
39,199,0.009370132349431515
49,249,0.0056800940074026585
59,299,0.004981424659490585
59,299,0.008403035812079906
59,299,0.007415895350277424
59,299,0.004544953815639019
59,299,0.0025837889406830072
59,299,0.005500659812241793
59,299,0.005892503075301647
59,299,0.010869434103369713
59,299,0.02230522781610489
59,299,0.01833295077085495
59,299,0.03185771033167839
59,299,0.0034039774909615517
59,299,0.01048626471310854
59,299,0.03757588937878609
59,299,0.005241259001195431
59,299,0.003350101877003908
59,299,0.002932466333732009
59,299,0.015951303765177727
59,299,0.02267872914671898
59,299,0.024435969069600105
59,299,0.004874637816101313
59,299,0.027662169188261032
