epoch,step,trainLoss
24,49,2.223496437072754
49,99,0.2808912992477417
74,149,0.11386404931545258
99,199,0.10599619895219803
124,249,0.13390865921974182
149,299,0.08603076636791229
174,349,0.07108525186777115
199,399,0.05398149415850639
224,449,0.06002208963036537
249,499,0.07374601811170578
274,549,0.0720532238483429
299,599,0.05785249546170235
324,649,0.0336996428668499
349,699,0.04224738851189613
374,749,0.07662251591682434
