epoch,step,trainLoss
49,49,2.6164333820343018
99,99,2.844038486480713
149,149,0.2574375569820404
199,199,0.40912196040153503
249,249,0.07509785145521164
299,299,0.026458417996764183
349,349,0.04436120018362999
399,399,0.02454466186463833
449,449,0.007615402340888977
499,499,0.011392803862690926
549,549,0.022312836721539497
599,599,0.005786108784377575
649,649,0.010234244167804718
699,699,0.0230990219861269
749,749,0.004680878948420286
799,799,0.01224894542247057
849,849,0.026775861158967018
899,899,0.005470577161759138
949,949,0.014801948331296444
999,999,0.029587777331471443
1049,1049,0.005364366341382265
1099,1099,0.017537785694003105
1149,1149,0.030716856941580772
1199,1199,0.005867944564670324
1249,1249,0.01648813486099243
1299,1299,0.030468067154288292
1349,1349,0.005260445177555084
1399,1399,0.015449408441781998
1449,1449,0.028906572610139847
1499,1499,0.004789071623235941
1549,1549,0.013300706632435322
1599,1599,0.028986293822526932
1649,1649,0.004645185545086861
1699,1699,0.012370847165584564
1749,1749,0.028353068977594376
1799,1799,0.004553620237857103
1849,1849,0.011721559800207615
1899,1899,0.02808952145278454
1949,1949,0.004046679474413395
1999,1999,0.010913951322436333
2049,2049,0.02699742466211319
2099,2099,0.0037472054827958345
2149,2149,0.00986686535179615
2199,2199,0.026433978229761124
2249,2249,0.003488194663077593
2299,2299,0.008300668559968472
2349,2349,0.02577676624059677
2399,2399,0.003281604964286089
2449,2449,0.007885539904236794
2499,2499,0.025436535477638245
2549,2549,0.0028369147330522537
2599,2599,0.007124441210180521
2649,2649,0.023611119017004967
2699,2699,0.002721120836213231
2749,2749,0.006817502900958061
2799,2799,0.023587213829159737
2849,2849,0.0027936729602515697
2899,2899,0.006638775579631329
2949,2949,0.02268541418015957
2999,2999,0.002547172363847494
3049,3049,0.006578545086085796
3099,3099,0.022487692534923553
3149,3149,0.002525620860978961
3199,3199,0.006625927519053221
3249,3249,0.021473728120326996
3299,3299,0.0022228911984711885
3349,3349,0.00633690319955349
3399,3399,0.021392857655882835
3449,3449,0.0023650615476071835
3499,3499,0.006613558623939753
3549,3549,0.021460726857185364
3599,3599,0.002437351271510124
