epoch,step,trainLoss
16,49,2.3535590171813965
33,99,0.7646223902702332
49,149,0.0890839621424675
