epoch,step,trainLoss
49,49,0.4500155746936798
99,99,0.6014578342437744
149,149,0.6523781418800354
149,149,0.45531511306762695
149,149,0.4627314507961273
149,149,0.4627314507961273
149,149,0.4627314507961273
149,149,0.4627314507961273
149,149,0.4627314507961273
149,149,0.4627314507961273
149,149,0.4627314507961273
149,149,0.4627314507961273
