epoch,step,trainLoss
16,49,0.6931473016738892
33,99,0.6931473016738892
49,149,0.6931473612785339
66,199,0.6439961194992065
83,249,0.2551625370979309
83,249,0.1531706154346466
83,249,0.34317949414253235
83,249,0.2909083962440491
83,249,0.3299558758735657
83,249,0.22901275753974915
83,249,0.3809945583343506
83,249,0.25838297605514526
83,249,0.27404719591140747
83,249,0.4248957633972168
83,249,0.3703014850616455
83,249,0.2884490191936493
83,249,0.26182201504707336
83,249,0.4002089500427246
83,249,0.29727259278297424
83,249,0.18293090164661407
83,249,0.18812593817710876
83,249,0.2566594183444977
83,249,0.32483911514282227
83,249,0.3867206871509552
83,249,0.4265668988227844
83,249,0.2981075346469879
83,249,0.29414042830467224
83,249,0.4300217032432556
83,249,0.2184160053730011
83,249,0.2558756172657013
83,249,0.19107559323310852
83,249,0.28066903352737427
83,249,0.22442249953746796
83,249,0.3682214021682739
