epoch,step,trainLoss
49,49,0.7194327712059021
99,99,0.08092578500509262
149,149,0.04522737115621567
199,199,0.04880332201719284
249,249,0.062413543462753296
299,299,0.04608125984668732
349,349,0.04754551500082016
