epoch,step,trainLoss
24,49,0.6931472420692444
49,99,0.6931472420692444
