epoch,step,trainLoss
24,49,0.6931472420692444
49,99,0.6931472420692444
74,149,0.0335463248193264
74,149,0.1850970834493637
74,149,0.03688391298055649
