epoch,step,trainLoss
24,49,0.15220677852630615
49,99,0.051539547741413116
