epoch,step,trainLoss
24,49,1.2443840503692627
49,99,2.1683194637298584
74,149,3.013951063156128
99,199,0.3520360291004181
124,249,0.6059970855712891
149,299,0.07578747719526291
174,349,0.10223186761140823
