{
    "endIndex": 124774,
    "attack": "FastGradientMethod",
    "timeElapsedSec": 205.69209616,
    "kwargs": {
        "eps": 0.51
    },
    "metrics": {
        "accuracy": 0.9637937390802571,
        "precision": 0.9356887791976958,
        "recall": 0.9429430806582142,
        "f1": 0.9393019237538863,
        "attackSuccessRate": 0.05705691934178581,
        "falsePositiveRate": 0.02739327738757639,
        "TP": 349549,
        "TN": 853015,
        "FP": 24025,
        "FN": 21151
    },
    "files": {
        "checkpointFile": "../../../saved_models/RandomPos-final.ckpt",
        "dataFile": "../../../data/RandomPos_0709.csv"
    }
}