{
    "endIndex": 124774,
    "attack": "FastGradientMethod",
    "timeElapsedSec": 208.644189082,
    "kwargs": {
        "eps": 0.23
    },
    "metrics": {
        "accuracy": 0.9803180149710677,
        "precision": 0.9627121453549926,
        "recall": 0.9713757755597519,
        "f1": 0.9670245563528552,
        "attackSuccessRate": 0.02862422444024818,
        "falsePositiveRate": 0.015902353370427804,
        "TP": 360089,
        "TN": 863093,
        "FP": 13947,
        "FN": 10611
    },
    "files": {
        "checkpointFile": "../../../saved_models/RandomPos-final.ckpt",
        "dataFile": "../../../data/RandomPos_0709.csv"
    }
}