{
    "endIndex": 124774,
    "attack": "FastGradientMethod",
    "timeElapsedSec": 179.716438328,
    "kwargs": {
        "eps": 0.19
    },
    "metrics": {
        "accuracy": 0.9831126677032074,
        "precision": 0.9683764920224524,
        "recall": 0.9749986512004316,
        "f1": 0.9716762889230914,
        "attackSuccessRate": 0.025001348799568383,
        "falsePositiveRate": 0.01345776703457083,
        "TP": 361432,
        "TN": 865237,
        "FP": 11803,
        "FN": 9268
    },
    "files": {
        "checkpointFile": "../../../saved_models/RandomPos-final.ckpt",
        "dataFile": "../../../data/RandomPos_0709.csv"
    }
}