epoch,step,trainLoss
49,49,0.4981474280357361
99,99,0.04774820804595947
149,149,0.02317976951599121
199,199,0.02620735391974449
249,249,0.03291074186563492
299,299,0.021324535831809044
349,349,0.023636100813746452
399,399,0.03805108368396759
