epoch,step,trainLoss
49,49,0.46906134486198425
99,99,0.042954035103321075
149,149,0.021858975291252136
199,199,0.02411162666976452
249,249,0.02640821970999241
299,299,0.004458586219698191
349,349,0.013278083875775337
