epoch,step,trainLoss
24,49,2.2027904987335205
49,99,2.421517848968506
74,149,2.5378096103668213
99,199,0.4858313500881195
124,249,1.2422393560409546
149,299,0.05634166672825813
174,349,0.07527332007884979
