epoch,step,trainLoss
49,49,0.7636232376098633
99,99,0.10747864097356796
149,149,0.06983759254217148
199,199,0.07924511283636093
249,249,0.08587610721588135
299,299,0.06086549907922745
349,349,0.06528029590845108
