epoch,step,trainLoss
12,49,2.3580198287963867
24,99,0.10273667424917221
37,149,0.2797294855117798
49,199,0.032318759709596634
