epoch,step,trainLoss
24,49,1.29642653465271
49,99,0.13460910320281982
74,149,0.03619248792529106
99,199,0.025273384526371956
124,249,0.02911769226193428
149,299,0.02263743244111538
174,349,0.02567523531615734
199,399,0.02154439128935337
