epoch,step,trainLoss
49,49,2.7967987060546875
99,99,1.1852960586547852
149,149,0.01364180725067854
199,199,0.005468808114528656
249,249,0.004478346556425095
299,299,0.0015697734197601676
349,349,0.0022681925911456347
399,399,0.003381327260285616
449,449,0.0009411670616827905
499,499,0.0014453172916546464
549,549,0.002255003899335861
599,599,0.0007378239533863962
649,649,0.0012201943900436163
699,699,0.0017429976724088192
749,749,0.0006373018259182572
