epoch,step,trainLoss
49,49,2.983104705810547
99,99,0.6052364110946655
