epoch,step,trainLoss
49,49,2.983104705810547
99,99,0.6052364110946655
149,149,0.033788178116083145
199,199,0.02863534726202488
249,249,0.03032754920423031
299,299,0.025835052132606506
349,349,0.02722271718084812
399,399,0.028857018798589706
449,449,0.02182183228433132
499,499,0.024288661777973175
549,549,0.028799809515476227
599,599,0.02018486149609089
649,649,0.023004529997706413
699,699,0.029721153900027275
