epoch,step,trainLoss
16,49,0.378354012966156
33,99,0.03337769955396652
49,149,0.06183790788054466
