epoch,step,trainLoss
49,49,0.35056930780410767
99,99,0.5787137746810913
149,149,0.5889483094215393
