epoch,step,trainLoss
8,49,3.09283447265625
16,99,0.23380665481090546
24,149,0.06497640907764435
33,199,0.460357129573822
41,249,0.09394271671772003
49,299,0.023902209475636482
58,349,0.032719798386096954
