epoch,step,trainLoss
16,49,0.6931473016738892
33,99,0.6931473016738892
49,149,0.6931472420692444
66,199,0.22236117720603943
66,199,0.12284691631793976
66,199,0.1850115805864334
66,199,0.32726940512657166
66,199,0.07323003560304642
66,199,0.22039523720741272
66,199,0.2561397850513458
66,199,0.08250732719898224
66,199,0.46510618925094604
66,199,0.308071106672287
66,199,0.6025986671447754
66,199,0.41797858476638794
66,199,0.49780648946762085
66,199,0.1353413164615631
66,199,0.14025373756885529
66,199,0.06831385940313339
66,199,0.06409355252981186
66,199,0.5282515287399292
66,199,0.36895665526390076
66,199,0.1192522868514061
66,199,0.45256051421165466
