epoch,step,trainLoss
16,49,2.4168076515197754
33,99,0.7049115896224976
49,149,0.0826072245836258
