epoch,step,trainLoss
24,49,1.6754380464553833
49,99,0.10400649160146713
