epoch,step,trainLoss
24,49,2.3276162147521973
49,99,2.4633028507232666
74,149,0.2956847548484802
99,199,0.6356059908866882
124,249,0.09909132868051529
149,299,0.06081967055797577
174,349,0.06452921032905579
199,399,0.05211525410413742
224,449,0.0516987182199955
249,499,0.054290324449539185
274,549,0.057174790650606155
299,599,0.048516806215047836
324,649,0.04914006590843201
349,699,0.0493173785507679
374,749,0.04953918606042862
399,799,0.05118392035365105
424,849,0.05274657532572746
449,899,0.04839981347322464
474,949,0.04932922497391701
499,999,0.04924636334180832
524,1049,0.04859954118728638
549,1099,0.052541665732860565
574,1149,0.05267886072397232
599,1199,0.04783855751156807
624,1249,0.04839864745736122
649,1299,0.04984603077173233
674,1349,0.0477299764752388
699,1399,0.05427055433392525
724,1449,0.05161173641681671
749,1499,0.047646764665842056
774,1549,0.04772411659359932
