{
    "endIndex": 124774,
    "attack": "ProjectedGradientDescent",
    "timeElapsedSec": 421.409879,
    "kwargs": {
        "eps": 0.02,
        "max_iter": 10
    },
    "metrics": {
        "accuracy": 0.9773622709859426,
        "precision": 0.9960312172285729,
        "recall": 0.9274993256002159,
        "f1": 0.9605444381430771,
        "attackSuccessRate": 0.07250067439978419,
        "falsePositiveRate": 0.0015620724254309952,
        "TP": 343824,
        "TN": 875670,
        "FP": 1370,
        "FN": 26876
    },
    "files": {
        "checkpointFile": "../../../saved_models/RandomPos-final.ckpt",
        "dataFile": "../../../data/RandomPos_0709.csv"
    }
}