{
    "endIndex": 124774,
    "attack": "ProjectedGradientDescent",
    "timeElapsedSec": 334.391345,
    "kwargs": {
        "eps": 0.14,
        "max_iter": 10
    },
    "metrics": {
        "accuracy": 0.22102761793322326,
        "precision": 0.22217087977642624,
        "recall": 0.6485082276773672,
        "f1": 0.33095922998928246,
        "attackSuccessRate": 0.35149177232263284,
        "falsePositiveRate": 0.9596563440664052,
        "TP": 240402,
        "TN": 35383,
        "FP": 841657,
        "FN": 130298
    },
    "files": {
        "checkpointFile": "../../../saved_models/RandomPos-final.ckpt",
        "dataFile": "../../../data/RandomPos_0709.csv"
    }
}