{
    "endIndex": 124774,
    "attack": "ProjectedGradientDescent",
    "timeElapsedSec": 333.436793,
    "kwargs": {
        "eps": 0.16,
        "max_iter": 10
    },
    "metrics": {
        "accuracy": 0.19984211454309392,
        "precision": 0.2059423455127899,
        "recall": 0.5929322902616672,
        "f1": 0.305704702887157,
        "attackSuccessRate": 0.4070677097383329,
        "falsePositiveRate": 0.9663059837635684,
        "TP": 219800,
        "TN": 29551,
        "FP": 847489,
        "FN": 150900
    },
    "files": {
        "checkpointFile": "../../../saved_models/RandomPos-final.ckpt",
        "dataFile": "../../../data/RandomPos_0709.csv"
    }
}