{
    "endIndex": 124774,
    "attack": "ProjectedGradientDescent",
    "timeElapsedSec": 194.099169,
    "kwargs": {
        "eps": 0.27,
        "max_iter": 10
    },
    "metrics": {
        "accuracy": 0.12474714283424432,
        "precision": 0.13804058990229842,
        "recall": 0.37107634205557055,
        "f1": 0.20122527435554605,
        "attackSuccessRate": 0.6289236579444295,
        "falsePositiveRate": 0.9793692419958041,
        "TP": 137558,
        "TN": 18094,
        "FP": 858946,
        "FN": 233142
    },
    "files": {
        "checkpointFile": "../../../saved_models/RandomPos-final.ckpt",
        "dataFile": "../../../data/RandomPos_0709.csv"
    }
}