{
    "endIndex": 124774,
    "attack": "ProjectedGradientDescent",
    "timeElapsedSec": 245.687577,
    "kwargs": {
        "eps": 0.22,
        "max_iter": 10
    },
    "metrics": {
        "accuracy": 0.14740891531889658,
        "precision": 0.16379051082002458,
        "recall": 0.45543835985972486,
        "f1": 0.24093347432774354,
        "attackSuccessRate": 0.5445616401402752,
        "falsePositiveRate": 0.9827864179512907,
        "TP": 168831,
        "TN": 15097,
        "FP": 861943,
        "FN": 201869
    },
    "files": {
        "checkpointFile": "../../../saved_models/RandomPos-final.ckpt",
        "dataFile": "../../../data/RandomPos_0709.csv"
    }
}