{
    "endIndex": 124774,
    "attack": "ProjectedGradientDescent",
    "timeElapsedSec": 166.944337,
    "kwargs": {
        "eps": 0.3,
        "max_iter": 10
    },
    "metrics": {
        "accuracy": 0.11275105390546107,
        "precision": 0.12405727904131941,
        "recall": 0.3277448071216617,
        "f1": 0.17998645972063174,
        "attackSuccessRate": 0.6722551928783382,
        "falsePositiveRate": 0.97812072425431,
        "TP": 121495,
        "TN": 19189,
        "FP": 857851,
        "FN": 249205
    },
    "files": {
        "checkpointFile": "../../../saved_models/RandomPos-final.ckpt",
        "dataFile": "../../../data/RandomPos_0709.csv"
    }
}