{
    "endIndex": 124774,
    "attack": "ProjectedGradientDescent",
    "timeElapsedSec": 272.533161,
    "kwargs": {
        "eps": 0.21,
        "max_iter": 10
    },
    "metrics": {
        "accuracy": 0.15204209210252137,
        "precision": 0.16888412285950202,
        "recall": 0.4728486646884273,
        "f1": 0.24887814221344443,
        "attackSuccessRate": 0.5271513353115727,
        "falsePositiveRate": 0.983553771777798,
        "TP": 175285,
        "TN": 14424,
        "FP": 862616,
        "FN": 195415
    },
    "files": {
        "checkpointFile": "../../../saved_models/RandomPos-final.ckpt",
        "dataFile": "../../../data/RandomPos_0709.csv"
    }
}