{
    "endIndex": 124774,
    "attack": "ProjectedGradientDescent",
    "timeElapsedSec": 306.494252,
    "kwargs": {
        "eps": 0.19,
        "max_iter": 10
    },
    "metrics": {
        "accuracy": 0.16551605302386715,
        "precision": 0.18148514447006425,
        "recall": 0.5153115727002967,
        "f1": 0.26843236460238423,
        "attackSuccessRate": 0.48468842729970324,
        "falsePositiveRate": 0.9823326188087202,
        "TP": 191026,
        "TN": 15495,
        "FP": 861545,
        "FN": 179674
    },
    "files": {
        "checkpointFile": "../../../saved_models/RandomPos-final.ckpt",
        "dataFile": "../../../data/RandomPos_0709.csv"
    }
}