epoch,step,trainLoss
24,49,2.7152092456817627
49,99,0.2608579993247986
74,149,0.07288824021816254
99,199,0.05265311524271965
124,249,0.11932358145713806
149,299,0.07600176334381104
174,349,0.07618165761232376
199,399,0.04087062180042267
224,449,0.08438233286142349
249,499,0.08085274696350098
274,549,0.0836813896894455
299,599,0.07141318172216415
324,649,0.06995484232902527
349,699,0.07190875709056854
374,749,0.07682237774133682
