epoch,step,trainLoss
24,49,2.658895254135132
49,99,0.24238313734531403
