epoch,step,trainLoss
49,49,0.4701158404350281
99,99,0.005224434193223715
149,149,0.0004897952312603593
199,199,0.0003302084223832935
249,249,0.0007041261997073889
299,299,0.00019401477766223252
349,349,0.00023272374528460205
