epoch,step,trainLoss
24,49,1.3447428941726685
49,99,0.10879094898700714
74,149,0.006317814812064171
99,199,0.002590736374258995
124,249,0.004226855933666229
149,299,0.002085641259327531
174,349,0.002723210258409381
199,399,0.0018655513413250446
