epoch,step,trainLoss
49,49,0.3106486201286316
99,99,0.5727746486663818
149,149,0.5725693702697754
199,199,0.5731912851333618
249,249,0.5763915181159973
299,299,0.5752074718475342
349,349,0.5742692947387695
399,399,0.5713886618614197
449,449,0.5776181221008301
499,499,0.5458475947380066
549,549,0.5313961505889893
599,599,0.4504691958427429
649,649,0.3678218126296997
