epoch,step,trainLoss
12,49,2.0507912635803223
24,99,0.20345817506313324
