epoch,step,trainLoss
16,49,2.422156810760498
33,99,1.5776010751724243
49,149,0.11430840939283371
