epoch,step,trainLoss
16,49,2.422156810760498
33,99,1.5776010751724243
49,149,0.11430840939283371
66,199,0.0919743999838829
83,249,0.06567380577325821
99,299,0.051663316786289215
116,349,0.08961708843708038
133,399,0.11624713242053986
149,449,0.06609030812978745
166,499,0.08347012102603912
183,549,0.061022043228149414
199,599,0.04661153256893158
216,649,0.067311130464077
233,699,0.05179314687848091
249,749,0.06815415620803833
266,799,0.06913831830024719
283,849,0.0655319094657898
299,899,0.0647227019071579
316,949,0.19302433729171753
333,999,0.1020728126168251
349,1049,0.06431383639574051
366,1099,0.08102370798587799
383,1149,0.05162748694419861
399,1199,0.06918784976005554
416,1249,0.07903306931257248
433,1299,0.04955432936549187
449,1349,0.059111472219228745
466,1399,0.07601899653673172
483,1449,0.07904300838708878
499,1499,0.06546218693256378
516,1549,0.07810340821743011
533,1599,0.034036118537187576
549,1649,0.07375504821538925
566,1699,0.10342569649219513
583,1749,0.060004811733961105
599,1799,0.047122772783041
616,1849,0.07957752048969269
633,1899,0.0646791011095047
649,1949,0.061651330441236496
666,1999,0.08143258094787598
683,2049,0.029190506786108017
699,2099,0.07099710404872894
716,2149,0.06709405779838562
733,2199,0.0576503649353981
749,2249,0.04553884267807007
766,2299,0.09096826612949371
783,2349,0.0613161101937294
799,2399,0.04311853647232056
816,2449,0.0747654139995575
833,2499,0.031601205468177795
849,2549,0.07225465029478073
866,2599,0.07260004431009293
883,2649,0.061520688235759735
899,2699,0.04240438714623451
