{
    "noWrapper": {
        "accuracy": 0.8897366438520846,
        "recall": 0.9759886700836256,
        "precision": 0.7376457251905284,
        "f1": 0.840242087001758,
        "falseNegativeRate": 0.024011329916374426,
        "falsePositiveRate": 0.14671964790659492,
        "TP": 361799,
        "TN": 748361,
        "FP": 128679,
        "FN": 8901
    },
    "wrapper": {
        "accuracy": 0.8897366438520846,
        "precision": 0.7376457251905284,
        "recall": 0.9759886700836256,
        "f1": 0.840242087001758,
        "falseNegativeRate": 0.024011329916374426,
        "falsePositiveRate": 0.14671964790659492,
        "TP": 361799,
        "TN": 748361,
        "FP": 128679,
        "FN": 8901
    },
    "files": {
        "checkpointFile": "../../../saved_models/ConstantPos-final.ckpt",
        "dataFile": "../../../data/ConstPos_0709.csv"
    }
}