epoch,step,trainLoss
12,49,2.468334913253784
24,99,2.887784481048584
37,149,0.3713308274745941
49,199,0.10400418192148209
