epoch,step,trainLoss
49,49,1.0210857391357422
99,99,0.006693423260003328
149,149,0.0007053161389194429
199,199,0.13927288353443146
249,249,0.14287857711315155
299,299,0.0007895758026279509
349,349,0.0006168572581373155
