epoch,step,trainLoss
16,49,0.6931473016738892
33,99,0.6931473016738892
49,149,0.6931473016738892
66,199,0.4903889298439026
66,199,0.4006982743740082
66,199,0.21985015273094177
66,199,0.08549904823303223
66,199,0.14371749758720398
66,199,0.22624611854553223
66,199,0.26244616508483887
66,199,0.34597867727279663
66,199,0.06931566447019577
66,199,0.393756628036499
66,199,0.2810518443584442
66,199,0.5151310563087463
66,199,0.3248254358768463
66,199,0.06339125335216522
66,199,0.1828291267156601
66,199,0.4369303584098816
66,199,0.03154304623603821
66,199,0.15870878100395203
66,199,0.1209678053855896
66,199,0.15227743983268738
66,199,0.440511554479599
66,199,0.1672220081090927
66,199,0.21065041422843933
66,199,0.1210404485464096
66,199,0.10186745226383209
66,199,0.5663274526596069
66,199,0.1742972731590271
66,199,0.476817786693573
66,199,0.3561498522758484
66,199,0.2301730364561081
66,199,0.1603180468082428
