epoch,step,trainLoss
16,49,2.925530433654785
33,99,0.935951828956604
49,149,0.03941326588392258
