epoch,step,trainLoss
24,49,2.0607080459594727
49,99,2.05592942237854
74,149,0.28936561942100525
99,199,0.4442054033279419
