epoch,step,trainLoss
24,49,0.9480592608451843
49,99,0.12402018904685974
