epoch,step,trainLoss
24,49,1.0702570676803589
49,99,0.19026818871498108
74,149,0.016245514154434204
99,199,0.006444921717047691
124,249,0.0027471359353512526
149,299,0.00101606419775635
174,349,0.0016417463775724173
199,399,0.002259174594655633
224,449,0.002511822385713458
249,499,0.002136921975761652
274,549,0.003524455241858959
299,599,0.0002228309167549014
324,649,0.00027624869835563004
349,699,0.0007877562311477959
374,749,0.0016729086637496948
