epoch,step,trainLoss
49,49,0.27978724241256714
99,99,0.6498891711235046
