epoch,step,trainLoss
49,49,0.27978724241256714
99,99,0.6498891711235046
149,149,0.05690545588731766
