epoch,step,trainLoss
24,49,2.6158089637756348
49,99,0.8853050470352173
74,149,0.5447379350662231
99,199,0.11064253002405167
124,249,0.01711956039071083
149,299,0.008333729580044746
174,349,0.006557597778737545
199,399,0.0065176822245121
224,449,0.00451882416382432
249,499,0.005490162409842014
274,549,0.004548843950033188
299,599,0.005054892972111702
324,649,0.004437221679836512
349,699,0.004644790198653936
374,749,0.004463128745555878
399,799,0.0047302949242293835
