epoch,step,trainLoss
49,49,2.307461738586426
99,99,2.729771614074707
149,149,0.28054240345954895
199,199,0.4285948574542999
