epoch,step,trainLoss
24,49,2.223496437072754
49,99,0.2808912992477417
