{"Loss V PercEvil": [20, 0.002938716733269757], "F1 V PercEvil": [20, 0.9794542792051979], "Recall V PercEvil": [20, 0.9840022264631041], "Precision V PercEvil": [20, 0.9761939583701518], "Accuracy V PercEvil": [20, 0.9866240999999992], "Max Per-Vehicle Time": 4.130704402923584, "Avg Per-Vehicle Time": 1.7381058645645777, "Total Time Per Epoch": 1.7381051160494487}