epoch,step,trainLoss
24,49,1.259515404701233
49,99,0.10852672904729843
74,149,0.006604154594242573
99,199,0.0013364197220653296
124,249,0.001357305678538978
149,299,0.0009620738564990461
174,349,0.0012164519866928458
199,399,0.0006299897795543075
