epoch,step,trainLoss
24,49,2.1611437797546387
49,99,2.1422805786132812
74,149,2.153385877609253
99,199,2.3543238639831543
124,249,1.275354027748108
149,299,0.11402714997529984
174,349,0.13672417402267456
199,399,0.18428067862987518
224,449,0.31246885657310486
