epoch,step,trainLoss
49,49,2.5108466148376465
99,99,0.7105635404586792
149,149,0.05252516642212868
199,199,0.04951662942767143
249,249,0.06409689784049988
299,299,0.042084068059921265
349,349,0.044804226607084274
399,399,0.05661524832248688
449,449,0.036821234971284866
499,499,0.0466122142970562
549,549,0.0639130249619484
599,599,0.03656500577926636
649,649,0.04767182096838951
699,699,0.06595998257398605
749,749,0.03958018496632576
