epoch,step,trainLoss
12,49,2.0747134685516357
24,99,0.9219599366188049
37,149,0.2835640609264374
49,199,0.07374777644872665
62,249,0.08569914102554321
74,299,0.040890201926231384
87,349,0.026462364941835403
99,399,0.009541264735162258
112,449,0.05749921873211861
124,499,0.012350702658295631
137,549,0.02540101669728756
149,599,0.006896529346704483
162,649,0.04455358535051346
174,699,0.010175701230764389
187,749,0.024815235286951065
199,799,0.004555178806185722
