epoch,step,trainLoss
16,49,2.5578017234802246
33,99,2.850508213043213
49,149,2.072956085205078
66,199,2.847658157348633
83,249,0.9011546969413757
99,299,0.2986311614513397
116,349,0.05705975368618965
133,399,0.2551491856575012
149,449,0.09410444647073746
166,499,0.09699316322803497
