{
    "endIndex": 124774,
    "attack": "FastGradientMethod",
    "timeElapsedSec": 15.478187,
    "kwargs": {
        "eps": 0.06
    },
    "metrics": {
        "accuracy": 0.18637536666292656,
        "precision": 0.040880323930939565,
        "recall": 0.07740221203129215,
        "f1": 0.053502868789029795,
        "falseNegativeRate": 0.9225977879687078,
        "falsePositiveRate": 0.7675647632947186,
        "TP": 28693,
        "TN": 203855,
        "FP": 673185,
        "FN": 342007
    },
    "files": {
        "checkpointFile": "../../../saved_models/ConstantPos-final.ckpt",
        "dataFile": "../../../data/ConstPos_0709.csv"
    }
}