{
    "endIndex": 124774,
    "attack": "FastGradientMethod",
    "timeElapsedSec": 14.899859,
    "kwargs": {
        "eps": 0.08
    },
    "metrics": {
        "accuracy": 0.1716639684549666,
        "precision": 0.035629516915928965,
        "recall": 0.0685972484488805,
        "f1": 0.046899408524113666,
        "falseNegativeRate": 0.9314027515511195,
        "falsePositiveRate": 0.7847726443491745,
        "TP": 25429,
        "TN": 188763,
        "FP": 688277,
        "FN": 345271
    },
    "files": {
        "checkpointFile": "../../../saved_models/ConstantPos-final.ckpt",
        "dataFile": "../../../data/ConstPos_0709.csv"
    }
}