{
    "endIndex": 124774,
    "attack": "FastGradientMethod",
    "timeElapsedSec": 16.694342,
    "kwargs": {
        "eps": 0.28
    },
    "metrics": {
        "accuracy": 0.12726689855258308,
        "precision": 0.03374221977559717,
        "recall": 0.07010790396547073,
        "f1": 0.04555789089876434,
        "falseNegativeRate": 0.9298920960345293,
        "falsePositiveRate": 0.8485736112377998,
        "TP": 25989,
        "TN": 132807,
        "FP": 744233,
        "FN": 344711
    },
    "files": {
        "checkpointFile": "../../../saved_models/ConstantPos-final.ckpt",
        "dataFile": "../../../data/ConstPos_0709.csv"
    }
}