{
    "endIndex": 124774,
    "attack": "FastGradientMethod",
    "timeElapsedSec": 14.742373,
    "kwargs": {
        "eps": 0.1
    },
    "metrics": {
        "accuracy": 0.1615432702325805,
        "precision": 0.03367207455988954,
        "recall": 0.06578635014836795,
        "f1": 0.04454449974884697,
        "falseNegativeRate": 0.934213649851632,
        "falsePositiveRate": 0.7979829882331478,
        "TP": 24387,
        "TN": 177177,
        "FP": 699863,
        "FN": 346313
    },
    "files": {
        "checkpointFile": "../../../saved_models/ConstantPos-final.ckpt",
        "dataFile": "../../../data/ConstPos_0709.csv"
    }
}