{
    "endIndex": 124774,
    "attack": "FastGradientMethod",
    "timeElapsedSec": 14.594988,
    "kwargs": {
        "eps": 0.16
    },
    "metrics": {
        "accuracy": 0.1442415887925369,
        "precision": 0.03342436412315931,
        "recall": 0.06735365524683032,
        "f1": 0.044677462646506225,
        "falseNegativeRate": 0.9326463447531697,
        "falsePositiveRate": 0.823260056553863,
        "TP": 24968,
        "TN": 155008,
        "FP": 722032,
        "FN": 345732
    },
    "files": {
        "checkpointFile": "../../../saved_models/ConstantPos-final.ckpt",
        "dataFile": "../../../data/ConstPos_0709.csv"
    }
}