{
    "endIndex": 124774,
    "attack": "FastGradientMethod",
    "timeElapsedSec": 15.363289,
    "kwargs": {
        "eps": 0.24
    },
    "metrics": {
        "accuracy": 0.131028900251655,
        "precision": 0.03369328251697799,
        "recall": 0.06954140814674939,
        "f1": 0.04539323547641855,
        "falseNegativeRate": 0.9304585918532506,
        "falsePositiveRate": 0.8429820760740673,
        "TP": 25779,
        "TN": 137711,
        "FP": 739329,
        "FN": 344921
    },
    "files": {
        "checkpointFile": "../../../saved_models/ConstantPos-final.ckpt",
        "dataFile": "../../../data/ConstPos_0709.csv"
    }
}