{
    "endIndex": 124774,
    "attack": "FastGradientMethod",
    "timeElapsedSec": 14.809674,
    "kwargs": {
        "eps": 0.19
    },
    "metrics": {
        "accuracy": 0.13842387035760656,
        "precision": 0.033503464665183925,
        "recall": 0.06822767736714325,
        "f1": 0.04493930830209834,
        "falseNegativeRate": 0.9317723226328568,
        "falsePositiveRate": 0.8319061844385661,
        "TP": 25292,
        "TN": 147425,
        "FP": 729615,
        "FN": 345408
    },
    "files": {
        "checkpointFile": "../../../saved_models/ConstantPos-final.ckpt",
        "dataFile": "../../../data/ConstPos_0709.csv"
    }
}