{
    "endIndex": 124774,
    "attack": "FastGradientMethod",
    "timeElapsedSec": 15.157639,
    "kwargs": {
        "eps": 0.07
    },
    "metrics": {
        "accuracy": 0.17832160546267653,
        "precision": 0.03761050381403287,
        "recall": 0.07181008902077152,
        "f1": 0.04936572827894047,
        "falseNegativeRate": 0.9281899109792285,
        "falsePositiveRate": 0.7766589893277388,
        "TP": 26620,
        "TN": 195879,
        "FP": 681161,
        "FN": 344080
    },
    "files": {
        "checkpointFile": "../../../saved_models/ConstantPos-final.ckpt",
        "dataFile": "../../../data/ConstPos_0709.csv"
    }
}