{
    "endIndex": 124774,
    "attack": "FastGradientMethod",
    "timeElapsedSec": 20.38682,
    "kwargs": {
        "eps": 0.25
    },
    "metrics": {
        "accuracy": 0.12985557888662702,
        "precision": 0.03370679535672362,
        "recall": 0.06971405449150256,
        "f1": 0.045442236680147706,
        "falseNegativeRate": 0.9302859455084974,
        "falsePositiveRate": 0.8447242999179057,
        "TP": 25843,
        "TN": 136183,
        "FP": 740857,
        "FN": 344857
    },
    "files": {
        "checkpointFile": "../../../saved_models/ConstantPos-final.ckpt",
        "dataFile": "../../../data/ConstPos_0709.csv"
    }
}