{
    "endIndex": 124774,
    "attack": "FastGradientMethod",
    "timeElapsedSec": 18.58479,
    "kwargs": {
        "eps": 0.3
    },
    "metrics": {
        "accuracy": 0.12603186561302834,
        "precision": 0.0337775428696532,
        "recall": 0.07033719989209604,
        "f1": 0.04563845084117123,
        "falseNegativeRate": 0.9296628001079039,
        "falsePositiveRate": 0.8504275745690049,
        "TP": 26074,
        "TN": 131181,
        "FP": 745859,
        "FN": 344626
    },
    "files": {
        "checkpointFile": "../../../saved_models/ConstantPos-final.ckpt",
        "dataFile": "../../../data/ConstPos_0709.csv"
    }
}