{
    "endIndex": 124774,
    "attack": "FastGradientMethod",
    "timeElapsedSec": 16.364337,
    "kwargs": {
        "eps": 0.17
    },
    "metrics": {
        "accuracy": 0.1423710067802587,
        "precision": 0.03345971892768805,
        "recall": 0.06765578635014836,
        "f1": 0.04477539995251093,
        "falseNegativeRate": 0.9323442136498516,
        "falsePositiveRate": 0.8260489829426252,
        "TP": 25080,
        "TN": 152562,
        "FP": 724478,
        "FN": 345620
    },
    "files": {
        "checkpointFile": "../../../saved_models/ConstantPos-final.ckpt",
        "dataFile": "../../../data/ConstPos_0709.csv"
    }
}