{
    "endIndex": 124774,
    "attack": "FastGradientMethod",
    "timeElapsedSec": 14.577959,
    "kwargs": {
        "eps": 0.14
    },
    "metrics": {
        "accuracy": 0.14776876592879926,
        "precision": 0.03332834769063683,
        "recall": 0.06672241704882655,
        "f1": 0.04445239214220308,
        "falseNegativeRate": 0.9332775829511735,
        "falsePositiveRate": 0.8179752348809632,
        "TP": 24734,
        "TN": 159643,
        "FP": 717397,
        "FN": 345966
    },
    "files": {
        "checkpointFile": "../../../saved_models/ConstantPos-final.ckpt",
        "dataFile": "../../../data/ConstPos_0709.csv"
    }
}