{
    "endIndex": 124774,
    "attack": "FastGradientMethod",
    "timeElapsedSec": 15.961444,
    "kwargs": {
        "eps": 0.01
    },
    "metrics": {
        "accuracy": 0.5075777004824723,
        "precision": 0.3347253435833029,
        "recall": 0.6657512813595899,
        "f1": 0.4454753281353931,
        "falseNegativeRate": 0.33424871864041006,
        "falsePositiveRate": 0.5592777980479796,
        "TP": 246794,
        "TN": 386531,
        "FP": 490509,
        "FN": 123906
    },
    "files": {
        "checkpointFile": "../../../saved_models/ConstantPos-final.ckpt",
        "dataFile": "../../../data/ConstPos_0709.csv"
    }
}