{
    "endIndex": 124774,
    "attack": "FastGradientMethod",
    "timeElapsedSec": 16.1088,
    "kwargs": {
        "eps": 0.22
    },
    "metrics": {
        "accuracy": 0.13352541394841874,
        "precision": 0.033652312390294876,
        "recall": 0.06914755867278123,
        "f1": 0.04527194871781286,
        "falseNegativeRate": 0.9308524413272188,
        "falsePositiveRate": 0.8392638876220013,
        "TP": 25633,
        "TN": 140972,
        "FP": 736068,
        "FN": 345067
    },
    "files": {
        "checkpointFile": "../../../saved_models/ConstantPos-final.ckpt",
        "dataFile": "../../../data/ConstPos_0709.csv"
    }
}