{
    "endIndex": 124774,
    "attack": "FastGradientMethod",
    "timeElapsedSec": 15.674493,
    "kwargs": {
        "eps": 0.04
    },
    "metrics": {
        "accuracy": 0.20795277862375175,
        "precision": 0.05103457701641103,
        "recall": 0.09468572970056649,
        "f1": 0.06632220688560551,
        "falseNegativeRate": 0.9053142702994335,
        "falsePositiveRate": 0.7441724436741768,
        "TP": 35100,
        "TN": 224371,
        "FP": 652669,
        "FN": 335600
    },
    "files": {
        "checkpointFile": "../../../saved_models/ConstantPos-final.ckpt",
        "dataFile": "../../../data/ConstPos_0709.csv"
    }
}