{
    "endIndex": 124774,
    "attack": "FastGradientMethod",
    "timeElapsedSec": 15.057873,
    "kwargs": {
        "eps": 0.02
    },
    "metrics": {
        "accuracy": 0.30721945277060925,
        "precision": 0.17499407536140296,
        "recall": 0.35855138926355545,
        "f1": 0.23519783408833522,
        "falseNegativeRate": 0.6414486107364445,
        "falsePositiveRate": 0.7144771048070784,
        "TP": 132915,
        "TN": 250415,
        "FP": 626625,
        "FN": 237785
    },
    "files": {
        "checkpointFile": "../../../saved_models/ConstantPos-final.ckpt",
        "dataFile": "../../../data/ConstPos_0709.csv"
    }
}