{
    "endIndex": 124774,
    "attack": "FastGradientMethod",
    "timeElapsedSec": 15.571355,
    "kwargs": {
        "eps": 0.05
    },
    "metrics": {
        "accuracy": 0.19678458653245068,
        "precision": 0.044970861026406656,
        "recall": 0.08418127866199082,
        "f1": 0.05862395455262743,
        "falseNegativeRate": 0.9158187213380091,
        "falsePositiveRate": 0.7556211803338502,
        "TP": 31206,
        "TN": 214330,
        "FP": 662710,
        "FN": 339494
    },
    "files": {
        "checkpointFile": "../../../saved_models/ConstantPos-final.ckpt",
        "dataFile": "../../../data/ConstPos_0709.csv"
    }
}