{
    "endIndex": 124774,
    "attack": "FastGradientMethod",
    "timeElapsedSec": 15.37444,
    "kwargs": {
        "eps": 0.13
    },
    "metrics": {
        "accuracy": 0.1497411319665956,
        "precision": 0.033297901401860314,
        "recall": 0.0664202859455085,
        "f1": 0.044358129471258737,
        "falseNegativeRate": 0.9335797140544915,
        "falsePositiveRate": 0.8150415032381647,
        "TP": 24622,
        "TN": 162216,
        "FP": 714824,
        "FN": 346078
    },
    "files": {
        "checkpointFile": "../../../saved_models/ConstantPos-final.ckpt",
        "dataFile": "../../../data/ConstPos_0709.csv"
    }
}