{
    "endIndex": 124774,
    "attack": "FastGradientMethod",
    "timeElapsedSec": 16.028656,
    "kwargs": {
        "eps": 0.03
    },
    "metrics": {
        "accuracy": 0.23155945950278103,
        "precision": 0.07801965989811294,
        "recall": 0.14666306986781763,
        "f1": 0.10185565078919019,
        "falseNegativeRate": 0.8533369301321824,
        "falsePositiveRate": 0.7325572379823041,
        "TP": 54368,
        "TN": 234558,
        "FP": 642482,
        "FN": 316332
    },
    "files": {
        "checkpointFile": "../../../saved_models/ConstantPos-final.ckpt",
        "dataFile": "../../../data/ConstPos_0709.csv"
    }
}