{
    "endIndex": 124774,
    "attack": "FastGradientMethod",
    "timeElapsedSec": 14.873746,
    "kwargs": {
        "eps": 0.11
    },
    "metrics": {
        "accuracy": 0.15872457402984597,
        "precision": 0.03354780737730257,
        "recall": 0.065867278122471,
        "f1": 0.04445407350024169,
        "falseNegativeRate": 0.934132721877529,
        "falsePositiveRate": 0.8020272735565083,
        "TP": 24417,
        "TN": 173630,
        "FP": 703410,
        "FN": 346283
    },
    "files": {
        "checkpointFile": "../../../saved_models/ConstantPos-final.ckpt",
        "dataFile": "../../../data/ConstPos_0709.csv"
    }
}