{
    "endIndex": 124774,
    "attack": "FastGradientMethod",
    "timeElapsedSec": 21.029969,
    "kwargs": {
        "eps": 0.26
    },
    "metrics": {
        "accuracy": 0.12880007052751374,
        "precision": 0.0337012093430178,
        "recall": 0.0698300512543836,
        "f1": 0.04546176994616277,
        "falseNegativeRate": 0.9301699487456164,
        "falsePositiveRate": 0.8462749703548299,
        "TP": 25886,
        "TN": 134823,
        "FP": 742217,
        "FN": 344814
    },
    "files": {
        "checkpointFile": "../../../saved_models/ConstantPos-final.ckpt",
        "dataFile": "../../../data/ConstPos_0709.csv"
    }
}