{
    "endIndex": 124774,
    "attack": "FastGradientMethod",
    "timeElapsedSec": 15.095912,
    "kwargs": {
        "eps": 0.09
    },
    "metrics": {
        "accuracy": 0.16517303284338083,
        "precision": 0.03441700379573795,
        "recall": 0.06689776099271648,
        "f1": 0.04545083826271827,
        "falseNegativeRate": 0.9331022390072835,
        "falsePositiveRate": 0.7932887895649001,
        "TP": 24799,
        "TN": 181294,
        "FP": 695746,
        "FN": 345901
    },
    "files": {
        "checkpointFile": "../../../saved_models/ConstantPos-final.ckpt",
        "dataFile": "../../../data/ConstPos_0709.csv"
    }
}