{
    "endIndex": 124774,
    "attack": "FastGradientMethod",
    "timeElapsedSec": 20.442128,
    "kwargs": {
        "eps": 0.27
    },
    "metrics": {
        "accuracy": 0.12797778383317038,
        "precision": 0.033720514537170045,
        "recall": 0.06997302400863231,
        "f1": 0.04550961239018014,
        "falseNegativeRate": 0.9300269759913676,
        "falsePositiveRate": 0.8475052449147131,
        "TP": 25939,
        "TN": 133744,
        "FP": 743296,
        "FN": 344761
    },
    "files": {
        "checkpointFile": "../../../saved_models/ConstantPos-final.ckpt",
        "dataFile": "../../../data/ConstPos_0709.csv"
    }
}