{
    "endIndex": 124774,
    "attack": "FastGradientMethod",
    "timeElapsedSec": 15.590945,
    "kwargs": {
        "eps": 0.12
    },
    "metrics": {
        "accuracy": 0.15338291631269335,
        "precision": 0.03335774331946773,
        "recall": 0.06611006204478015,
        "f1": 0.044341633404862794,
        "falseNegativeRate": 0.9338899379552199,
        "falsePositiveRate": 0.8097293167928487,
        "TP": 24507,
        "TN": 166875,
        "FP": 710165,
        "FN": 346193
    },
    "files": {
        "checkpointFile": "../../../saved_models/ConstantPos-final.ckpt",
        "dataFile": "../../../data/ConstPos_0709.csv"
    }
}