{
    "endIndex": 124774,
    "attack": "FastGradientMethod",
    "timeElapsedSec": 17.904384,
    "kwargs": {
        "eps": 0.23
    },
    "metrics": {
        "accuracy": 0.13225832304807092,
        "precision": 0.033673028306459005,
        "recall": 0.06934718100890208,
        "f1": 0.04533342738486769,
        "falseNegativeRate": 0.930652818991098,
        "falsePositiveRate": 0.841150916719876,
        "TP": 25707,
        "TN": 139317,
        "FP": 737723,
        "FN": 344993
    },
    "files": {
        "checkpointFile": "../../../saved_models/ConstantPos-final.ckpt",
        "dataFile": "../../../data/ConstPos_0709.csv"
    }
}