{
    "endIndex": 124774,
    "attack": "ProjectedGradientDescent",
    "timeElapsedSec": 128.247587,
    "kwargs": {
        "eps": 0.14,
        "max_iter": 5
    },
    "metrics": {
        "accuracy": 0.5078109221472422,
        "precision": 0.29342697506432497,
        "recall": 0.4663771243593202,
        "f1": 0.3602181903039496,
        "attackSuccessRate": 0.5336228756406798,
        "falsePositiveRate": 0.474676183526407,
        "TP": 172886,
        "TN": 460730,
        "FP": 416310,
        "FN": 197814
    },
    "files": {
        "checkpointFile": "../../../saved_models/RandomSpeed-final.ckpt",
        "dataFile": "../../../data/RandomSpeed_0709.csv"
    }
}