{
    "endIndex": 124774,
    "attack": "ProjectedGradientDescent",
    "timeElapsedSec": 124.079219,
    "kwargs": {
        "eps": 0.23,
        "max_iter": 5
    },
    "metrics": {
        "accuracy": 0.4039864074246237,
        "precision": 0.19552475182863113,
        "recall": 0.3230509846236849,
        "f1": 0.24360747777619565,
        "attackSuccessRate": 0.6769490153763151,
        "falsePositiveRate": 0.5618044787010855,
        "TP": 119755,
        "TN": 384315,
        "FP": 492725,
        "FN": 250945
    },
    "files": {
        "checkpointFile": "../../../saved_models/RandomSpeed-final.ckpt",
        "dataFile": "../../../data/RandomSpeed_0709.csv"
    }
}