{
    "endIndex": 124774,
    "attack": "ProjectedGradientDescent",
    "timeElapsedSec": 117.917336,
    "kwargs": {
        "eps": 0.15,
        "max_iter": 5
    },
    "metrics": {
        "accuracy": 0.4809535640437912,
        "precision": 0.2715913345990858,
        "recall": 0.4441489074723496,
        "f1": 0.33706919759613563,
        "attackSuccessRate": 0.5558510925276504,
        "falsePositiveRate": 0.5034901486819301,
        "TP": 164646,
        "TN": 435459,
        "FP": 441581,
        "FN": 206054
    },
    "files": {
        "checkpointFile": "../../../saved_models/RandomSpeed-final.ckpt",
        "dataFile": "../../../data/RandomSpeed_0709.csv"
    }
}