{
    "endIndex": 124774,
    "attack": "ProjectedGradientDescent",
    "timeElapsedSec": 101.166289,
    "kwargs": {
        "eps": 0.06,
        "max_iter": 5
    },
    "metrics": {
        "accuracy": 0.8161748441181657,
        "precision": 0.7164260469560637,
        "recall": 0.6310385756676558,
        "f1": 0.6710268524335287,
        "attackSuccessRate": 0.3689614243323442,
        "falsePositiveRate": 0.10557329198212168,
        "TP": 233926,
        "TN": 784448,
        "FP": 92592,
        "FN": 136774
    },
    "files": {
        "checkpointFile": "../../../saved_models/RandomSpeed-final.ckpt",
        "dataFile": "../../../data/RandomSpeed_0709.csv"
    }
}