{
    "endIndex": 124774,
    "attack": "ProjectedGradientDescent",
    "timeElapsedSec": 121.106409,
    "kwargs": {
        "eps": 0.19,
        "max_iter": 5
    },
    "metrics": {
        "accuracy": 0.4218691394040425,
        "precision": 0.21750689200141143,
        "recall": 0.3641623954680335,
        "f1": 0.2723466152618609,
        "attackSuccessRate": 0.6358376045319666,
        "falsePositiveRate": 0.5537398522302289,
        "TP": 134995,
        "TN": 391388,
        "FP": 485652,
        "FN": 235705
    },
    "files": {
        "checkpointFile": "../../../saved_models/RandomSpeed-final.ckpt",
        "dataFile": "../../../data/RandomSpeed_0709.csv"
    }
}