{
    "endIndex": 124774,
    "attack": "ProjectedGradientDescent",
    "timeElapsedSec": 119.326119,
    "kwargs": {
        "eps": 0.27,
        "max_iter": 5
    },
    "metrics": {
        "accuracy": 0.3947897799220992,
        "precision": 0.1812859485441513,
        "recall": 0.294947396816833,
        "f1": 0.2245530226869675,
        "attackSuccessRate": 0.705052603183167,
        "falsePositiveRate": 0.5630096688862538,
        "TP": 109337,
        "TN": 383258,
        "FP": 493782,
        "FN": 261363
    },
    "files": {
        "checkpointFile": "../../../saved_models/RandomSpeed-final.ckpt",
        "dataFile": "../../../data/RandomSpeed_0709.csv"
    }
}