{
    "endIndex": 124774,
    "attack": "ProjectedGradientDescent",
    "timeElapsedSec": 119.269246,
    "kwargs": {
        "eps": 0.28,
        "max_iter": 5
    },
    "metrics": {
        "accuracy": 0.3924888197861734,
        "precision": 0.17866126837686258,
        "recall": 0.29045589425411383,
        "f1": 0.2212377743075532,
        "attackSuccessRate": 0.7095441057458861,
        "falsePositiveRate": 0.5643847487001733,
        "TP": 107672,
        "TN": 382052,
        "FP": 494988,
        "FN": 263028
    },
    "files": {
        "checkpointFile": "../../../saved_models/RandomSpeed-final.ckpt",
        "dataFile": "../../../data/RandomSpeed_0709.csv"
    }
}