epoch,step,trainLoss
24,49,0.6866581439971924
49,99,0.1764305830001831
74,149,0.03819344565272331
