epoch,step,trainLoss
24,49,0.6866581439971924
49,99,0.1764305830001831
74,149,0.03819344565272331
99,199,0.007879460230469704
124,249,0.0014601811999455094
124,249,0.0020160360727459192
124,249,0.04552656412124634
124,249,0.08134236186742783
124,249,0.0017869389848783612
124,249,0.023257309570908546
124,249,0.05733228474855423
124,249,0.0439743846654892
124,249,0.01189564447849989
