epoch,step,trainLoss
49,49,0.19242548942565918
99,99,0.001770123140886426
149,149,0.00020422348461579531
199,199,0.00013235464575700462
249,249,0.00017379554628860205
299,299,9.59934841375798e-05
349,349,0.00011422188981669024
