epoch,step,trainLoss
24,49,0.7338953614234924
49,99,1.6989461183547974
74,149,0.2463526874780655
99,199,0.5636618733406067
