epoch,step,trainLoss
16,49,2.776962995529175
33,99,1.5033178329467773
49,149,0.22222347557544708
