epoch,step,trainLoss
49,49,0.36116325855255127
99,99,0.003397908993065357
99,99,0.019210467115044594
99,99,0.08158957958221436
