epoch,step,trainLoss
49,49,2.0832488536834717
99,99,0.5950918197631836
