{
    "endIndex": 124774,
    "attack": "FastGradientMethod",
    "timeElapsedSec": 15.969187,
    "kwargs": {
        "eps": 0.28
    },
    "metrics": {
        "accuracy": 0.1357863016333531,
        "precision": 0.157042794163833,
        "recall": 0.4370407337469652,
        "f1": 0.23105874768956944,
        "attackSuccessRate": 0.5629592662530348,
        "falsePositiveRate": 0.991545425522211,
        "TP": 162011,
        "TN": 7415,
        "FP": 869625,
        "FN": 208689
    },
    "files": {
        "checkpointFile": "../../../saved_models/RandomPos-final.ckpt",
        "dataFile": "../../../data/RandomPos_0709.csv"
    }
}