{
    "endIndex": 124774,
    "attack": "FastGradientMethod",
    "timeElapsedSec": 17.360455,
    "kwargs": {
        "eps": 0.01
    },
    "metrics": {
        "accuracy": 0.9824522737108693,
        "precision": 0.9983369955624641,
        "recall": 0.9425060695980577,
        "f1": 0.9696185072481264,
        "attackSuccessRate": 0.05749393040194227,
        "falsePositiveRate": 0.000663595731095503,
        "TP": 349387,
        "TN": 876458,
        "FP": 582,
        "FN": 21313
    },
    "files": {
        "checkpointFile": "../../../saved_models/RandomPos-final.ckpt",
        "dataFile": "../../../data/RandomPos_0709.csv"
    }
}