{
    "endIndex": 124774,
    "attack": "FastGradientMethod",
    "timeElapsedSec": 19.523956,
    "kwargs": {
        "eps": 0.17
    },
    "metrics": {
        "accuracy": 0.20419157837369964,
        "precision": 0.21756188781670133,
        "recall": 0.6465173995144321,
        "f1": 0.3255662946837919,
        "attackSuccessRate": 0.35348260048556784,
        "falsePositiveRate": 0.9827670345708291,
        "TP": 239664,
        "TN": 15114,
        "FP": 861926,
        "FN": 131036
    },
    "files": {
        "checkpointFile": "../../../saved_models/RandomPos-final.ckpt",
        "dataFile": "../../../data/RandomPos_0709.csv"
    }
}