{
    "endIndex": 124774,
    "attack": "FastGradientMethod",
    "timeElapsedSec": 16.425348,
    "kwargs": {
        "eps": 0.19
    },
    "metrics": {
        "accuracy": 0.18946895987946208,
        "precision": 0.20581633496505422,
        "recall": 0.604529268950634,
        "f1": 0.30708378724657936,
        "attackSuccessRate": 0.3954707310493661,
        "falsePositiveRate": 0.9859652923469853,
        "TP": 224099,
        "TN": 12309,
        "FP": 864731,
        "FN": 146601
    },
    "files": {
        "checkpointFile": "../../../saved_models/RandomPos-final.ckpt",
        "dataFile": "../../../data/RandomPos_0709.csv"
    }
}