{
    "endIndex": 124774,
    "attack": "FastGradientMethod",
    "timeElapsedSec": 16.528285,
    "kwargs": {
        "eps": 0.04
    },
    "metrics": {
        "accuracy": 0.9597752736948403,
        "precision": 0.9627047097683228,
        "recall": 0.899452387375236,
        "f1": 0.9300042954128338,
        "attackSuccessRate": 0.10054761262476396,
        "falsePositiveRate": 0.014727948554227857,
        "TP": 333427,
        "TN": 864123,
        "FP": 12917,
        "FN": 37273
    },
    "files": {
        "checkpointFile": "../../../saved_models/RandomPos-final.ckpt",
        "dataFile": "../../../data/RandomPos_0709.csv"
    }
}