{
    "endIndex": 124774,
    "attack": "FastGradientMethod",
    "timeElapsedSec": 17.358363,
    "kwargs": {
        "eps": 0.09
    },
    "metrics": {
        "accuracy": 0.5214820395274656,
        "precision": 0.3634575991468437,
        "recall": 0.8127272727272727,
        "f1": 0.5022882207895486,
        "attackSuccessRate": 0.18727272727272729,
        "falsePositiveRate": 0.601619082367965,
        "TP": 301278,
        "TN": 349396,
        "FP": 527644,
        "FN": 69422
    },
    "files": {
        "checkpointFile": "../../../saved_models/RandomPos-final.ckpt",
        "dataFile": "../../../data/RandomPos_0709.csv"
    }
}