{
    "endIndex": 124774,
    "attack": "FastGradientMethod",
    "timeElapsedSec": 18.05118,
    "kwargs": {
        "eps": 0.18
    },
    "metrics": {
        "accuracy": 0.19656899674611697,
        "precision": 0.2116316285795402,
        "recall": 0.6253763150795791,
        "f1": 0.31624409072338205,
        "attackSuccessRate": 0.3746236849204208,
        "falsePositiveRate": 0.9846757274468667,
        "TP": 231827,
        "TN": 13440,
        "FP": 863600,
        "FN": 138873
    },
    "files": {
        "checkpointFile": "../../../saved_models/RandomPos-final.ckpt",
        "dataFile": "../../../data/RandomPos_0709.csv"
    }
}