epoch,step,trainLoss
24,49,1.343138337135315
49,99,0.18801963329315186
74,149,0.059390753507614136
99,199,0.04603848233819008
124,249,0.04953275993466377
149,299,0.0426834300160408
174,349,0.046982381492853165
199,399,0.03959210589528084
