epoch,step,trainLoss
24,49,0.15335124731063843
49,99,0.01430096011608839
74,149,0.007617907132953405
