epoch,step,trainLoss
24,49,0.15335124731063843
49,99,0.01430096011608839
