epoch,step,trainLoss
8,49,2.3648581504821777
16,99,0.09445138275623322
24,149,0.04949264973402023
33,199,0.6450463533401489
41,249,0.06934396177530289
49,299,0.01155801210552454
58,349,0.04123871773481369
