epoch,step,trainLoss
16,49,0.21905890107154846
33,99,0.02115252986550331
49,149,0.005113809369504452
66,199,0.0004909841227345169
