epoch,step,trainLoss
49,49,2.9957330226898193
99,99,0.5083662271499634
149,149,0.008346622809767723
199,199,0.0008170183282345533
249,249,0.0003013177774846554
299,299,0.00010821635078173131
349,349,9.530279930913821e-05
399,399,0.00014797080075368285
449,449,4.105236803297885e-05
499,499,5.353090455173515e-05
549,549,0.0001076584667316638
599,599,3.059626396861859e-05
649,649,4.44222278019879e-05
699,699,9.748613956617191e-05
