epoch,step,trainLoss
49,49,2.9957330226898193
99,99,0.5083662271499634
