epoch,step,trainLoss
8,49,0.381151020526886
16,99,0.028170090168714523
24,149,0.007862074300646782
33,199,0.013610397465527058
41,249,0.02383510395884514
49,299,0.003275312716141343
58,349,0.01379074901342392
58,349,0.008878037333488464
58,349,0.006817672401666641
58,349,0.0038158271927386522
58,349,0.00402717012912035
58,349,0.002999905264005065
58,349,0.010351568460464478
58,349,0.009231511503458023
58,349,0.008338022977113724
58,349,0.002675321651622653
58,349,0.01049700565636158
58,349,0.0052653769962489605
58,349,0.015005667693912983
58,349,0.0019621471874415874
58,349,0.0013792433310300112
58,349,0.01160193420946598
58,349,0.004814221989363432
58,349,0.011098707094788551
58,349,0.003313950728625059
58,349,0.007325907703489065
58,349,0.002877124585211277
58,349,0.0034739382099360228
