epoch,step,trainLoss
9,49,1.9519315958023071
19,99,0.09501945227384567
29,149,0.05609532818198204
39,199,1.9519315958023071
49,249,0.09501945227384567
59,299,0.05609533190727234
69,349,0.1479131132364273
79,399,0.06162111461162567
89,449,0.04191501811146736
99,499,0.1479131132364273
109,549,0.061621107161045074
119,599,0.04191501811146736
