epoch,step,trainLoss
49,49,2.924160957336426
99,99,0.6129796504974365
149,149,0.2351568341255188
