epoch,step,trainLoss
24,49,1.5053298473358154
49,99,0.6160591840744019
74,149,0.42616376280784607
99,199,0.10379964113235474
124,249,0.014952984638512135
149,299,0.005681260954588652
174,349,0.004821609240025282
199,399,0.004932544194161892
224,449,0.0023833552841097116
249,499,0.004170116037130356
274,549,0.0020148016046732664
299,599,0.003885530401021242
324,649,0.0023378024343401194
349,699,0.002965057734400034
374,749,0.002430311869829893
399,799,0.002833876060321927
