epoch,step,trainLoss
24,49,1.8425920009613037
49,99,0.285269170999527
