epoch,step,trainLoss
12,49,1.8833796977996826
24,99,0.05610489100217819
37,149,0.35103797912597656
49,199,0.047035664319992065
