epoch,step,trainLoss
16,49,1.2906454801559448
33,99,0.651431679725647
49,149,0.10011086612939835
66,199,0.06957821547985077
83,249,0.01219034381210804
99,299,0.005528812762349844
116,349,0.0201321579515934
133,399,0.007948664017021656
149,449,0.001453012810088694
166,499,0.02816278673708439
183,549,0.0037709635216742754
199,599,0.0014170404756441712
216,649,0.045418012887239456
233,699,0.00488158967345953
249,749,0.0023457694333046675
266,799,0.01377655379474163
283,849,0.0045868149027228355
299,899,0.0006324433488771319
316,949,0.016179712489247322
333,999,0.0023231355007737875
349,1049,0.000755279092118144
366,1099,0.03644368797540665
383,1149,0.005070042330771685
399,1199,0.0018308685394003987
416,1249,0.010185602121055126
433,1299,0.0045563941821455956
449,1349,0.0004695283423643559
466,1399,0.013865813612937927
483,1449,0.00226025702431798
499,1499,0.000602149695623666
516,1549,0.035318221896886826
533,1599,0.004780810326337814
549,1649,0.001723907538689673
566,1699,0.009986909106373787
583,1749,0.004456999711692333
599,1799,0.0004392759292386472
616,1849,0.014082366600632668
633,1899,0.002219967544078827
649,1949,0.0005157690029591322
666,1999,0.03555552661418915
683,2049,0.004104237072169781
699,2099,0.001504496787674725
716,2149,0.010226595215499401
733,2199,0.004302486777305603
749,2249,0.0003514964773785323
766,2299,0.0133576150983572
783,2349,0.0022023580968379974
799,2399,0.0004437089082784951
816,2449,0.03366843983530998
833,2499,0.003962033893913031
849,2549,0.001298614195547998
866,2599,0.009452409110963345
883,2649,0.0040782359428703785
899,2699,0.000299652834655717
