epoch,step,trainLoss
7,49,2.3101935386657715
14,99,0.2389274537563324
21,149,0.04818197712302208
28,199,0.033774808049201965
35,249,0.18708688020706177
42,299,0.04018884524703026
49,349,0.06851410120725632
57,399,0.03781690075993538
