epoch,step,trainLoss
49,49,0.8634633421897888
99,99,0.12041562050580978
149,149,0.10853275656700134
199,199,0.1075727567076683
249,249,0.1044476255774498
299,299,0.09908735007047653
349,349,0.09412851929664612
