epoch,step,trainLoss
49,49,0.6931473612785339
99,99,0.0694059357047081
