epoch,step,trainLoss
24,49,1.3579051494598389
49,99,0.2438269704580307
74,149,0.0930035337805748
99,199,0.09398113936185837
124,249,0.17615795135498047
149,299,0.07694020867347717
174,349,0.0777873620390892
199,399,0.07534319162368774
224,449,0.07599327713251114
249,499,0.0767492949962616
274,549,0.11478433012962341
299,599,0.055880844593048096
324,649,0.05671963468194008
349,699,0.05884261429309845
374,749,0.06376253813505173
399,799,0.07130484282970428
