epoch,step,trainLoss
16,49,0.11509597301483154
33,99,0.007814599201083183
49,149,0.003219720209017396
