epoch,step,trainLoss
49,49,0.42878517508506775
99,99,0.04585712403059006
149,149,0.022654792293906212
199,199,0.02398690953850746
249,249,0.04814418405294418
299,299,0.02080562897026539
349,349,0.024898206815123558
