epoch,step,trainLoss
24,49,2.0328621864318848
49,99,0.18679814040660858
74,149,0.055881425738334656
99,199,0.051060862839221954
124,249,0.06902752816677094
149,299,0.030260272324085236
174,349,0.0362599678337574
199,399,0.03865649551153183
224,449,0.04352482408285141
249,499,0.048927463591098785
274,549,0.07393025606870651
299,599,0.02730800397694111
324,649,0.029323073104023933
349,699,0.040729932487010956
