epoch,step,trainLoss
16,49,0.10081271082162857
33,99,0.009421372786164284
49,149,0.005842989776283503
