epoch,step,trainLoss
24,49,2.0328621864318848
49,99,0.18679814040660858
