epoch,step,trainLoss
49,49,2.778125762939453
99,99,0.7212889194488525
149,149,0.014268537051975727
199,199,0.0029529992025345564
249,249,0.004313169978559017
299,299,0.0010028551332652569
349,349,0.000710584397893399
399,399,0.0009386633173562586
449,449,0.00035254814429208636
499,499,0.0004749995714519173
549,549,0.0006992475828155875
599,599,0.00031905551441013813
649,649,0.0005011827452108264
699,699,0.0008940287516452372
