epoch,step,trainLoss
49,49,2.778125762939453
99,99,0.7212889194488525
