{
    "endIndex": 124774,
    "attack": "FastGradientMethod",
    "timeElapsedSec": 17.888523,
    "kwargs": {
        "eps": 0.01
    },
    "metrics": {
        "accuracy": 0.9221616682962797,
        "precision": 0.9339009179899382,
        "recall": 0.7942163474507689,
        "f1": 0.8584132463692901,
        "attackSuccessRate": 0.20578365254923117,
        "falsePositiveRate": 0.02375946365046064,
        "TP": 294416,
        "TN": 856202,
        "FP": 20838,
        "FN": 76284
    },
    "files": {
        "checkpointFile": "../../../saved_models/RandomSpeed-final.ckpt",
        "dataFile": "../../../data/RandomSpeed_0709.csv"
    }
}