{
    "endIndex": 124774,
    "attack": "FastGradientMethod",
    "timeElapsedSec": 16.238603,
    "kwargs": {
        "eps": 0.11
    },
    "metrics": {
        "accuracy": 0.6858680494333755,
        "precision": 0.47075673399978535,
        "recall": 0.46150795791745347,
        "f1": 0.4660864685057014,
        "attackSuccessRate": 0.5384920420825465,
        "falsePositiveRate": 0.21930128614430355,
        "TP": 171081,
        "TN": 684704,
        "FP": 192336,
        "FN": 199619
    },
    "files": {
        "checkpointFile": "../../../saved_models/RandomSpeed-final.ckpt",
        "dataFile": "../../../data/RandomSpeed_0709.csv"
    }
}