{
    "endIndex": 124774,
    "attack": "FastGradientMethod",
    "timeElapsedSec": 22.543375,
    "kwargs": {
        "eps": 0.26
    },
    "metrics": {
        "accuracy": 0.47494109349704267,
        "precision": 0.1991809988345309,
        "recall": 0.2540248179120583,
        "f1": 0.22328449940780418,
        "attackSuccessRate": 0.7459751820879418,
        "falsePositiveRate": 0.4316838456626836,
        "TP": 94167,
        "TN": 498436,
        "FP": 378604,
        "FN": 276533
    },
    "files": {
        "checkpointFile": "../../../saved_models/RandomSpeed-final.ckpt",
        "dataFile": "../../../data/RandomSpeed_0709.csv"
    }
}