{
    "endIndex": 124774,
    "attack": "FastGradientMethod",
    "timeElapsedSec": 18.278553,
    "kwargs": {
        "eps": 0.12
    },
    "metrics": {
        "accuracy": 0.6599147258242903,
        "precision": 0.42880995105169833,
        "recall": 0.43577825735095765,
        "f1": 0.43226602303378003,
        "attackSuccessRate": 0.5642217426490423,
        "falsePositiveRate": 0.24534912888807808,
        "TP": 161543,
        "TN": 661859,
        "FP": 215181,
        "FN": 209157
    },
    "files": {
        "checkpointFile": "../../../saved_models/RandomSpeed-final.ckpt",
        "dataFile": "../../../data/RandomSpeed_0709.csv"
    }
}