{
    "endIndex": 124774,
    "attack": "FastGradientMethod",
    "timeElapsedSec": 18.691645,
    "kwargs": {
        "eps": 0.21
    },
    "metrics": {
        "accuracy": 0.510446887973456,
        "precision": 0.237594658682373,
        "recall": 0.29326949015376313,
        "f1": 0.2625126016431939,
        "attackSuccessRate": 0.7067305098462369,
        "falsePositiveRate": 0.39775836905956397,
        "TP": 108715,
        "TN": 528190,
        "FP": 348850,
        "FN": 261985
    },
    "files": {
        "checkpointFile": "../../../saved_models/RandomSpeed-final.ckpt",
        "dataFile": "../../../data/RandomSpeed_0709.csv"
    }
}