epoch,step,trainLoss
49,49,0.6931473016738892
99,99,0.6647955179214478
149,149,0.6666454076766968
199,199,0.6660048365592957
249,249,0.6686670184135437
299,299,0.6740037798881531
349,349,0.6517277956008911
399,399,0.5284120440483093
