epoch,step,trainLoss
49,49,2.625067710876465
99,99,1.0734630823135376
149,149,0.01960459165275097
199,199,0.024492304772138596
249,249,0.033573757857084274
299,299,0.014007759280502796
349,349,0.018717000260949135
399,399,0.020503535866737366
449,449,0.015401680022478104
499,499,0.01674501784145832
549,549,0.02302820421755314
599,599,0.0047310469672083855
649,649,0.01439917366951704
699,699,0.019465463235974312
749,749,0.001317730057053268
