epoch,step,trainLoss
49,49,0.5844544768333435
99,99,0.013932841829955578
149,149,0.0023252677638083696
199,199,0.0028515032026916742
249,249,0.008893825113773346
299,299,0.0009368737228214741
349,349,0.001523801707662642
