epoch,step,trainLoss
24,49,1.0528860092163086
49,99,0.16518902778625488
74,149,0.013841263018548489
99,199,0.002826398704200983
124,249,0.0012210712302476168
149,299,0.0017170155188068748
174,349,0.0016880721086636186
199,399,0.000552256649825722
224,449,0.00046942252083681524
249,499,0.0005764336092397571
274,549,0.0008077562670223415
299,599,0.00014593316882383078
324,649,0.00016967134433798492
349,699,0.00020581281569320709
374,749,0.00024726579431444407
