epoch,step,trainLoss
16,49,0.28929489850997925
33,99,0.02277257665991783
49,149,0.0070593710988759995
