epoch,step,trainLoss
16,49,1.9606244564056396
33,99,0.5624004602432251
49,149,0.06251887232065201
66,199,0.03648603707551956
83,249,0.055032771080732346
99,299,0.009495789185166359
116,349,0.034453775733709335
133,399,0.049229126423597336
149,449,0.0064850845374166965
166,499,0.031612370163202286
183,549,0.04243898019194603
199,599,0.0063074687495827675
