epoch,step,trainLoss
16,49,0.6931473016738892
33,99,0.6931473016738892
49,149,0.6931473612785339
66,199,0.5220209956169128
66,199,0.5099461674690247
66,199,0.4169918894767761
66,199,0.5329681038856506
66,199,0.12124840915203094
66,199,0.38769617676734924
66,199,0.48514074087142944
66,199,0.1413191258907318
66,199,0.2673397958278656
66,199,0.40785616636276245
66,199,0.2248302400112152
66,199,0.5915616154670715
66,199,0.20511332154273987
66,199,0.20047494769096375
66,199,0.3815625011920929
66,199,0.39219987392425537
66,199,0.18319092690944672
66,199,0.30969589948654175
66,199,0.2308437079191208
66,199,0.376630961894989
66,199,0.09511387348175049
66,199,0.3119669556617737
66,199,0.44610291719436646
66,199,0.39924708008766174
66,199,0.4434196352958679
66,199,0.32329145073890686
66,199,0.48415836691856384
66,199,0.16592280566692352
66,199,0.268311470746994
66,199,0.4845663905143738
66,199,0.170434832572937
