epoch,step,trainLoss
24,49,2.3369007110595703
49,99,0.24691756069660187
74,149,0.055252958089113235
99,199,0.06093917042016983
124,249,0.09795639663934708
149,299,0.03674878180027008
174,349,0.051994115114212036
199,399,0.032494012266397476
224,449,0.047300804406404495
249,499,0.06309221684932709
274,549,0.05485238879919052
299,599,0.03377210721373558
324,649,0.03483075648546219
349,699,0.028455467894673347
374,749,0.03853551298379898
