epoch,step,trainLoss
24,49,2.818309783935547
49,99,2.88311767578125
74,149,0.32259124517440796
99,199,0.6805298924446106
