epoch,step,trainLoss
49,49,0.6463623642921448
99,99,0.0254824198782444
149,149,0.021172529086470604
199,199,0.02689051255583763
249,249,0.027597354725003242
299,299,0.020469436421990395
349,349,0.020681768655776978
