epoch,step,trainLoss
24,49,0.6931473016738892
49,99,0.6931473016738892
74,149,0.6931473016738892
99,199,0.11068693548440933
99,199,0.2610829472541809
99,199,0.05797658860683441
99,199,0.1114414855837822
99,199,0.1181095689535141
99,199,0.3218115568161011
99,199,0.14211595058441162
99,199,0.024350425228476524
99,199,0.15451990067958832
99,199,0.08362343162298203
99,199,0.04693073034286499
99,199,0.3070123493671417
99,199,0.053986914455890656
99,199,0.04704522714018822
99,199,0.1125168651342392
99,199,0.2221301794052124
99,199,0.1371431201696396
99,199,0.06209830939769745
99,199,0.08458559215068817
