epoch,step,trainLoss
24,49,2.8370587825775146
49,99,2.895831346511841
74,149,0.4682786464691162
99,199,0.8308259844779968
