epoch,step,trainLoss
24,49,0.6931473016738892
49,99,0.6931473016738892
74,149,0.2528310716152191
74,149,0.03382043540477753
74,149,0.08335728198289871
74,149,0.08557535707950592
74,149,0.07114845514297485
74,149,0.15631546080112457
74,149,0.07518120110034943
74,149,0.09561678767204285
74,149,0.03509454429149628
74,149,0.08588047325611115
74,149,0.1688677966594696
74,149,0.17850171029567719
74,149,0.048636291176080704
74,149,0.14830999076366425
74,149,0.05565226823091507
74,149,0.021378321573138237
74,149,0.05092192813754082
74,149,0.020555905997753143
74,149,0.07675487548112869
74,149,0.06926559656858444
74,149,0.05646465718746185
74,149,0.054311949759721756
74,149,0.08403889089822769
74,149,0.08618282526731491
74,149,0.04910152032971382
74,149,0.026726003736257553
74,149,0.1423669010400772
74,149,0.05057289078831673
74,149,0.1486154943704605
74,149,0.05532713234424591
74,149,0.0163038969039917
