epoch,step,trainLoss
12,49,2.427553653717041
24,99,2.6421003341674805
37,149,0.36412253975868225
49,199,0.07068056613206863
