epoch,step,trainLoss
8,49,1.3773274421691895
16,99,0.07337357103824615
24,149,0.047692134976387024
33,199,2.4969539642333984
41,249,0.20852060616016388
49,299,0.05292351916432381
58,349,0.019912738353013992
66,399,0.1336820423603058
74,449,0.04944903776049614
83,499,0.019992519170045853
91,549,1.0118257999420166
99,599,0.07081211358308792
108,649,0.023210061714053154
116,699,0.04780210554599762
