epoch,step,trainLoss
8,49,2.422029733657837
16,99,0.13266035914421082
24,149,0.03138813376426697
33,199,2.5677566528320312
41,249,0.9638381004333496
49,299,0.08893757313489914
58,349,0.0373440682888031
66,399,0.19851621985435486
74,449,0.058980658650398254
83,499,0.0368451327085495
91,549,0.7091852426528931
99,599,0.12994806468486786
108,649,0.048225801438093185
116,699,0.015669124200940132
