epoch,step,trainLoss
49,49,0.3777194023132324
99,99,0.006757440976798534
