epoch,step,trainLoss
49,49,0.5074529051780701
99,99,0.001110448269173503
