epoch,step,trainLoss
24,49,1.1027754545211792
49,99,0.18323159217834473
