epoch,step,trainLoss
24,49,0.49178916215896606
49,99,0.020729251205921173
