epoch,step,trainLoss
24,49,1.1027754545211792
49,99,0.18323159217834473
74,149,0.0448923334479332
99,199,0.039369553327560425
124,249,0.03847290202975273
149,299,0.015509514138102531
174,349,0.019024575129151344
199,399,0.031862739473581314
224,449,0.03320300206542015
249,499,0.0345572866499424
274,549,0.03677220270037651
299,599,0.013251706957817078
324,649,0.018726984038949013
349,699,0.024977289140224457
