epoch,step,trainLoss
24,49,0.6931473016738892
49,99,0.6931473016738892
74,149,0.004966146312654018
99,199,0.0002143291785614565
124,249,8.892971891327761e-06
