{
    "endIndex": 124774,
    "attack": "ProjectedGradientDescent",
    "timeElapsedSec": 841.768200025,
    "kwargs": {
        "eps": 0.05,
        "max_iter": 5
    },
    "metrics": {
        "accuracy": 0.9939827207591325,
        "precision": 0.9982057613168724,
        "recall": 0.9815106555165902,
        "f1": 0.9897878128400436,
        "attackSuccessRate": 0.018489344483409765,
        "falsePositiveRate": 0.0007456900483444312,
        "TP": 363846,
        "TN": 876386,
        "FP": 654,
        "FN": 6854
    },
    "files": {
        "checkpointFile": "../../../saved_models/RandomPos-final.ckpt",
        "dataFile": "../../../data/RandomPos_0709.csv"
    }
}