epoch,step,trainLoss
49,49,0.2504981756210327
99,99,0.020263249054551125
99,99,0.061075009405612946
99,99,0.04807782173156738
99,99,0.22339732944965363
99,99,0.015127203427255154
99,99,0.06592687219381332
99,99,0.018362168222665787
99,99,0.021177159622311592
99,99,0.043340664356946945
