epoch,step,trainLoss
24,49,0.26591911911964417
49,99,0.03620409965515137
