epoch,step,trainLoss
24,49,0.26591911911964417
49,99,0.03620409965515137
74,149,0.6619877815246582
99,199,0.5073181986808777
