epoch,step,trainLoss
49,49,0.3751942813396454
99,99,0.0323106050491333
149,149,0.012025224976241589
199,199,0.02054731920361519
249,249,0.03132579103112221
299,299,0.012983119115233421
349,349,0.02117520198225975
