epoch,step,trainLoss
49,49,2.7551729679107666
99,99,1.498117446899414
