epoch,step,trainLoss
24,49,1.2580667734146118
49,99,1.2925517559051514
74,149,0.24720987677574158
99,199,0.48037251830101013
