epoch,step,trainLoss
24,49,1.2251442670822144
49,99,0.2440040111541748
74,149,0.06284632533788681
99,199,0.061341606080532074
124,249,0.06508656591176987
149,299,0.050545305013656616
174,349,0.05037252604961395
199,399,0.051698122173547745
224,449,0.05464319512248039
249,499,0.060989703983068466
274,549,0.0685553327202797
299,599,0.04649185761809349
324,649,0.04821128398180008
349,699,0.04940119385719299
374,749,0.052434686571359634
