epoch,step,trainLoss
49,49,0.6931473016738892
99,99,0.017179341986775398
