epoch,step,trainLoss
16,49,0.9678686261177063
33,99,1.2628004550933838
49,149,0.06570488959550858
