epoch,step,trainLoss
24,49,2.3276162147521973
49,99,2.4633030891418457
74,149,0.2956847548484802
99,199,0.6356059312820435
