epoch,step,trainLoss
24,49,2.586594820022583
49,99,0.25778985023498535
