epoch,step,trainLoss
16,49,2.482750415802002
33,99,2.975100040435791
49,149,1.1126090288162231
66,199,0.6913042664527893
83,249,0.11021727323532104
99,299,0.34191179275512695
116,349,0.11636383831501007
