epoch,step,trainLoss
16,49,2.580817699432373
33,99,0.7427165508270264
49,149,0.1481260359287262
