epoch,step,trainLoss
49,49,0.6931473016738892
99,99,0.05915616452693939
99,99,0.05880190432071686
