epoch,step,trainLoss
16,49,1.2362515926361084
33,99,0.6082371473312378
49,149,0.11684146523475647
