{
    "endIndex": 124774,
    "attack": "ProjectedGradientDescent",
    "timeElapsedSec": 3065.291804786,
    "kwargs": {
        "eps": 0.2
    },
    "metrics": {
        "accuracy": 0.07942119351788032,
        "precision": 0.012706879855279626,
        "recall": 0.027361748044240627,
        "f1": 0.01735434744111918,
        "attackSuccessRate": 0.9726382519557594,
        "falsePositiveRate": 0.8985747514366506,
        "TP": 10143,
        "TN": 88954,
        "FP": 788086,
        "FN": 360557
    },
    "files": {
        "checkpointFile": "../../../saved_models/ConstantPos-final.ckpt",
        "dataFile": "../../../data/ConstPos_0709.csv"
    }
}