epoch,step,trainLoss
24,49,0.45310261845588684
49,99,0.43821924924850464
