epoch,step,trainLoss
24,49,0.5062401294708252
49,99,0.44779184460639954
