epoch,step,trainLoss
24,49,0.5062401294708252
49,99,0.44779184460639954
74,149,0.44585198163986206
74,149,0.018510403111577034
74,149,0.021358460187911987
74,149,0.04210789129137993
74,149,0.038245219737291336
74,149,0.14205729961395264
