epoch,step,trainLoss
12,49,1.6300151348114014
24,99,0.09663202613592148
37,149,2.686375141143799
49,199,0.22141066193580627
