{
    "endIndex": 124774,
    "attack": "ProjectedGradientDescent",
    "timeElapsedSec": 246.289853,
    "kwargs": {
        "eps": 0.05,
        "max_iter": 10
    },
    "metrics": {
        "accuracy": 0.8425665603410967,
        "precision": 0.7738054087346729,
        "recall": 0.6642702994335041,
        "f1": 0.7148663281687728,
        "attackSuccessRate": 0.3357297005664958,
        "falsePositiveRate": 0.0820726534707653,
        "TP": 246245,
        "TN": 805059,
        "FP": 71981,
        "FN": 124455
    },
    "files": {
        "checkpointFile": "../../../saved_models/RandomSpeed-final.ckpt",
        "dataFile": "../../../data/RandomSpeed_0709.csv"
    }
}