{
    "endIndex": 124774,
    "attack": "ProjectedGradientDescent",
    "timeElapsedSec": 196.980679,
    "kwargs": {
        "eps": 0.28,
        "max_iter": 10
    },
    "metrics": {
        "accuracy": 0.2894529308990655,
        "precision": 0.13757137879094444,
        "recall": 0.26411923388184516,
        "f1": 0.18091160721214786,
        "attackSuccessRate": 0.7358807661181549,
        "falsePositiveRate": 0.6998392319620542,
        "TP": 97909,
        "TN": 263253,
        "FP": 613787,
        "FN": 272791
    },
    "files": {
        "checkpointFile": "../../../saved_models/RandomSpeed-final.ckpt",
        "dataFile": "../../../data/RandomSpeed_0709.csv"
    }
}