{
    "endIndex": 124774,
    "attack": "ProjectedGradientDescent",
    "timeElapsedSec": 339.131488,
    "kwargs": {
        "eps": 0.1,
        "max_iter": 10
    },
    "metrics": {
        "accuracy": 0.6546219564973472,
        "precision": 0.43567187766957116,
        "recall": 0.5503075263015916,
        "f1": 0.4863256013540897,
        "attackSuccessRate": 0.4496924736984084,
        "falsePositiveRate": 0.3012872845024172,
        "TP": 203999,
        "TN": 612799,
        "FP": 264241,
        "FN": 166701
    },
    "files": {
        "checkpointFile": "../../../saved_models/RandomSpeed-final.ckpt",
        "dataFile": "../../../data/RandomSpeed_0709.csv"
    }
}