{
    "endIndex": 124774,
    "attack": "ProjectedGradientDescent",
    "timeElapsedSec": 320.887426,
    "kwargs": {
        "eps": 0.21,
        "max_iter": 10
    },
    "metrics": {
        "accuracy": 0.3114575151874589,
        "precision": 0.17115032950814815,
        "recall": 0.3428648502832479,
        "f1": 0.22832567756677763,
        "attackSuccessRate": 0.6571351497167521,
        "falsePositiveRate": 0.7018174769679832,
        "TP": 127100,
        "TN": 261518,
        "FP": 615522,
        "FN": 243600
    },
    "files": {
        "checkpointFile": "../../../saved_models/RandomSpeed-final.ckpt",
        "dataFile": "../../../data/RandomSpeed_0709.csv"
    }
}