{
    "endIndex": 124774,
    "attack": "ProjectedGradientDescent",
    "timeElapsedSec": 432.613802,
    "kwargs": {
        "eps": 0.03,
        "max_iter": 10
    },
    "metrics": {
        "accuracy": 0.8843196499270681,
        "precision": 0.8696884870537741,
        "recall": 0.7182519557593742,
        "f1": 0.7867492254573015,
        "attackSuccessRate": 0.28174804424062583,
        "falsePositiveRate": 0.04548823314786099,
        "TP": 266256,
        "TN": 837145,
        "FP": 39895,
        "FN": 104444
    },
    "files": {
        "checkpointFile": "../../../saved_models/RandomSpeed-final.ckpt",
        "dataFile": "../../../data/RandomSpeed_0709.csv"
    }
}