{
    "endIndex": 124774,
    "attack": "ProjectedGradientDescent",
    "timeElapsedSec": 250.009882,
    "kwargs": {
        "eps": 0.26,
        "max_iter": 10
    },
    "metrics": {
        "accuracy": 0.29687114302659207,
        "precision": 0.1470752966222128,
        "recall": 0.2847666576746695,
        "f1": 0.19396976245075556,
        "attackSuccessRate": 0.7152333423253304,
        "falsePositiveRate": 0.6980126334032656,
        "TP": 105563,
        "TN": 264855,
        "FP": 612185,
        "FN": 265137
    },
    "files": {
        "checkpointFile": "../../../saved_models/RandomSpeed-final.ckpt",
        "dataFile": "../../../data/RandomSpeed_0709.csv"
    }
}