epoch,step,trainLoss
24,49,1.6666350364685059
49,99,0.26845842599868774
