epoch,step,trainLoss
24,49,1.6666350364685059
49,99,0.26845842599868774
74,149,0.05848187208175659
99,199,0.04743335768580437
124,249,0.05542425438761711
149,299,0.042273763567209244
174,349,0.041558101773262024
199,399,0.042073048651218414
224,449,0.04309891164302826
249,499,0.04448452219367027
274,549,0.05352972075343132
299,599,0.029707880690693855
324,649,0.033807624131441116
349,699,0.03653547167778015
