epoch,step,trainLoss
24,49,1.8425920009613037
49,99,0.285269170999527
74,149,0.146211177110672
99,199,0.11455263942480087
124,249,0.12985606491565704
149,299,0.09239164739847183
174,349,0.09549840539693832
199,399,0.09959975630044937
224,449,0.07369408756494522
249,499,0.03034217841923237
274,549,0.16077782213687897
299,599,0.040338896214962006
324,649,0.002718962263315916
349,699,0.002125210128724575
374,749,0.055079635232686996
