epoch,step,trainLoss
49,49,2.6073262691497803
99,99,2.847592353820801
149,149,0.3509584069252014
199,199,0.6462082862854004
