epoch,step,trainLoss
16,49,0.3676187992095947
33,99,0.03524649143218994
49,149,0.004739126190543175
