epoch,step,trainLoss
49,49,0.37998005747795105
99,99,0.6600725054740906
149,149,0.5980719923973083
199,199,0.5974860191345215
249,249,0.5902631878852844
299,299,0.6052899360656738
349,349,0.5611123442649841
399,399,0.2603115439414978
