epoch,step,trainLoss
49,49,2.6628475189208984
99,99,0.7499402761459351
149,149,0.33531731367111206
