epoch,step,trainLoss
12,49,2.3293890953063965
24,99,0.1629030853509903
37,149,0.34723374247550964
49,199,0.05726959556341171
62,249,0.11431550979614258
74,299,0.009812363423407078
87,349,0.03647744655609131
99,399,0.007808438967913389
112,449,0.038893237709999084
124,499,0.0045026252046227455
137,549,0.050776224583387375
149,599,0.001982542220503092
162,649,0.055155325680971146
174,699,0.002297911560162902
187,749,0.06631572544574738
199,799,0.0027345127891749144
212,849,0.11644427478313446
224,899,0.003214615397155285
237,949,0.03358488529920578
249,999,0.004416754003614187
262,1049,0.04016422480344772
274,1099,0.00493985041975975
287,1149,0.04729301109910011
299,1199,0.0015562865883111954
312,1249,0.053123582154512405
324,1299,0.0025014772545546293
337,1349,0.07085779309272766
349,1399,0.0025042975321412086
362,1449,0.11532986164093018
374,1499,0.003461012616753578
387,1549,0.036524973809719086
399,1599,0.004701992496848106
412,1649,0.038333453238010406
424,1699,0.0030021711718291044
437,1749,0.046994298696517944
449,1799,0.0013059694319963455
462,1849,0.05196195840835571
474,1899,0.0023810528218746185
487,1949,0.053245723247528076
499,1999,0.0023280875757336617
512,2049,0.10825984179973602
524,2099,0.0025898872409015894
537,2149,0.0532204806804657
549,2199,0.0041857752948999405
562,2249,0.0373893603682518
574,2299,0.0038085593841969967
587,2349,0.04368395358324051
599,2399,0.001995493657886982
612,2449,0.049398746341466904
624,2499,0.005045213736593723
637,2549,0.0522192120552063
649,2599,0.0023317476734519005
662,2649,0.1069464311003685
674,2699,0.002222310518845916
687,2749,0.0651438757777214
699,2799,0.0037101423367857933
712,2849,0.03866882622241974
724,2899,0.004270867444574833
737,2949,0.04044180363416672
749,2999,0.003287923987954855
762,3049,0.04792233556509018
774,3099,0.00154296332038939
787,3149,0.04990934208035469
799,3199,0.0022707213647663593
812,3249,0.10460661351680756
824,3299,0.00252402457408607
837,3349,0.030680233612656593
849,3399,0.003385328222066164
862,3449,0.03389672935009003
874,3499,0.004298900719732046
887,3549,0.03802875801920891
899,3599,0.0007935945759527385
