epoch,step,trainLoss
49,49,2.206301212310791
99,99,0.5142558217048645
149,149,0.19612683355808258
199,199,0.017111241817474365
249,249,0.008192145265638828
299,299,0.008540323935449123
349,349,0.007377869915217161
399,399,0.006782237906008959
449,449,0.006866568699479103
499,499,0.00670962268486619
549,549,0.006351926829665899
599,599,0.006107361987233162
