epoch,step,trainLoss
49,49,0.03547760099172592
99,99,0.4853062033653259
149,149,0.5196465253829956
199,199,0.2169511765241623
249,249,0.20823518931865692
