epoch,step,trainLoss
49,49,0.39888375997543335
99,99,0.0017907064175233245
