epoch,step,trainLoss
49,49,2.625067710876465
99,99,1.0734632015228271
