epoch,step,trainLoss
24,49,1.1156541109085083
49,99,0.19594372808933258
