epoch,step,trainLoss
24,49,1.1156541109085083
49,99,0.19594372808933258
74,149,0.018169350922107697
99,199,0.008493582718074322
124,249,0.005417396780103445
149,299,0.0027263283263891935
174,349,0.0025963156949728727
199,399,0.002021640073508024
224,449,0.0017763193463906646
249,499,0.003369495738297701
274,549,0.002280328655615449
299,599,0.0027505832258611917
324,649,0.0025082791689783335
349,699,0.0032003142405301332
