epoch,step,trainLoss
9,49,2.4042084217071533
19,99,0.15203915536403656
29,149,0.03154924884438515
39,199,0.15696506202220917
49,249,0.04388604685664177
59,299,0.02210487611591816
