{
    "endIndex": 124774,
    "attack": "FastGradientMethod",
    "timeElapsedSec": 15.076946,
    "kwargs": {
        "eps": 0.17
    },
    "metrics": {
        "accuracy": 0.5628079567858688,
        "precision": 0.2962101110339071,
        "recall": 0.3426975991367683,
        "f1": 0.317762619781935,
        "falseNegativeRate": 0.6573024008632318,
        "falsePositiveRate": 0.34415762108911796,
        "TP": 127038,
        "TN": 575200,
        "FP": 301840,
        "FN": 243662
    },
    "files": {
        "checkpointFile": "../../../saved_models/RandomSpeed-final.ckpt",
        "dataFile": "../../../data/RandomSpeed_0709.csv"
    }
}