{
    "endIndex": 124774,
    "attack": "FastGradientMethod",
    "timeElapsedSec": 14.556606,
    "kwargs": {
        "eps": 0.24
    },
    "metrics": {
        "accuracy": 0.4894288874284707,
        "precision": 0.2124722036313392,
        "recall": 0.26548421904504993,
        "f1": 0.23603832639796615,
        "falseNegativeRate": 0.7345157809549501,
        "falsePositiveRate": 0.41591603575663594,
        "TP": 98415,
        "TN": 512265,
        "FP": 364775,
        "FN": 272285
    },
    "files": {
        "checkpointFile": "../../../saved_models/RandomSpeed-final.ckpt",
        "dataFile": "../../../data/RandomSpeed_0709.csv"
    }
}