{
    "endIndex": 124774,
    "attack": "FastGradientMethod",
    "timeElapsedSec": 14.518124,
    "kwargs": {
        "eps": 0.12
    },
    "metrics": {
        "accuracy": 0.6644148620706237,
        "precision": 0.4351136993149667,
        "recall": 0.43435662260588076,
        "f1": 0.43473483135449636,
        "falseNegativeRate": 0.5656433773941192,
        "falsePositiveRate": 0.23834602754720424,
        "TP": 161016,
        "TN": 668001,
        "FP": 209039,
        "FN": 209684
    },
    "files": {
        "checkpointFile": "../../../saved_models/RandomSpeed-final.ckpt",
        "dataFile": "../../../data/RandomSpeed_0709.csv"
    }
}