{
    "endIndex": 124774,
    "attack": "FastGradientMethod",
    "timeElapsedSec": 14.500847,
    "kwargs": {
        "eps": 0.2
    },
    "metrics": {
        "accuracy": 0.5234183403593697,
        "precision": 0.2503823124216984,
        "recall": 0.30298893984353925,
        "f1": 0.27418508310895096,
        "falseNegativeRate": 0.6970110601564607,
        "falsePositiveRate": 0.3834123871203138,
        "TP": 112318,
        "TN": 540772,
        "FP": 336268,
        "FN": 258382
    },
    "files": {
        "checkpointFile": "../../../saved_models/RandomSpeed-final.ckpt",
        "dataFile": "../../../data/RandomSpeed_0709.csv"
    }
}