{
    "endIndex": 124774,
    "attack": "FastGradientMethod",
    "timeElapsedSec": 14.56597,
    "kwargs": {
        "eps": 0.25
    },
    "metrics": {
        "accuracy": 0.48307339670123584,
        "precision": 0.20576687906288216,
        "recall": 0.2587267332074454,
        "f1": 0.22922766219332943,
        "falseNegativeRate": 0.7412732667925547,
        "falsePositiveRate": 0.4221016145215726,
        "TP": 95910,
        "TN": 506840,
        "FP": 370200,
        "FN": 274790
    },
    "files": {
        "checkpointFile": "../../../saved_models/RandomSpeed-final.ckpt",
        "dataFile": "../../../data/RandomSpeed_0709.csv"
    }
}