{
    "endIndex": 124774,
    "attack": "FastGradientMethod",
    "timeElapsedSec": 19.519586,
    "kwargs": {
        "eps": 0.23
    },
    "metrics": {
        "accuracy": 0.6761184221071698,
        "precision": 0.47521154005910066,
        "recall": 0.8641543026706231,
        "f1": 0.6132097503455194,
        "attackSuccessRate": 0.13584569732937685,
        "falsePositiveRate": 0.403359025814102,
        "TP": 320342,
        "TN": 523278,
        "FP": 353762,
        "FN": 50358
    },
    "files": {
        "checkpointFile": "../../../saved_models/RandomSpeed-final.ckpt",
        "dataFile": "../../../data/RandomSpeed_0709.csv"
    }
}