{
    "endIndex": 124774,
    "attack": "FastGradientMethod",
    "timeElapsedSec": 14.468439,
    "kwargs": {
        "eps": 0.28
    },
    "metrics": {
        "accuracy": 0.4683155144501258,
        "precision": 0.19032454644327737,
        "recall": 0.24264094955489615,
        "f1": 0.21332198107904918,
        "falseNegativeRate": 0.7573590504451039,
        "falsePositiveRate": 0.43629823041138377,
        "TP": 89947,
        "TN": 494389,
        "FP": 382651,
        "FN": 280753
    },
    "files": {
        "checkpointFile": "../../../saved_models/RandomSpeed-final.ckpt",
        "dataFile": "../../../data/RandomSpeed_0709.csv"
    }
}