{
    "endIndex": 124774,
    "attack": "FastGradientMethod",
    "timeElapsedSec": 14.65842,
    "kwargs": {
        "eps": 0.14
    },
    "metrics": {
        "accuracy": 0.6189238142561752,
        "precision": 0.36744994459371255,
        "recall": 0.3917966010250877,
        "f1": 0.3792329123376878,
        "falseNegativeRate": 0.6082033989749124,
        "falsePositiveRate": 0.28507593724345526,
        "TP": 145239,
        "TN": 627017,
        "FP": 250023,
        "FN": 225461
    },
    "files": {
        "checkpointFile": "../../../saved_models/RandomSpeed-final.ckpt",
        "dataFile": "../../../data/RandomSpeed_0709.csv"
    }
}