{
    "endIndex": 124774,
    "attack": "FastGradientMethod",
    "timeElapsedSec": 16.992733,
    "kwargs": {
        "eps": 0.03
    },
    "metrics": {
        "accuracy": 0.8924190937214483,
        "precision": 0.89376384193962,
        "recall": 0.7239438899379552,
        "f1": 0.7999403843717631,
        "falseNegativeRate": 0.2760561100620448,
        "falsePositiveRate": 0.03637120313782724,
        "TP": 268366,
        "TN": 845141,
        "FP": 31899,
        "FN": 102334
    },
    "files": {
        "checkpointFile": "../../../saved_models/RandomSpeed-final.ckpt",
        "dataFile": "../../../data/RandomSpeed_0709.csv"
    }
}