{
    "endIndex": 124774,
    "attack": "FastGradientMethod",
    "timeElapsedSec": 18.58625,
    "kwargs": {
        "eps": 0.02
    },
    "metrics": {
        "accuracy": 0.9090146985750236,
        "precision": 0.917927183614038,
        "recall": 0.7618721338009172,
        "f1": 0.8326508229924909,
        "falseNegativeRate": 0.23812786619908283,
        "falsePositiveRate": 0.028792301377360212,
        "TP": 282426,
        "TN": 851788,
        "FP": 25252,
        "FN": 88274
    },
    "files": {
        "checkpointFile": "../../../saved_models/RandomSpeed-final.ckpt",
        "dataFile": "../../../data/RandomSpeed_0709.csv"
    }
}