{
    "endIndex": 124774,
    "attack": "FastGradientMethod",
    "timeElapsedSec": 19.469464,
    "kwargs": {
        "eps": 0.2
    },
    "metrics": {
        "accuracy": 0.6932397775177521,
        "precision": 0.49081926819128086,
        "recall": 0.8694227137847316,
        "f1": 0.6274316272885403,
        "attackSuccessRate": 0.1305772862152684,
        "falsePositiveRate": 0.38122776612241177,
        "TP": 322295,
        "TN": 542688,
        "FP": 334352,
        "FN": 48405
    },
    "files": {
        "checkpointFile": "../../../saved_models/RandomSpeed-final.ckpt",
        "dataFile": "../../../data/RandomSpeed_0709.csv"
    }
}