{
    "endIndex": 124774,
    "attack": "FastGradientMethod",
    "timeElapsedSec": 19.008011,
    "kwargs": {
        "eps": 0.27
    },
    "metrics": {
        "accuracy": 0.6644934040745668,
        "precision": 0.4649891661832968,
        "recall": 0.8585190180739142,
        "f1": 0.6032483170336195,
        "attackSuccessRate": 0.1414809819260858,
        "falsePositiveRate": 0.4175157347441394,
        "TP": 318253,
        "TN": 510862,
        "FP": 366178,
        "FN": 52447
    },
    "files": {
        "checkpointFile": "../../../saved_models/RandomSpeed-final.ckpt",
        "dataFile": "../../../data/RandomSpeed_0709.csv"
    }
}