{
    "endIndex": 124774,
    "attack": "FastGradientMethod",
    "timeElapsedSec": 14.727084,
    "kwargs": {
        "eps": 0.09
    },
    "metrics": {
        "accuracy": 0.7480741180053537,
        "precision": 0.5865020995506225,
        "recall": 0.5154383598597249,
        "f1": 0.5486787923340665,
        "falseNegativeRate": 0.48456164014027514,
        "falsePositiveRate": 0.153597327373894,
        "TP": 191073,
        "TN": 742329,
        "FP": 134711,
        "FN": 179627
    },
    "files": {
        "checkpointFile": "../../../saved_models/RandomSpeed-final.ckpt",
        "dataFile": "../../../data/RandomSpeed_0709.csv"
    }
}