{
    "endIndex": 124774,
    "attack": "FastGradientMethod",
    "timeElapsedSec": 19.944016,
    "kwargs": {
        "eps": 0.05
    },
    "metrics": {
        "accuracy": 0.8547365637071825,
        "precision": 0.824320113944897,
        "recall": 0.6494739681683301,
        "f1": 0.7265254514756982,
        "falseNegativeRate": 0.3505260318316698,
        "falsePositiveRate": 0.058504743227218825,
        "TP": 240760,
        "TN": 825729,
        "FP": 51311,
        "FN": 129940
    },
    "files": {
        "checkpointFile": "../../../saved_models/RandomSpeed-final.ckpt",
        "dataFile": "../../../data/RandomSpeed_0709.csv"
    }
}