{
    "endIndex": 124774,
    "attack": "FastGradientMethod",
    "timeElapsedSec": 16.363452,
    "kwargs": {
        "eps": 0.11
    },
    "metrics": {
        "accuracy": 0.6899642553737156,
        "precision": 0.4773949278609194,
        "recall": 0.4598651200431616,
        "f1": 0.46846609177397813,
        "falseNegativeRate": 0.5401348799568384,
        "falsePositiveRate": 0.2127793487184165,
        "TP": 170472,
        "TN": 690424,
        "FP": 186616,
        "FN": 200228
    },
    "files": {
        "checkpointFile": "../../../saved_models/RandomSpeed-final.ckpt",
        "dataFile": "../../../data/RandomSpeed_0709.csv"
    }
}