{
    "endIndex": 124774,
    "attack": "FastGradientMethod",
    "timeElapsedSec": 14.500548,
    "kwargs": {
        "eps": 0.29
    },
    "metrics": {
        "accuracy": 0.46452706493339957,
        "precision": 0.18633032070278308,
        "recall": 0.23831130294038305,
        "f1": 0.20913927901374857,
        "falseNegativeRate": 0.761688697059617,
        "falsePositiveRate": 0.4398579312232053,
        "TP": 88342,
        "TN": 491267,
        "FP": 385773,
        "FN": 282358
    },
    "files": {
        "checkpointFile": "../../../saved_models/RandomSpeed-final.ckpt",
        "dataFile": "../../../data/RandomSpeed_0709.csv"
    }
}