{
    "endIndex": 124774,
    "attack": "FastGradientMethod",
    "timeElapsedSec": 14.613343,
    "kwargs": {
        "eps": 0.27
    },
    "metrics": {
        "accuracy": 0.4723988972061487,
        "precision": 0.19469360978478484,
        "recall": 0.247380631238198,
        "f1": 0.2178974643496567,
        "falseNegativeRate": 0.752619368761802,
        "falsePositiveRate": 0.4324922466478154,
        "TP": 91704,
        "TN": 497727,
        "FP": 379313,
        "FN": 278996
    },
    "files": {
        "checkpointFile": "../../../saved_models/RandomSpeed-final.ckpt",
        "dataFile": "../../../data/RandomSpeed_0709.csv"
    }
}