{
    "endIndex": 124774,
    "attack": "FastGradientMethod",
    "timeElapsedSec": 20.283752,
    "kwargs": {
        "eps": 0.22
    },
    "metrics": {
        "accuracy": 0.6807724365653101,
        "precision": 0.4793791567656051,
        "recall": 0.865832209333693,
        "f1": 0.6170954615324717,
        "attackSuccessRate": 0.134167790666307,
        "falsePositiveRate": 0.39744709477332846,
        "TP": 320964,
        "TN": 528463,
        "FP": 348577,
        "FN": 49736
    },
    "files": {
        "checkpointFile": "../../../saved_models/RandomSpeed-final.ckpt",
        "dataFile": "../../../data/RandomSpeed_0709.csv"
    }
}