{
    "endIndex": 124774,
    "attack": "FastGradientMethod",
    "timeElapsedSec": 14.689888,
    "kwargs": {
        "eps": 0.21
    },
    "metrics": {
        "accuracy": 0.513574943497844,
        "precision": 0.23904744230437838,
        "recall": 0.29188292419746426,
        "f1": 0.26283622442410975,
        "falseNegativeRate": 0.7081170758025357,
        "falsePositiveRate": 0.39272211073611235,
        "TP": 108201,
        "TN": 532607,
        "FP": 344433,
        "FN": 262499
    },
    "files": {
        "checkpointFile": "../../../saved_models/RandomSpeed-final.ckpt",
        "dataFile": "../../../data/RandomSpeed_0709.csv"
    }
}