{
    "endIndex": 124774,
    "attack": "FastGradientMethod",
    "timeElapsedSec": 14.608039,
    "kwargs": {
        "eps": 0.13
    },
    "metrics": {
        "accuracy": 0.6412345520701428,
        "precision": 0.3994527435996613,
        "recall": 0.4123145400593472,
        "f1": 0.40578174944513473,
        "falseNegativeRate": 0.5876854599406528,
        "falsePositiveRate": 0.26200743409650645,
        "TP": 152845,
        "TN": 647249,
        "FP": 229791,
        "FN": 217855
    },
    "files": {
        "checkpointFile": "../../../saved_models/RandomSpeed-final.ckpt",
        "dataFile": "../../../data/RandomSpeed_0709.csv"
    }
}