{
    "endIndex": 124774,
    "attack": "FastGradientMethod",
    "timeElapsedSec": 16.94245,
    "kwargs": {
        "eps": 0.01
    },
    "metrics": {
        "accuracy": 0.9221392277237245,
        "precision": 0.933980403853232,
        "recall": 0.7940571891016995,
        "f1": 0.8583538427443342,
        "falseNegativeRate": 0.20594281089830052,
        "falsePositiveRate": 0.023724117486089574,
        "TP": 294357,
        "TN": 856233,
        "FP": 20807,
        "FN": 76343
    },
    "files": {
        "checkpointFile": "../../../saved_models/RandomSpeed-final.ckpt",
        "dataFile": "../../../data/RandomSpeed_0709.csv"
    }
}