{
    "endIndex": 124774,
    "attack": "FastGradientMethod",
    "timeElapsedSec": 19.354596,
    "kwargs": {
        "eps": 0.14
    },
    "metrics": {
        "accuracy": 0.7835654863994101,
        "precision": 0.5910978519422309,
        "recall": 0.8808362557323982,
        "f1": 0.707450715302468,
        "attackSuccessRate": 0.11916374426760183,
        "falsePositiveRate": 0.25754811639149866,
        "TP": 326526,
        "TN": 651160,
        "FP": 225880,
        "FN": 44174
    },
    "files": {
        "checkpointFile": "../../../saved_models/RandomSpeed-final.ckpt",
        "dataFile": "../../../data/RandomSpeed_0709.csv"
    }
}