{
    "endIndex": 124774,
    "attack": "FastGradientMethod",
    "timeElapsedSec": 16.017935,
    "kwargs": {
        "eps": 0.16
    },
    "metrics": {
        "accuracy": 0.5795526311571321,
        "precision": 0.3165448074131112,
        "recall": 0.35819260857836527,
        "f1": 0.33608336402281525,
        "falseNegativeRate": 0.6418073914216348,
        "falsePositiveRate": 0.3268847487001733,
        "TP": 132782,
        "TN": 590349,
        "FP": 286691,
        "FN": 237918
    },
    "files": {
        "checkpointFile": "../../../saved_models/RandomSpeed-final.ckpt",
        "dataFile": "../../../data/RandomSpeed_0709.csv"
    }
}