{
    "endIndex": 124774,
    "attack": "FastGradientMethod",
    "timeElapsedSec": 18.665801,
    "kwargs": {
        "eps": 0.29
    },
    "metrics": {
        "accuracy": 0.6603851763989292,
        "precision": 0.4614436448259873,
        "recall": 0.8563744267601834,
        "f1": 0.5997315492029127,
        "attackSuccessRate": 0.14362557323981656,
        "falsePositiveRate": 0.42245393596643255,
        "TP": 317458,
        "TN": 506531,
        "FP": 370509,
        "FN": 53242
    },
    "files": {
        "checkpointFile": "../../../saved_models/RandomSpeed-final.ckpt",
        "dataFile": "../../../data/RandomSpeed_0709.csv"
    }
}