{
    "endIndex": 124774,
    "attack": "FastGradientMethod",
    "timeElapsedSec": 15.710973,
    "kwargs": {
        "eps": 0.15
    },
    "metrics": {
        "accuracy": 0.5980765223524132,
        "precision": 0.3397170699188267,
        "recall": 0.37391421634745076,
        "f1": 0.3559962810575357,
        "falseNegativeRate": 0.6260857836525492,
        "falsePositiveRate": 0.30717641156617714,
        "TP": 138610,
        "TN": 607634,
        "FP": 269406,
        "FN": 232090
    },
    "files": {
        "checkpointFile": "../../../saved_models/RandomSpeed-final.ckpt",
        "dataFile": "../../../data/RandomSpeed_0709.csv"
    }
}