{
    "endIndex": 124774,
    "attack": "FastGradientMethod",
    "timeElapsedSec": 14.657605,
    "kwargs": {
        "eps": 0.23
    },
    "metrics": {
        "accuracy": 0.4967300879991024,
        "precision": 0.22017725914033232,
        "recall": 0.2730186134340437,
        "f1": 0.24376720626807938,
        "falseNegativeRate": 0.7269813865659563,
        "falsePositiveRate": 0.4087133996168932,
        "TP": 101208,
        "TN": 518582,
        "FP": 358458,
        "FN": 269492
    },
    "files": {
        "checkpointFile": "../../../saved_models/RandomSpeed-final.ckpt",
        "dataFile": "../../../data/RandomSpeed_0709.csv"
    }
}