epoch,step,trainLoss
16,49,2.3234851360321045
33,99,1.4702621698379517
49,149,0.17038637399673462
