{
    "endIndex": 124774,
    "attack": "FastGradientMethod",
    "timeElapsedSec": 154.028252875,
    "kwargs": {
        "eps": 0.8
    },
    "metrics": {
        "accuracy": 0.9578261496786189,
        "precision": 0.929753830356419,
        "recall": 0.9281737253844079,
        "f1": 0.9289631059573147,
        "attackSuccessRate": 0.07182627461559213,
        "falsePositiveRate": 0.029640609322265803,
        "TP": 344074,
        "TN": 851044,
        "FP": 25996,
        "FN": 26626
    },
    "files": {
        "checkpointFile": "../../../saved_models/RandomPos-final.ckpt",
        "dataFile": "../../../data/RandomPos_0709.csv"
    }
}