{
    "endIndex": 124774,
    "attack": "FastGradientMethod",
    "timeElapsedSec": 172.037992951,
    "kwargs": {
        "eps": 0.37
    },
    "metrics": {
        "accuracy": 0.9696234792504849,
        "precision": 0.9428921242447632,
        "recall": 0.9556352845967089,
        "f1": 0.9492209375544272,
        "attackSuccessRate": 0.04436471540329107,
        "falsePositiveRate": 0.024464106540180608,
        "TP": 354254,
        "TN": 855584,
        "FP": 21456,
        "FN": 16446
    },
    "files": {
        "checkpointFile": "../../../saved_models/RandomPos-final.ckpt",
        "dataFile": "../../../data/RandomPos_0709.csv"
    }
}