{
    "endIndex": 124774,
    "attack": "FastGradientMethod",
    "timeElapsedSec": 151.777070601,
    "kwargs": {
        "eps": 0.03
    },
    "metrics": {
        "accuracy": 0.9912577940917179,
        "precision": 0.9995778903403537,
        "recall": 0.9709846236849204,
        "f1": 0.9850738099278049,
        "attackSuccessRate": 0.02901537631507958,
        "falsePositiveRate": 0.0001733102253032929,
        "TP": 359944,
        "TN": 876888,
        "FP": 152,
        "FN": 10756
    },
    "files": {
        "checkpointFile": "../../../saved_models/RandomPos-final.ckpt",
        "dataFile": "../../../data/RandomPos_0709.csv"
    }
}