{
    "endIndex": 124774,
    "attack": "FastGradientMethod",
    "timeElapsedSec": 144.176608051,
    "kwargs": {
        "eps": 0.07
    },
    "metrics": {
        "accuracy": 0.9921826662605991,
        "precision": 0.9973297252014418,
        "recall": 0.9763015915834907,
        "f1": 0.98670363584811,
        "attackSuccessRate": 0.023698408416509307,
        "falsePositiveRate": 0.0011048526863084922,
        "TP": 361915,
        "TN": 876071,
        "FP": 969,
        "FN": 8785
    },
    "files": {
        "checkpointFile": "../../../saved_models/RandomPos-final.ckpt",
        "dataFile": "../../../data/RandomPos_0709.csv"
    }
}