{
    "endIndex": 124774,
    "attack": "FastGradientMethod",
    "timeElapsedSec": 202.534373359,
    "kwargs": {
        "eps": 0.39
    },
    "metrics": {
        "accuracy": 0.9685246926443009,
        "precision": 0.9413553859880415,
        "recall": 0.9534556244942002,
        "f1": 0.9473668692581401,
        "attackSuccessRate": 0.04654437550579984,
        "falsePositiveRate": 0.0251060384931132,
        "TP": 353446,
        "TN": 855021,
        "FP": 22019,
        "FN": 17254
    },
    "files": {
        "checkpointFile": "../../../saved_models/RandomPos-final.ckpt",
        "dataFile": "../../../data/RandomPos_0709.csv"
    }
}