{
    "endIndex": 124774,
    "attack": "FastGradientMethod",
    "timeElapsedSec": 153.144558179,
    "kwargs": {
        "eps": 0.18
    },
    "metrics": {
        "accuracy": 0.9836584544857102,
        "precision": 0.9694812400491045,
        "recall": 0.9757108173725384,
        "f1": 0.9725860534403897,
        "attackSuccessRate": 0.024289182627461558,
        "falsePositiveRate": 0.012982304113837453,
        "TP": 361696,
        "TN": 865654,
        "FP": 11386,
        "FN": 9004
    },
    "files": {
        "checkpointFile": "../../../saved_models/RandomPos-final.ckpt",
        "dataFile": "../../../data/RandomPos_0709.csv"
    }
}