{
    "endIndex": 124774,
    "attack": "FastGradientMethod",
    "timeElapsedSec": 203.583686477,
    "kwargs": {
        "eps": 0.21
    },
    "metrics": {
        "accuracy": 0.9818728260695337,
        "precision": 0.9659532657235567,
        "recall": 0.9732910709468573,
        "f1": 0.9696082857664979,
        "attackSuccessRate": 0.0267089290531427,
        "falsePositiveRate": 0.014499908784091946,
        "TP": 360799,
        "TN": 864323,
        "FP": 12717,
        "FN": 9901
    },
    "files": {
        "checkpointFile": "../../../saved_models/RandomPos-final.ckpt",
        "dataFile": "../../../data/RandomPos_0709.csv"
    }
}