{
    "endIndex": 124774,
    "attack": "FastGradientMethod",
    "timeElapsedSec": 152.450785819,
    "kwargs": {
        "eps": 0.57
    },
    "metrics": {
        "accuracy": 0.9622076714700178,
        "precision": 0.9342454574981814,
        "recall": 0.9388751011599676,
        "f1": 0.9365545579673777,
        "attackSuccessRate": 0.061124898840032374,
        "falsePositiveRate": 0.027930311046246464,
        "TP": 348041,
        "TN": 852544,
        "FP": 24496,
        "FN": 22659
    },
    "files": {
        "checkpointFile": "../../../saved_models/RandomPos-final.ckpt",
        "dataFile": "../../../data/RandomPos_0709.csv"
    }
}