{
    "endIndex": 124774,
    "attack": "FastGradientMethod",
    "timeElapsedSec": 190.769301175,
    "kwargs": {
        "eps": 0.31
    },
    "metrics": {
        "accuracy": 0.9737485373555388,
        "precision": 0.9496951422359075,
        "recall": 0.962630159158349,
        "f1": 0.9561189043055854,
        "attackSuccessRate": 0.03736984084165093,
        "falsePositiveRate": 0.021552038675545015,
        "TP": 356847,
        "TN": 858138,
        "FP": 18902,
        "FN": 13853
    },
    "files": {
        "checkpointFile": "../../../saved_models/RandomPos-final.ckpt",
        "dataFile": "../../../data/RandomPos_0709.csv"
    }
}