{
    "endIndex": 124774,
    "attack": "FastGradientMethod",
    "timeElapsedSec": 205.232176347,
    "kwargs": {
        "eps": 0.01
    },
    "metrics": {
        "accuracy": 0.9889079455655826,
        "precision": 0.9994737372493254,
        "recall": 0.9631723765848395,
        "f1": 0.9809873395463338,
        "attackSuccessRate": 0.03682762341516051,
        "falsePositiveRate": 0.000214357383927757,
        "TP": 357048,
        "TN": 876852,
        "FP": 188,
        "FN": 13652
    },
    "files": {
        "checkpointFile": "../../../saved_models/RandomPos-final.ckpt",
        "dataFile": "../../../data/RandomPos_0709.csv"
    }
}