{
    "endIndex": 124774,
    "attack": "FastGradientMethod",
    "timeElapsedSec": 154.969678497,
    "kwargs": {
        "eps": 0.16
    },
    "metrics": {
        "accuracy": 0.9846073701251863,
        "precision": 0.97138136543341,
        "recall": 0.976973293768546,
        "f1": 0.9741693049678966,
        "attackSuccessRate": 0.023026706231454006,
        "falsePositiveRate": 0.01216592173675089,
        "TP": 362164,
        "TN": 866370,
        "FP": 10670,
        "FN": 8536
    },
    "files": {
        "checkpointFile": "../../../saved_models/RandomPos-final.ckpt",
        "dataFile": "../../../data/RandomPos_0709.csv"
    }
}