{
    "endIndex": 124774,
    "attack": "FastGradientMethod",
    "timeElapsedSec": 155.138782217,
    "kwargs": {
        "eps": 0.36
    },
    "metrics": {
        "accuracy": 0.9701540385016109,
        "precision": 0.9435558960770856,
        "recall": 0.9567763690315619,
        "f1": 0.9501201456213149,
        "attackSuccessRate": 0.04322363096843809,
        "falsePositiveRate": 0.024191599014868195,
        "TP": 354677,
        "TN": 855823,
        "FP": 21217,
        "FN": 16023
    },
    "files": {
        "checkpointFile": "../../../saved_models/RandomPos-final.ckpt",
        "dataFile": "../../../data/RandomPos_0709.csv"
    }
}