{
    "endIndex": 124774,
    "attack": "FastGradientMethod",
    "timeElapsedSec": 180.690832898,
    "kwargs": {
        "eps": 0.12
    },
    "metrics": {
        "accuracy": 0.9862775898825076,
        "precision": 0.9759429263696325,
        "recall": 0.9779174534664149,
        "f1": 0.9769291922118171,
        "attackSuccessRate": 0.022082546533585108,
        "falsePositiveRate": 0.010188816929672535,
        "TP": 362514,
        "TN": 868104,
        "FP": 8936,
        "FN": 8186
    },
    "files": {
        "checkpointFile": "../../../saved_models/RandomPos-final.ckpt",
        "dataFile": "../../../data/RandomPos_0709.csv"
    }
}