epoch,step,trainLoss
24,49,0.17673471570014954
49,99,0.03734919801354408
