epoch,step,trainLoss
16,49,2.58194637298584
33,99,2.762104034423828
49,149,2.4316515922546387
66,199,2.6652019023895264
83,249,1.472176432609558
99,299,0.31219735741615295
116,349,0.05306307226419449
133,399,0.20366767048835754
149,449,0.04966314136981964
166,499,0.1331164687871933
