{
    "endIndex": 5000,
    "kwargs": {},
    "accuracy": 0.251,
    "precision": 0.1435720455228707,
    "recall": 0.251,
    "f1": 0.15478531634773934
}