epoch,step,trainLoss
49,49,0.4502514898777008
99,99,0.027759062126278877
149,149,0.024364545941352844
199,199,0.02432282641530037
249,249,0.025976641103625298
299,299,0.021764764562249184
349,349,0.02406117133796215
