{
    "endIndex": 124774,
    "attack": "ProjectedGradientDescent",
    "timeElapsedSec": 291.675523,
    "kwargs": {
        "eps": 0.13,
        "max_iter": 10
    },
    "metrics": {
        "accuracy": 0.47074150063314474,
        "precision": 0.2761192991676263,
        "recall": 0.48188292419746426,
        "f1": 0.3510733114199942,
        "attackSuccessRate": 0.5181170758025357,
        "falsePositiveRate": 0.5339676639605947,
        "TP": 178634,
        "TN": 408729,
        "FP": 468311,
        "FN": 192066
    },
    "files": {
        "checkpointFile": "../../../saved_models/RandomSpeed-final.ckpt",
        "dataFile": "../../../data/RandomSpeed_0709.csv"
    }
}