{
    "endIndex": 124774,
    "attack": "ProjectedGradientDescent",
    "timeElapsedSec": 307.939752,
    "kwargs": {
        "eps": 0.2,
        "max_iter": 10
    },
    "metrics": {
        "accuracy": 0.31691538301248656,
        "precision": 0.1767236055696665,
        "recall": 0.35511195036417587,
        "f1": 0.2360002581588968,
        "attackSuccessRate": 0.6448880496358241,
        "falsePositiveRate": 0.6992292255769407,
        "TP": 131640,
        "TN": 263788,
        "FP": 613252,
        "FN": 239060
    },
    "files": {
        "checkpointFile": "../../../saved_models/RandomSpeed-final.ckpt",
        "dataFile": "../../../data/RandomSpeed_0709.csv"
    }
}