{
    "endIndex": 124774,
    "attack": "ProjectedGradientDescent",
    "timeElapsedSec": 272.886198,
    "kwargs": {
        "eps": 0.06,
        "max_iter": 10
    },
    "metrics": {
        "accuracy": 0.8144020388863065,
        "precision": 0.7087477117906551,
        "recall": 0.6371081737253844,
        "f1": 0.6710212663190943,
        "attackSuccessRate": 0.3628918262746156,
        "falsePositiveRate": 0.11066085925385387,
        "TP": 236176,
        "TN": 779986,
        "FP": 97054,
        "FN": 134524
    },
    "files": {
        "checkpointFile": "../../../saved_models/RandomSpeed-final.ckpt",
        "dataFile": "../../../data/RandomSpeed_0709.csv"
    }
}