{
    "endIndex": 124774,
    "attack": "ProjectedGradientDescent",
    "timeElapsedSec": 323.84568,
    "kwargs": {
        "eps": 0.09,
        "max_iter": 10
    },
    "metrics": {
        "accuracy": 0.7035600365460754,
        "precision": 0.5009709933498797,
        "recall": 0.5706339357971405,
        "f1": 0.533538138692575,
        "attackSuccessRate": 0.42936606420285944,
        "falsePositiveRate": 0.2402558606220925,
        "TP": 211534,
        "TN": 666326,
        "FP": 210714,
        "FN": 159166
    },
    "files": {
        "checkpointFile": "../../../saved_models/RandomSpeed-final.ckpt",
        "dataFile": "../../../data/RandomSpeed_0709.csv"
    }
}