{
    "endIndex": 124774,
    "attack": "ProjectedGradientDescent",
    "timeElapsedSec": 245.011111,
    "kwargs": {
        "eps": 0.04,
        "max_iter": 10
    },
    "metrics": {
        "accuracy": 0.8646424735922548,
        "precision": 0.8256906496415626,
        "recall": 0.690080927974103,
        "f1": 0.7518195724721058,
        "attackSuccessRate": 0.30991907202589697,
        "falsePositiveRate": 0.061575298732098875,
        "TP": 255813,
        "TN": 823036,
        "FP": 54004,
        "FN": 114887
    },
    "files": {
        "checkpointFile": "../../../saved_models/RandomSpeed-final.ckpt",
        "dataFile": "../../../data/RandomSpeed_0709.csv"
    }
}