{
    "endIndex": 124774,
    "attack": "ProjectedGradientDescent",
    "timeElapsedSec": 256.734049,
    "kwargs": {
        "eps": 0.22,
        "max_iter": 10
    },
    "metrics": {
        "accuracy": 0.3071922035039351,
        "precision": 0.1657550271054812,
        "recall": 0.330256271917993,
        "f1": 0.22072738024837374,
        "attackSuccessRate": 0.669743728082007,
        "falsePositiveRate": 0.7025563258232236,
        "TP": 122426,
        "TN": 260870,
        "FP": 616170,
        "FN": 248274
    },
    "files": {
        "checkpointFile": "../../../saved_models/RandomSpeed-final.ckpt",
        "dataFile": "../../../data/RandomSpeed_0709.csv"
    }
}