{
    "endIndex": 124774,
    "attack": "ProjectedGradientDescent",
    "timeElapsedSec": 418.34916,
    "kwargs": {
        "eps": 0.07,
        "max_iter": 10
    },
    "metrics": {
        "accuracy": 0.7805015467966082,
        "precision": 0.6360282444442571,
        "recall": 0.6106231454005935,
        "f1": 0.6230668338395773,
        "attackSuccessRate": 0.3893768545994065,
        "falsePositiveRate": 0.1476956581227766,
        "TP": 226358,
        "TN": 747505,
        "FP": 129535,
        "FN": 144342
    },
    "files": {
        "checkpointFile": "../../../saved_models/RandomSpeed-final.ckpt",
        "dataFile": "../../../data/RandomSpeed_0709.csv"
    }
}