{
    "endIndex": 124774,
    "attack": "ProjectedGradientDescent",
    "timeElapsedSec": 199.78454,
    "kwargs": {
        "eps": 0.27,
        "max_iter": 10
    },
    "metrics": {
        "accuracy": 0.29289515443922615,
        "precision": 0.14167583052580707,
        "recall": 0.2728243862961964,
        "f1": 0.18650229817759356,
        "attackSuccessRate": 0.7271756137038036,
        "falsePositiveRate": 0.6986214995895285,
        "TP": 101136,
        "TN": 264321,
        "FP": 612719,
        "FN": 269564
    },
    "files": {
        "checkpointFile": "../../../saved_models/RandomSpeed-final.ckpt",
        "dataFile": "../../../data/RandomSpeed_0709.csv"
    }
}