{
    "endIndex": 124774,
    "attack": "ProjectedGradientDescent",
    "timeElapsedSec": 251.383702,
    "kwargs": {
        "eps": 0.24,
        "max_iter": 10
    },
    "metrics": {
        "accuracy": 0.3019475211181817,
        "precision": 0.15629645914343424,
        "recall": 0.3068545994065282,
        "f1": 0.20710429771777625,
        "attackSuccessRate": 0.6931454005934718,
        "falsePositiveRate": 0.7001265620724254,
        "TP": 113751,
        "TN": 263001,
        "FP": 614039,
        "FN": 256949
    },
    "files": {
        "checkpointFile": "../../../saved_models/RandomSpeed-final.ckpt",
        "dataFile": "../../../data/RandomSpeed_0709.csv"
    }
}