{
    "endIndex": 124774,
    "attack": "ProjectedGradientDescent",
    "timeElapsedSec": 251.470869,
    "kwargs": {
        "eps": 0.25,
        "max_iter": 10
    },
    "metrics": {
        "accuracy": 0.2982416208504977,
        "precision": 0.15093262171093566,
        "recall": 0.29446722417048826,
        "f1": 0.19957218469189072,
        "attackSuccessRate": 0.7055327758295117,
        "falsePositiveRate": 0.7001630484356471,
        "TP": 109159,
        "TN": 262969,
        "FP": 614071,
        "FN": 261541
    },
    "files": {
        "checkpointFile": "../../../saved_models/RandomSpeed-final.ckpt",
        "dataFile": "../../../data/RandomSpeed_0709.csv"
    }
}