{
    "endIndex": 124774,
    "attack": "ProjectedGradientDescent",
    "timeElapsedSec": 293.299801,
    "kwargs": {
        "eps": 0.11,
        "max_iter": 10
    },
    "metrics": {
        "accuracy": 0.5904851972366038,
        "precision": 0.36749869641116323,
        "recall": 0.5247369840841651,
        "f1": 0.4322628243304504,
        "attackSuccessRate": 0.4752630159158349,
        "falsePositiveRate": 0.38172489282130806,
        "TP": 194520,
        "TN": 542252,
        "FP": 334788,
        "FN": 176180
    },
    "files": {
        "checkpointFile": "../../../saved_models/RandomSpeed-final.ckpt",
        "dataFile": "../../../data/RandomSpeed_0709.csv"
    }
}