epoch,step,trainLoss
16,49,1.8726806640625
33,99,1.2552286386489868
49,149,0.05490737408399582
