epoch,step,trainLoss
9,49,0.1050189733505249
19,99,0.006867846008390188
29,149,0.0038213315419852734
39,199,0.0028656593058258295
49,249,0.0023301406763494015
59,299,0.0014764060033485293
59,299,0.001732215634547174
59,299,0.0014892441686242819
59,299,0.005106635391712189
59,299,0.0014004101976752281
59,299,0.0018574048299342394
59,299,0.0038168602623045444
59,299,0.0015923533355817199
59,299,0.0023001916706562042
59,299,0.014833102934062481
59,299,0.001571289380080998
59,299,0.002002243883907795
59,299,0.02104286104440689
59,299,0.0015549985691905022
59,299,0.0053166537545621395
59,299,0.0016341422451660037
59,299,0.0029762759804725647
59,299,0.002655705902725458
59,299,0.0015538155566900969
59,299,0.00624123914167285
59,299,0.002381600672379136
59,299,0.001833344460465014
59,299,0.0015524891205132008
59,299,0.005842368584126234
59,299,0.0014781216159462929
59,299,0.002807087264955044
59,299,0.0025879053864628077
59,299,0.050387077033519745
69,349,0.03545733168721199
79,399,0.031488243490457535
89,449,0.028035864233970642
99,499,0.04987906664609909
