epoch,step,trainLoss
49,49,0.45025143027305603
99,99,0.027759062126278877
149,149,0.024364547803997993
199,199,0.02432282455265522
249,249,0.025976641103625298
299,299,0.021764766424894333
349,349,0.02406117133796215
399,399,0.025954576209187508
