{"Loss V PercEvil": [20, 0.02191052639445843], "F1 V PercEvil": [20, 0.9550608294952485], "Recall V PercEvil": [20, 0.9642442748091594], "Precision V PercEvil": [20, 0.9482534861585965], "Accuracy V PercEvil": [20, 0.9726331], "Max Per-Vehicle Time": 4.682797431945801, "Avg Per-Vehicle Time": 1.8121397498846055, "Total Time Per Epoch": 1.8121396751006444}