epoch,step,trainLoss
49,49,0.266702264547348
99,99,0.017563026398420334
149,149,0.015498688444495201
199,199,0.01392678264528513
