epoch,step,trainLoss
24,49,0.5075308680534363
49,99,0.8639476895332336
74,149,0.19522711634635925
99,199,0.3062386214733124
