epoch,step,trainLoss
16,49,2.9473671913146973
33,99,1.619256615638733
49,149,0.06910103559494019
