epoch,step,trainLoss
49,49,0.47774508595466614
99,99,0.002004137961193919
149,149,0.0002164647594327107
199,199,0.00041283320751972497
249,249,0.0005927504389546812
299,299,0.0002149142965208739
349,349,0.000258578744251281
