epoch,step,trainLoss
24,49,2.114584445953369
49,99,2.1169168949127197
74,149,0.2978973984718323
99,199,0.4433133900165558
