epoch,step,trainLoss
16,49,1.8628756999969482
33,99,1.3598978519439697
49,149,0.16855840384960175
