epoch,step,trainLoss
24,49,0.6931473612785339
49,99,0.6931473612785339
74,149,0.07998918741941452
74,149,0.09717635810375214
74,149,0.028534704819321632
74,149,0.07389563322067261
74,149,0.03722744807600975
74,149,0.1732015311717987
74,149,0.07643843442201614
74,149,0.053335871547460556
74,149,0.07967131584882736
74,149,0.02905924990773201
74,149,0.027728592976927757
74,149,0.17219632863998413
74,149,0.10340221971273422
74,149,0.054445941001176834
74,149,0.15677616000175476
74,149,0.11923990398645401
74,149,0.05113183706998825
74,149,0.046380579471588135
74,149,0.029489394277334213
74,149,0.04742757976055145
74,149,0.029188672080636024
74,149,0.1430777758359909
74,149,0.03001677803695202
74,149,0.16363607347011566
74,149,0.29669490456581116
74,149,0.07989320904016495
74,149,0.0549495704472065
74,149,0.08894169330596924
74,149,0.027881799265742302
74,149,0.041080862283706665
74,149,0.16207168996334076
