epoch,step,trainLoss
24,49,0.08584785461425781
49,99,0.009060227312147617
