epoch,step,trainLoss
24,49,0.9480592608451843
49,99,0.12402018904685974
74,149,0.010432635433971882
99,199,0.004530311096459627
124,249,0.04042492061853409
149,299,0.0006590068805962801
174,349,0.0008149444474838674
199,399,0.001064634881913662
224,449,0.0009803799912333488
249,499,0.002835370833054185
274,549,0.002643654588609934
299,599,0.00029509776504710317
324,649,0.0003841544676106423
349,699,0.00045740752830170095
374,749,0.0015619891928508878
