epoch,step,trainLoss
49,49,0.270200252532959
99,99,0.08229861408472061
