epoch,step,trainLoss
24,49,1.0528860092163086
49,99,0.16518902778625488
