{
    "noWrapper": {
        "accuracy": 0.9862783913315274,
        "recall": 0.965354734286485,
        "precision": 0.9881867259447443,
        "f1": 0.976637305805536,
        "falseNegativeRate": 0.03464526571351497,
        "falsePositiveRate": 0.0048777706832071515,
        "TP": 357857,
        "TN": 872762,
        "FP": 4278,
        "FN": 12843
    },
    "wrapper": {
        "accuracy": 0.9862783913315274,
        "precision": 0.9881867259447443,
        "recall": 0.965354734286485,
        "f1": 0.976637305805536,
        "falseNegativeRate": 0.03464526571351497,
        "falsePositiveRate": 0.0048777706832071515,
        "TP": 357857,
        "TN": 872762,
        "FP": 4278,
        "FN": 12843
    },
    "files": {
        "checkpointFile": "../../../saved_models/decen/init-test-randpos/vehicle_47_model.ckpt",
        "dataFile": "../../../data/RandomPos_0709.csv"
    }
}