{
    "noWrapper": {
        "accuracy": 0.979487713786526,
        "recall": 0.9315700026975992,
        "precision": 0.9993430952656558,
        "f1": 0.9642671655544076,
        "falseNegativeRate": 0.06842999730240086,
        "falsePositiveRate": 0.00025882513910425976,
        "TP": 345333,
        "TN": 876813,
        "FP": 227,
        "FN": 25367
    },
    "wrapper": {
        "accuracy": 0.979487713786526,
        "precision": 0.9993430952656558,
        "recall": 0.9315700026975992,
        "f1": 0.9642671655544076,
        "falseNegativeRate": 0.06842999730240086,
        "falsePositiveRate": 0.00025882513910425976,
        "TP": 345333,
        "TN": 876813,
        "FP": 227,
        "FN": 25367
    },
    "files": {
        "checkpointFile": "../../../saved_models/decen/init-test-randpos/vehicle_111_model.ckpt",
        "dataFile": "../../../data/RandomPos_0709.csv"
    }
}