{
    "noWrapper": {
        "accuracy": 0.9276988795742703,
        "recall": 0.7566414890747235,
        "precision": 1.0,
        "f1": 0.8614637577224361,
        "falseNegativeRate": 0.2433585109252765,
        "falsePositiveRate": 0.0,
        "TP": 280487,
        "TN": 877040,
        "FP": 0,
        "FN": 90213
    },
    "wrapper": {
        "accuracy": 0.9276988795742703,
        "precision": 1.0,
        "recall": 0.7566414890747235,
        "f1": 0.8614637577224361,
        "falseNegativeRate": 0.2433585109252765,
        "falsePositiveRate": 0.0,
        "TP": 280487,
        "TN": 877040,
        "FP": 0,
        "FN": 90213
    },
    "files": {
        "checkpointFile": "../../../saved_models/decen/init-test-randpos/vehicle_68_model.ckpt",
        "dataFile": "../../../data/RandomPos_0709.csv"
    }
}