{
    "noWrapper": {
        "accuracy": 0.9689855258307019,
        "recall": 0.8957782573509576,
        "precision": 0.9998103140957703,
        "f1": 0.9449395869259619,
        "falseNegativeRate": 0.10422174264904235,
        "falsePositiveRate": 7.183252759281218e-05,
        "TP": 332065,
        "TN": 876977,
        "FP": 63,
        "FN": 38635
    },
    "wrapper": {
        "accuracy": 0.9689855258307019,
        "precision": 0.9998103140957703,
        "recall": 0.8957782573509576,
        "f1": 0.9449395869259619,
        "falseNegativeRate": 0.10422174264904235,
        "falsePositiveRate": 7.183252759281218e-05,
        "TP": 332065,
        "TN": 876977,
        "FP": 63,
        "FN": 38635
    },
    "files": {
        "checkpointFile": "../../../saved_models/decen/init-test-randpos/vehicle_123_model.ckpt",
        "dataFile": "../../../data/RandomPos_0709.csv"
    }
}