{
    "noWrapper": {
        "accuracy": 0.9621451584464712,
        "recall": 0.8726733207445374,
        "precision": 0.9998980011312602,
        "f1": 0.9319637643269623,
        "falseNegativeRate": 0.12732667925546265,
        "falsePositiveRate": 3.762656207242543e-05,
        "TP": 323500,
        "TN": 877007,
        "FP": 33,
        "FN": 47200
    },
    "wrapper": {
        "accuracy": 0.9621451584464712,
        "precision": 0.9998980011312602,
        "recall": 0.8726733207445374,
        "f1": 0.9319637643269623,
        "falseNegativeRate": 0.12732667925546265,
        "falsePositiveRate": 3.762656207242543e-05,
        "TP": 323500,
        "TN": 877007,
        "FP": 33,
        "FN": 47200
    },
    "files": {
        "checkpointFile": "../../../saved_models/decen/init-test-randpos/vehicle_16_model.ckpt",
        "dataFile": "../../../data/RandomPos_0709.csv"
    }
}