{
    "noWrapper": {
        "accuracy": 0.9807107249907834,
        "recall": 0.9360776908551389,
        "precision": 0.9989291142738704,
        "f1": 0.9664826564319098,
        "falseNegativeRate": 0.06392230914486108,
        "falsePositiveRate": 0.0004241539724527958,
        "TP": 347004,
        "TN": 876668,
        "FP": 372,
        "FN": 23696
    },
    "wrapper": {
        "accuracy": 0.9807107249907834,
        "precision": 0.9989291142738704,
        "recall": 0.9360776908551389,
        "f1": 0.9664826564319098,
        "falseNegativeRate": 0.06392230914486108,
        "falsePositiveRate": 0.0004241539724527958,
        "TP": 347004,
        "TN": 876668,
        "FP": 372,
        "FN": 23696
    },
    "files": {
        "checkpointFile": "../../../saved_models/decen/init-test-randpos/vehicle_73_model.ckpt",
        "dataFile": "../../../data/RandomPos_0709.csv"
    }
}