{
    "noWrapper": {
        "accuracy": 0.9837137544680783,
        "recall": 0.9456271917992987,
        "precision": 0.9995295244775583,
        "f1": 0.9718315130529285,
        "falseNegativeRate": 0.054372808200701374,
        "falsePositiveRate": 0.00018813281036212715,
        "TP": 350544,
        "TN": 876875,
        "FP": 165,
        "FN": 20156
    },
    "wrapper": {
        "accuracy": 0.9837137544680783,
        "precision": 0.9995295244775583,
        "recall": 0.9456271917992987,
        "f1": 0.9718315130529285,
        "falseNegativeRate": 0.054372808200701374,
        "falsePositiveRate": 0.00018813281036212715,
        "TP": 350544,
        "TN": 876875,
        "FP": 165,
        "FN": 20156
    },
    "files": {
        "checkpointFile": "../../../saved_models/decen/init-test-randpos/vehicle_105_model.ckpt",
        "dataFile": "../../../data/RandomPos_0709.csv"
    }
}