{
    "noWrapper": {
        "accuracy": 0.9720895378844951,
        "recall": 0.9326490423523065,
        "precision": 0.9722771386227436,
        "f1": 0.9520508997082436,
        "falseNegativeRate": 0.06735095764769355,
        "falsePositiveRate": 0.011240080269999089,
        "TP": 345733,
        "TN": 867182,
        "FP": 9858,
        "FN": 24967
    },
    "wrapper": {
        "accuracy": 0.9720895378844951,
        "precision": 0.9722771386227436,
        "recall": 0.9326490423523065,
        "f1": 0.9520508997082436,
        "falseNegativeRate": 0.06735095764769355,
        "falsePositiveRate": 0.011240080269999089,
        "TP": 345733,
        "TN": 867182,
        "FP": 9858,
        "FN": 24967
    },
    "files": {
        "checkpointFile": "../../../saved_models/decen/init-test-randpos/vehicle_199_model.ckpt",
        "dataFile": "../../../data/RandomPos_0709.csv"
    }
}