{
    "noWrapper": {
        "accuracy": 0.9794893166845657,
        "recall": 0.931804693822498,
        "precision": 0.9990975669015306,
        "f1": 0.9642785358554614,
        "falseNegativeRate": 0.06819530617750202,
        "falsePositiveRate": 0.00035574204141202223,
        "TP": 345420,
        "TN": 876728,
        "FP": 312,
        "FN": 25280
    },
    "wrapper": {
        "accuracy": 0.9794893166845657,
        "precision": 0.9990975669015306,
        "recall": 0.931804693822498,
        "f1": 0.9642785358554614,
        "falseNegativeRate": 0.06819530617750202,
        "falsePositiveRate": 0.00035574204141202223,
        "TP": 345420,
        "TN": 876728,
        "FP": 312,
        "FN": 25280
    },
    "files": {
        "checkpointFile": "../../../saved_models/decen/init-test-randpos/vehicle_66_model.ckpt",
        "dataFile": "../../../data/RandomPos_0709.csv"
    }
}