{
    "noWrapper": {
        "accuracy": 0.964418067866703,
        "recall": 0.8803695710817373,
        "precision": 0.9998468151334393,
        "f1": 0.9363121375176983,
        "falseNegativeRate": 0.11963042891826274,
        "falsePositiveRate": 5.7009942533977924e-05,
        "TP": 326353,
        "TN": 876990,
        "FP": 50,
        "FN": 44347
    },
    "wrapper": {
        "accuracy": 0.964418067866703,
        "precision": 0.9998468151334393,
        "recall": 0.8803695710817373,
        "f1": 0.9363121375176983,
        "falseNegativeRate": 0.11963042891826274,
        "falsePositiveRate": 5.7009942533977924e-05,
        "TP": 326353,
        "TN": 876990,
        "FP": 50,
        "FN": 44347
    },
    "files": {
        "checkpointFile": "../../../saved_models/decen/init-test-randpos/vehicle_150_model.ckpt",
        "dataFile": "../../../data/RandomPos_0709.csv"
    }
}