{
    "noWrapper": {
        "accuracy": 0.9473624312757466,
        "recall": 0.82282978149447,
        "precision": 0.9999967215694503,
        "f1": 0.9028035114928581,
        "falseNegativeRate": 0.17717021850553008,
        "falsePositiveRate": 1.1401988506795586e-06,
        "TP": 305023,
        "TN": 877039,
        "FP": 1,
        "FN": 65677
    },
    "wrapper": {
        "accuracy": 0.9473624312757466,
        "precision": 0.9999967215694503,
        "recall": 0.82282978149447,
        "f1": 0.9028035114928581,
        "falseNegativeRate": 0.17717021850553008,
        "falsePositiveRate": 1.1401988506795586e-06,
        "TP": 305023,
        "TN": 877039,
        "FP": 1,
        "FN": 65677
    },
    "files": {
        "checkpointFile": "../../../saved_models/decen/init-test-randpos/vehicle_21_model.ckpt",
        "dataFile": "../../../data/RandomPos_0709.csv"
    }
}