{
    "noWrapper": {
        "accuracy": 0.9716583583118278,
        "recall": 0.913887240356083,
        "precision": 0.9899450351967599,
        "f1": 0.9503968894081936,
        "falseNegativeRate": 0.08611275964391692,
        "falsePositiveRate": 0.003923424245188361,
        "TP": 338778,
        "TN": 873599,
        "FP": 3441,
        "FN": 31922
    },
    "wrapper": {
        "accuracy": 0.9716583583118278,
        "precision": 0.9899450351967599,
        "recall": 0.913887240356083,
        "f1": 0.9503968894081936,
        "falseNegativeRate": 0.08611275964391692,
        "falsePositiveRate": 0.003923424245188361,
        "TP": 338778,
        "TN": 873599,
        "FP": 3441,
        "FN": 31922
    },
    "files": {
        "checkpointFile": "../../../saved_models/decen/init-test-randpos/vehicle_24_model.ckpt",
        "dataFile": "../../../data/RandomPos_0709.csv"
    }
}