{
    "noWrapper": {
        "accuracy": 0.986745636110087,
        "recall": 0.9581035878068519,
        "precision": 0.9971727460581286,
        "f1": 0.9772478386960086,
        "falseNegativeRate": 0.041896412193148096,
        "falsePositiveRate": 0.0011481802426343154,
        "TP": 355169,
        "TN": 876033,
        "FP": 1007,
        "FN": 15531
    },
    "wrapper": {
        "accuracy": 0.986745636110087,
        "precision": 0.9971727460581286,
        "recall": 0.9581035878068519,
        "f1": 0.9772478386960086,
        "falseNegativeRate": 0.041896412193148096,
        "falsePositiveRate": 0.0011481802426343154,
        "TP": 355169,
        "TN": 876033,
        "FP": 1007,
        "FN": 15531
    },
    "files": {
        "checkpointFile": "../../../saved_models/decen/init-test-randpos/vehicle_74_model.ckpt",
        "dataFile": "../../../data/RandomPos_0709.csv"
    }
}