{
    "noWrapper": {
        "accuracy": 0.9870189302258483,
        "recall": 0.9571297545184786,
        "precision": 0.9991411184608843,
        "f1": 0.977684334670225,
        "falseNegativeRate": 0.04287024548152145,
        "falsePositiveRate": 0.00034776064945726533,
        "TP": 354808,
        "TN": 876735,
        "FP": 305,
        "FN": 15892
    },
    "wrapper": {
        "accuracy": 0.9870189302258483,
        "precision": 0.9991411184608843,
        "recall": 0.9571297545184786,
        "f1": 0.977684334670225,
        "falseNegativeRate": 0.04287024548152145,
        "falsePositiveRate": 0.00034776064945726533,
        "TP": 354808,
        "TN": 876735,
        "FP": 305,
        "FN": 15892
    },
    "files": {
        "checkpointFile": "../../../saved_models/decen/init-test-randpos/vehicle_138_model.ckpt",
        "dataFile": "../../../data/RandomPos_0709.csv"
    }
}