{
    "noWrapper": {
        "accuracy": 0.9719532915511244,
        "recall": 0.9056325869975722,
        "precision": 0.9999612785235799,
        "f1": 0.9504622532136896,
        "falseNegativeRate": 0.09436741300242783,
        "falsePositiveRate": 1.4822585058834261e-05,
        "TP": 335718,
        "TN": 877027,
        "FP": 13,
        "FN": 34982
    },
    "wrapper": {
        "accuracy": 0.9719532915511244,
        "precision": 0.9999612785235799,
        "recall": 0.9056325869975722,
        "f1": 0.9504622532136896,
        "falseNegativeRate": 0.09436741300242783,
        "falsePositiveRate": 1.4822585058834261e-05,
        "TP": 335718,
        "TN": 877027,
        "FP": 13,
        "FN": 34982
    },
    "files": {
        "checkpointFile": "../../../saved_models/decen/init-test-randpos/vehicle_142_model.ckpt",
        "dataFile": "../../../data/RandomPos_0709.csv"
    }
}