{
    "noWrapper": {
        "accuracy": 0.9712063410646449,
        "recall": 0.9032721877529,
        "precision": 0.9997909904960393,
        "f1": 0.9490839879650744,
        "falseNegativeRate": 0.09672781224710009,
        "falsePositiveRate": 7.98139195475691e-05,
        "TP": 334843,
        "TN": 876970,
        "FP": 70,
        "FN": 35857
    },
    "wrapper": {
        "accuracy": 0.9712063410646449,
        "precision": 0.9997909904960393,
        "recall": 0.9032721877529,
        "f1": 0.9490839879650744,
        "falseNegativeRate": 0.09672781224710009,
        "falsePositiveRate": 7.98139195475691e-05,
        "TP": 334843,
        "TN": 876970,
        "FP": 70,
        "FN": 35857
    },
    "files": {
        "checkpointFile": "../../../saved_models/decen/init-test-randpos/vehicle_104_model.ckpt",
        "dataFile": "../../../data/RandomPos_0709.csv"
    }
}