{
    "noWrapper": {
        "accuracy": 0.9815578566047414,
        "recall": 0.9449770704073375,
        "precision": 0.9925931592980786,
        "f1": 0.9682000284680985,
        "falseNegativeRate": 0.05502292959266253,
        "falsePositiveRate": 0.002980479795676366,
        "TP": 350303,
        "TN": 874426,
        "FP": 2614,
        "FN": 20397
    },
    "wrapper": {
        "accuracy": 0.9815578566047414,
        "precision": 0.9925931592980786,
        "recall": 0.9449770704073375,
        "f1": 0.9682000284680985,
        "falseNegativeRate": 0.05502292959266253,
        "falsePositiveRate": 0.002980479795676366,
        "TP": 350303,
        "TN": 874426,
        "FP": 2614,
        "FN": 20397
    },
    "files": {
        "checkpointFile": "../../../saved_models/decen/init-test-randpos/vehicle_64_model.ckpt",
        "dataFile": "../../../data/RandomPos_0709.csv"
    }
}