{
    "noWrapper": {
        "accuracy": 0.9764935002484492,
        "recall": 0.9211734556244942,
        "precision": 0.9996809021394194,
        "f1": 0.9588228357069051,
        "falseNegativeRate": 0.0788265443755058,
        "falsePositiveRate": 0.00012428167472407187,
        "TP": 341479,
        "TN": 876931,
        "FP": 109,
        "FN": 29221
    },
    "wrapper": {
        "accuracy": 0.9764935002484492,
        "precision": 0.9996809021394194,
        "recall": 0.9211734556244942,
        "f1": 0.9588228357069051,
        "falseNegativeRate": 0.0788265443755058,
        "falsePositiveRate": 0.00012428167472407187,
        "TP": 341479,
        "TN": 876931,
        "FP": 109,
        "FN": 29221
    },
    "files": {
        "checkpointFile": "../../../saved_models/decen/init-test-randpos/vehicle_139_model.ckpt",
        "dataFile": "../../../data/RandomPos_0709.csv"
    }
}