{
    "noWrapper": {
        "accuracy": 0.9676382900283713,
        "recall": 0.8915403291070947,
        "precision": 0.9994768150435333,
        "f1": 0.9424281438961342,
        "falseNegativeRate": 0.10845967089290531,
        "falsePositiveRate": 0.0001972544011675636,
        "TP": 330494,
        "TN": 876867,
        "FP": 173,
        "FN": 40206
    },
    "wrapper": {
        "accuracy": 0.9676382900283713,
        "precision": 0.9994768150435333,
        "recall": 0.8915403291070947,
        "f1": 0.9424281438961342,
        "falseNegativeRate": 0.10845967089290531,
        "falsePositiveRate": 0.0001972544011675636,
        "TP": 330494,
        "TN": 876867,
        "FP": 173,
        "FN": 40206
    },
    "files": {
        "checkpointFile": "../../../saved_models/decen/init-test-randpos/vehicle_196_model.ckpt",
        "dataFile": "../../../data/RandomPos_0709.csv"
    }
}