{
    "noWrapper": {
        "accuracy": 0.9442728453043102,
        "recall": 0.8124602104127326,
        "precision": 0.999960158172057,
        "f1": 0.8965114877264317,
        "falseNegativeRate": 0.18753978958726733,
        "falsePositiveRate": 1.3682386208154703e-05,
        "TP": 301179,
        "TN": 877028,
        "FP": 12,
        "FN": 69521
    },
    "wrapper": {
        "accuracy": 0.9442728453043102,
        "precision": 0.999960158172057,
        "recall": 0.8124602104127326,
        "f1": 0.8965114877264317,
        "falseNegativeRate": 0.18753978958726733,
        "falsePositiveRate": 1.3682386208154703e-05,
        "TP": 301179,
        "TN": 877028,
        "FP": 12,
        "FN": 69521
    },
    "files": {
        "checkpointFile": "../../../saved_models/decen/init-test-randpos/vehicle_52_model.ckpt",
        "dataFile": "../../../data/RandomPos_0709.csv"
    }
}