{
    "noWrapper": {
        "accuracy": 0.941745876544793,
        "recall": 0.8040329107094686,
        "precision": 0.9998624604154366,
        "f1": 0.8913181298931213,
        "falseNegativeRate": 0.19596708929053142,
        "falsePositiveRate": 4.67481528778619e-05,
        "TP": 298055,
        "TN": 876999,
        "FP": 41,
        "FN": 72645
    },
    "wrapper": {
        "accuracy": 0.941745876544793,
        "precision": 0.9998624604154366,
        "recall": 0.8040329107094686,
        "f1": 0.8913181298931213,
        "falseNegativeRate": 0.19596708929053142,
        "falsePositiveRate": 4.67481528778619e-05,
        "TP": 298055,
        "TN": 876999,
        "FP": 41,
        "FN": 72645
    },
    "files": {
        "checkpointFile": "../../../saved_models/decen/init-test-randpos/vehicle_43_model.ckpt",
        "dataFile": "../../../data/RandomPos_0709.csv"
    }
}