{
    "noWrapper": {
        "accuracy": 0.8813903537595974,
        "recall": 0.9877475047207985,
        "precision": 0.7185063087459037,
        "f1": 0.8318842226034011,
        "falseNegativeRate": 0.012252495279201511,
        "falsePositiveRate": 0.16356380552768404,
        "TP": 366158,
        "TN": 733588,
        "FP": 143452,
        "FN": 4542
    },
    "wrapper": {
        "accuracy": 0.8813903537595974,
        "precision": 0.7185063087459037,
        "recall": 0.9877475047207985,
        "f1": 0.8318842226034011,
        "falseNegativeRate": 0.012252495279201511,
        "falsePositiveRate": 0.16356380552768404,
        "TP": 366158,
        "TN": 733588,
        "FP": 143452,
        "FN": 4542
    },
    "files": {
        "checkpointFile": "../../../saved_models/decen/init-test-randpos/vehicle_169_model.ckpt",
        "dataFile": "../../../data/RandomPos_0709.csv"
    }
}