{
    "noWrapper": {
        "accuracy": 0.9862375174315162,
        "recall": 0.9544645265713515,
        "precision": 0.9991754021326585,
        "f1": 0.9763083392659061,
        "falseNegativeRate": 0.045535473428648506,
        "falsePositiveRate": 0.0003329380643984311,
        "TP": 353820,
        "TN": 876748,
        "FP": 292,
        "FN": 16880
    },
    "wrapper": {
        "accuracy": 0.9862375174315162,
        "precision": 0.9991754021326585,
        "recall": 0.9544645265713515,
        "f1": 0.9763083392659061,
        "falseNegativeRate": 0.045535473428648506,
        "falsePositiveRate": 0.0003329380643984311,
        "TP": 353820,
        "TN": 876748,
        "FP": 292,
        "FN": 16880
    },
    "files": {
        "checkpointFile": "../../../saved_models/decen/init-test-randpos/vehicle_61_model.ckpt",
        "dataFile": "../../../data/RandomPos_0709.csv"
    }
}