{
    "noWrapper": {
        "accuracy": 0.9890994918813214,
        "recall": 0.9641570002697599,
        "precision": 0.999122235671336,
        "f1": 0.9813282593863214,
        "falseNegativeRate": 0.035842999730240084,
        "falsePositiveRate": 0.0003580224391133814,
        "TP": 357413,
        "TN": 876726,
        "FP": 314,
        "FN": 13287
    },
    "wrapper": {
        "accuracy": 0.9890994918813214,
        "precision": 0.999122235671336,
        "recall": 0.9641570002697599,
        "f1": 0.9813282593863214,
        "falseNegativeRate": 0.035842999730240084,
        "falsePositiveRate": 0.0003580224391133814,
        "TP": 357413,
        "TN": 876726,
        "FP": 314,
        "FN": 13287
    },
    "files": {
        "checkpointFile": "../../../saved_models/decen/init-test-randpos/vehicle_56_model.ckpt",
        "dataFile": "../../../data/RandomPos_0709.csv"
    }
}