{
    "noWrapper": {
        "accuracy": 0.9391828425793836,
        "recall": 0.795435662260588,
        "precision": 0.9998236809982368,
        "f1": 0.8859950121691055,
        "falseNegativeRate": 0.20456433773941193,
        "falsePositiveRate": 5.9290340235337045e-05,
        "TP": 294868,
        "TN": 876988,
        "FP": 52,
        "FN": 75832
    },
    "wrapper": {
        "accuracy": 0.9391828425793836,
        "precision": 0.9998236809982368,
        "recall": 0.795435662260588,
        "f1": 0.8859950121691055,
        "falseNegativeRate": 0.20456433773941193,
        "falsePositiveRate": 5.9290340235337045e-05,
        "TP": 294868,
        "TN": 876988,
        "FP": 52,
        "FN": 75832
    },
    "files": {
        "checkpointFile": "../../../saved_models/decen/init-test-randpos/vehicle_54_model.ckpt",
        "dataFile": "../../../data/RandomPos_0709.csv"
    }
}