{
    "noWrapper": {
        "accuracy": 0.969567377819097,
        "recall": 0.8977663879147558,
        "precision": 0.9997776949975367,
        "f1": 0.9460299953381014,
        "falseNegativeRate": 0.10223361208524413,
        "falsePositiveRate": 8.437471495028733e-05,
        "TP": 332802,
        "TN": 876966,
        "FP": 74,
        "FN": 37898
    },
    "wrapper": {
        "accuracy": 0.969567377819097,
        "precision": 0.9997776949975367,
        "recall": 0.8977663879147558,
        "f1": 0.9460299953381014,
        "falseNegativeRate": 0.10223361208524413,
        "falsePositiveRate": 8.437471495028733e-05,
        "TP": 332802,
        "TN": 876966,
        "FP": 74,
        "FN": 37898
    },
    "files": {
        "checkpointFile": "../../../saved_models/decen/init-test-randpos/vehicle_152_model.ckpt",
        "dataFile": "../../../data/RandomPos_0709.csv"
    }
}