{
    "noWrapper": {
        "accuracy": 0.9713201468254604,
        "recall": 0.9034799028864311,
        "precision": 0.999985071284616,
        "f1": 0.9492860938883969,
        "falseNegativeRate": 0.09652009711356892,
        "falsePositiveRate": 5.7009942533977924e-06,
        "TP": 334920,
        "TN": 877035,
        "FP": 5,
        "FN": 35780
    },
    "wrapper": {
        "accuracy": 0.9713201468254604,
        "precision": 0.999985071284616,
        "recall": 0.9034799028864311,
        "f1": 0.9492860938883969,
        "falseNegativeRate": 0.09652009711356892,
        "falsePositiveRate": 5.7009942533977924e-06,
        "TP": 334920,
        "TN": 877035,
        "FP": 5,
        "FN": 35780
    },
    "files": {
        "checkpointFile": "../../../saved_models/decen/init-test-randpos/vehicle_141_model.ckpt",
        "dataFile": "../../../data/RandomPos_0709.csv"
    }
}