{
    "noWrapper": {
        "accuracy": 0.9736707968006155,
        "recall": 0.9116779066630699,
        "precision": 0.9996716656313781,
        "f1": 0.9536492797381378,
        "falseNegativeRate": 0.08832209333693013,
        "falsePositiveRate": 0.000126562072425431,
        "TP": 337959,
        "TN": 876929,
        "FP": 111,
        "FN": 32741
    },
    "wrapper": {
        "accuracy": 0.9736707968006155,
        "precision": 0.9996716656313781,
        "recall": 0.9116779066630699,
        "f1": 0.9536492797381378,
        "falseNegativeRate": 0.08832209333693013,
        "falsePositiveRate": 0.000126562072425431,
        "TP": 337959,
        "TN": 876929,
        "FP": 111,
        "FN": 32741
    },
    "files": {
        "checkpointFile": "../../../saved_models/decen/init-test-randpos/vehicle_29_model.ckpt",
        "dataFile": "../../../data/RandomPos_0709.csv"
    }
}