{
    "noWrapper": {
        "accuracy": 0.9633321044448363,
        "recall": 0.8768815753978959,
        "precision": 0.9996555668999791,
        "f1": 0.9342522762806953,
        "falseNegativeRate": 0.12311842460210412,
        "falsePositiveRate": 0.00012770227127611056,
        "TP": 325060,
        "TN": 876928,
        "FP": 112,
        "FN": 45640
    },
    "wrapper": {
        "accuracy": 0.9633321044448363,
        "precision": 0.9996555668999791,
        "recall": 0.8768815753978959,
        "f1": 0.9342522762806953,
        "falseNegativeRate": 0.12311842460210412,
        "falsePositiveRate": 0.00012770227127611056,
        "TP": 325060,
        "TN": 876928,
        "FP": 112,
        "FN": 45640
    },
    "files": {
        "checkpointFile": "../../../saved_models/decen/init-test-randpos/vehicle_17_model.ckpt",
        "dataFile": "../../../data/RandomPos_0709.csv"
    }
}