{
    "noWrapper": {
        "accuracy": 0.9068002949332393,
        "recall": 0.6863825195575938,
        "precision": 0.9998781796104106,
        "f1": 0.8139890878204914,
        "falseNegativeRate": 0.3136174804424063,
        "falsePositiveRate": 3.5346164371066315e-05,
        "TP": 254442,
        "TN": 877009,
        "FP": 31,
        "FN": 116258
    },
    "wrapper": {
        "accuracy": 0.9068002949332393,
        "precision": 0.9998781796104106,
        "recall": 0.6863825195575938,
        "f1": 0.8139890878204914,
        "falseNegativeRate": 0.3136174804424063,
        "falsePositiveRate": 3.5346164371066315e-05,
        "TP": 254442,
        "TN": 877009,
        "FP": 31,
        "FN": 116258
    },
    "files": {
        "checkpointFile": "../../../saved_models/decen/init-test-randpos/vehicle_19_model.ckpt",
        "dataFile": "../../../data/RandomPos_0709.csv"
    }
}