{
    "noWrapper": {
        "accuracy": 0.9816508246910414,
        "recall": 0.9388157539789588,
        "precision": 0.9993854689245419,
        "f1": 0.9681541951753502,
        "falseNegativeRate": 0.06118424602104127,
        "falsePositiveRate": 0.00024400255404542553,
        "TP": 348019,
        "TN": 876826,
        "FP": 214,
        "FN": 22681
    },
    "wrapper": {
        "accuracy": 0.9816508246910414,
        "precision": 0.9993854689245419,
        "recall": 0.9388157539789588,
        "f1": 0.9681541951753502,
        "falseNegativeRate": 0.06118424602104127,
        "falsePositiveRate": 0.00024400255404542553,
        "TP": 348019,
        "TN": 876826,
        "FP": 214,
        "FN": 22681
    },
    "files": {
        "checkpointFile": "../../../saved_models/decen/init-test-randpos/vehicle_93_model.ckpt",
        "dataFile": "../../../data/RandomPos_0709.csv"
    }
}