{
    "noWrapper": {
        "accuracy": 0.9536626220206132,
        "recall": 0.8444834097653089,
        "precision": 0.9994668233205732,
        "f1": 0.915461963951766,
        "falseNegativeRate": 0.15551659023469114,
        "falsePositiveRate": 0.00019041320806348626,
        "TP": 313050,
        "TN": 876873,
        "FP": 167,
        "FN": 57650
    },
    "wrapper": {
        "accuracy": 0.9536626220206132,
        "precision": 0.9994668233205732,
        "recall": 0.8444834097653089,
        "f1": 0.915461963951766,
        "falseNegativeRate": 0.15551659023469114,
        "falsePositiveRate": 0.00019041320806348626,
        "TP": 313050,
        "TN": 876873,
        "FP": 167,
        "FN": 57650
    },
    "files": {
        "checkpointFile": "../../../saved_models/decen/init-test-randpos/vehicle_32_model.ckpt",
        "dataFile": "../../../data/RandomPos_0709.csv"
    }
}