{
    "noWrapper": {
        "accuracy": 0.9726681840768109,
        "recall": 0.9083868357162126,
        "precision": 0.9995784861716749,
        "f1": 0.9518033977735412,
        "falseNegativeRate": 0.09161316428378743,
        "falsePositiveRate": 0.0001619082367964973,
        "TP": 336739,
        "TN": 876898,
        "FP": 142,
        "FN": 33961
    },
    "wrapper": {
        "accuracy": 0.9726681840768109,
        "precision": 0.9995784861716749,
        "recall": 0.9083868357162126,
        "f1": 0.9518033977735412,
        "falseNegativeRate": 0.09161316428378743,
        "falsePositiveRate": 0.0001619082367964973,
        "TP": 336739,
        "TN": 876898,
        "FP": 142,
        "FN": 33961
    },
    "files": {
        "checkpointFile": "../../../saved_models/decen/init-test-randpos/vehicle_125_model.ckpt",
        "dataFile": "../../../data/RandomPos_0709.csv"
    }
}