{
    "noWrapper": {
        "accuracy": 0.9826502316187667,
        "recall": 0.9422336120852441,
        "precision": 0.9993305104142824,
        "f1": 0.9699425175640777,
        "falseNegativeRate": 0.05776638791475587,
        "falsePositiveRate": 0.0002668065310590167,
        "TP": 349286,
        "TN": 876806,
        "FP": 234,
        "FN": 21414
    },
    "wrapper": {
        "accuracy": 0.9826502316187667,
        "precision": 0.9993305104142824,
        "recall": 0.9422336120852441,
        "f1": 0.9699425175640777,
        "falseNegativeRate": 0.05776638791475587,
        "falsePositiveRate": 0.0002668065310590167,
        "TP": 349286,
        "TN": 876806,
        "FP": 234,
        "FN": 21414
    },
    "files": {
        "checkpointFile": "../../../saved_models/decen/init-test-randpos/vehicle_198_model.ckpt",
        "dataFile": "../../../data/RandomPos_0709.csv"
    }
}