{
    "noWrapper": {
        "accuracy": 0.9927885617195891,
        "recall": 0.9862125708119773,
        "precision": 0.9894796955688597,
        "f1": 0.9878434318324292,
        "falseNegativeRate": 0.01378742918802266,
        "falsePositiveRate": 0.004431952932591444,
        "TP": 365589,
        "TN": 873153,
        "FP": 3887,
        "FN": 5111
    },
    "wrapper": {
        "accuracy": 0.9927885617195891,
        "precision": 0.9894796955688597,
        "recall": 0.9862125708119773,
        "f1": 0.9878434318324292,
        "falseNegativeRate": 0.01378742918802266,
        "falsePositiveRate": 0.004431952932591444,
        "TP": 365589,
        "TN": 873153,
        "FP": 3887,
        "FN": 5111
    },
    "files": {
        "checkpointFile": "../../../saved_models/decen/init-test-randpos/vehicle_193_model.ckpt",
        "dataFile": "../../../data/RandomPos_0709.csv"
    }
}