{
    "noWrapper": {
        "accuracy": 0.9843372818055044,
        "recall": 0.9487051524143513,
        "precision": 0.9985009071215429,
        "f1": 0.9729663182153316,
        "falseNegativeRate": 0.05129484758564877,
        "falsePositiveRate": 0.0006020249931588069,
        "TP": 351685,
        "TN": 876512,
        "FP": 528,
        "FN": 19015
    },
    "wrapper": {
        "accuracy": 0.9843372818055044,
        "precision": 0.9985009071215429,
        "recall": 0.9487051524143513,
        "f1": 0.9729663182153316,
        "falseNegativeRate": 0.05129484758564877,
        "falsePositiveRate": 0.0006020249931588069,
        "TP": 351685,
        "TN": 876512,
        "FP": 528,
        "FN": 19015
    },
    "files": {
        "checkpointFile": "../../../saved_models/decen/init-test-randpos/vehicle_160_model.ckpt",
        "dataFile": "../../../data/RandomPos_0709.csv"
    }
}