{
    "noWrapper": {
        "accuracy": 0.9784185807940757,
        "recall": 0.9278311302940383,
        "precision": 0.999491459424274,
        "f1": 0.9623290833242403,
        "falseNegativeRate": 0.07216886970596169,
        "falsePositiveRate": 0.00019953479886892275,
        "TP": 343947,
        "TN": 876865,
        "FP": 175,
        "FN": 26753
    },
    "wrapper": {
        "accuracy": 0.9784185807940757,
        "precision": 0.999491459424274,
        "recall": 0.9278311302940383,
        "f1": 0.9623290833242403,
        "falseNegativeRate": 0.07216886970596169,
        "falsePositiveRate": 0.00019953479886892275,
        "TP": 343947,
        "TN": 876865,
        "FP": 175,
        "FN": 26753
    },
    "files": {
        "checkpointFile": "../../../saved_models/decen/init-test-randpos/vehicle_85_model.ckpt",
        "dataFile": "../../../data/RandomPos_0709.csv"
    }
}