{
    "noWrapper": {
        "accuracy": 0.9782358504175549,
        "recall": 0.9271810089020771,
        "precision": 0.9995288889922878,
        "f1": 0.9619966189361964,
        "falseNegativeRate": 0.07281899109792285,
        "falsePositiveRate": 0.0001847122138100885,
        "TP": 343706,
        "TN": 876878,
        "FP": 162,
        "FN": 26994
    },
    "wrapper": {
        "accuracy": 0.9782358504175549,
        "precision": 0.9995288889922878,
        "recall": 0.9271810089020771,
        "f1": 0.9619966189361964,
        "falseNegativeRate": 0.07281899109792285,
        "falsePositiveRate": 0.0001847122138100885,
        "TP": 343706,
        "TN": 876878,
        "FP": 162,
        "FN": 26994
    },
    "files": {
        "checkpointFile": "../../../saved_models/decen/init-test-randpos/vehicle_126_model.ckpt",
        "dataFile": "../../../data/RandomPos_0709.csv"
    }
}