{
    "noWrapper": {
        "accuracy": 0.9841256992642698,
        "recall": 0.9470191529538711,
        "precision": 0.9995245240257725,
        "f1": 0.9725637079649327,
        "falseNegativeRate": 0.052980847046128945,
        "falsePositiveRate": 0.00019041320806348626,
        "TP": 351060,
        "TN": 876873,
        "FP": 167,
        "FN": 19640
    },
    "wrapper": {
        "accuracy": 0.9841256992642698,
        "precision": 0.9995245240257725,
        "recall": 0.9470191529538711,
        "f1": 0.9725637079649327,
        "falseNegativeRate": 0.052980847046128945,
        "falsePositiveRate": 0.00019041320806348626,
        "TP": 351060,
        "TN": 876873,
        "FP": 167,
        "FN": 19640
    },
    "files": {
        "checkpointFile": "../../../saved_models/decen/init-test-randpos/vehicle_101_model.ckpt",
        "dataFile": "../../../data/RandomPos_0709.csv"
    }
}