{
    "noWrapper": {
        "accuracy": 0.8741516662125122,
        "recall": 0.5764931211222012,
        "precision": 0.9998502839925516,
        "f1": 0.73132137198471,
        "falseNegativeRate": 0.42350687887779875,
        "falsePositiveRate": 3.6486363221745876e-05,
        "TP": 213706,
        "TN": 877008,
        "FP": 32,
        "FN": 156994
    },
    "wrapper": {
        "accuracy": 0.8741516662125122,
        "precision": 0.9998502839925516,
        "recall": 0.5764931211222012,
        "f1": 0.73132137198471,
        "falseNegativeRate": 0.42350687887779875,
        "falsePositiveRate": 3.6486363221745876e-05,
        "TP": 213706,
        "TN": 877008,
        "FP": 32,
        "FN": 156994
    },
    "files": {
        "checkpointFile": "../../../saved_models/decen/init-test-randpos/vehicle_3_model.ckpt",
        "dataFile": "../../../data/RandomPos_0709.csv"
    }
}