{
    "noWrapper": {
        "accuracy": 0.49988058409604563,
        "recall": 0.9969004585918533,
        "precision": 0.37237321660867717,
        "f1": 0.5422130537201026,
        "falseNegativeRate": 0.0030995414081467494,
        "falsePositiveRate": 0.7101956581227766,
        "TP": 369551,
        "TN": 254170,
        "FP": 622870,
        "FN": 1149
    },
    "wrapper": {
        "accuracy": 0.49988058409604563,
        "precision": 0.37237321660867717,
        "recall": 0.9969004585918533,
        "f1": 0.5422130537201026,
        "falseNegativeRate": 0.0030995414081467494,
        "falsePositiveRate": 0.7101956581227766,
        "TP": 369551,
        "TN": 254170,
        "FP": 622870,
        "FN": 1149
    },
    "files": {
        "checkpointFile": "../../../saved_models/decen/init-test-randpos/vehicle_117_model.ckpt",
        "dataFile": "../../../data/RandomPos_0709.csv"
    }
}