{
    "noWrapper": {
        "accuracy": 0.9738927981791078,
        "recall": 0.9123415160507149,
        "precision": 0.9997635130141744,
        "f1": 0.9540540349936881,
        "falseNegativeRate": 0.08765848394928513,
        "falsePositiveRate": 9.121590805436468e-05,
        "TP": 338205,
        "TN": 876960,
        "FP": 80,
        "FN": 32495
    },
    "wrapper": {
        "accuracy": 0.9738927981791078,
        "precision": 0.9997635130141744,
        "recall": 0.9123415160507149,
        "f1": 0.9540540349936881,
        "falseNegativeRate": 0.08765848394928513,
        "falsePositiveRate": 9.121590805436468e-05,
        "TP": 338205,
        "TN": 876960,
        "FP": 80,
        "FN": 32495
    },
    "files": {
        "checkpointFile": "../../../saved_models/decen/init-test-randpos/vehicle_11_model.ckpt",
        "dataFile": "../../../data/RandomPos_0709.csv"
    }
}