{
    "noWrapper": {
        "accuracy": 0.8513881097023418,
        "recall": 0.4998651200431616,
        "precision": 0.9998435215211866,
        "f1": 0.6665119984748997,
        "falseNegativeRate": 0.5001348799568384,
        "falsePositiveRate": 3.3065766669707194e-05,
        "TP": 185300,
        "TN": 877011,
        "FP": 29,
        "FN": 185400
    },
    "wrapper": {
        "accuracy": 0.8513881097023418,
        "precision": 0.9998435215211866,
        "recall": 0.4998651200431616,
        "f1": 0.6665119984748997,
        "falseNegativeRate": 0.5001348799568384,
        "falsePositiveRate": 3.3065766669707194e-05,
        "TP": 185300,
        "TN": 877011,
        "FP": 29,
        "FN": 185400
    },
    "files": {
        "checkpointFile": "../../../saved_models/decen/init-test-randpos/vehicle_178_model.ckpt",
        "dataFile": "../../../data/RandomPos_0709.csv"
    }
}