{
    "noWrapper": {
        "accuracy": 0.9873916040200683,
        "recall": 0.9815996762881036,
        "precision": 0.9760964618149629,
        "f1": 0.9788403340999878,
        "falseNegativeRate": 0.018400323711896413,
        "falsePositiveRate": 0.010160311958405546,
        "TP": 363879,
        "TN": 868129,
        "FP": 8911,
        "FN": 6821
    },
    "wrapper": {
        "accuracy": 0.9873916040200683,
        "precision": 0.9760964618149629,
        "recall": 0.9815996762881036,
        "f1": 0.9788403340999878,
        "falseNegativeRate": 0.018400323711896413,
        "falsePositiveRate": 0.010160311958405546,
        "TP": 363879,
        "TN": 868129,
        "FP": 8911,
        "FN": 6821
    },
    "files": {
        "checkpointFile": "../../../saved_models/decen/init-test-randpos/vehicle_136_model.ckpt",
        "dataFile": "../../../data/RandomPos_0709.csv"
    }
}