{
    "noWrapper": {
        "accuracy": 0.9744978921890779,
        "recall": 0.9142541138386836,
        "precision": 0.9998996896279075,
        "f1": 0.9551608684869118,
        "falseNegativeRate": 0.08574588616131643,
        "falsePositiveRate": 3.876676092310499e-05,
        "TP": 338914,
        "TN": 877006,
        "FP": 34,
        "FN": 31786
    },
    "wrapper": {
        "accuracy": 0.9744978921890779,
        "precision": 0.9998996896279075,
        "recall": 0.9142541138386836,
        "f1": 0.9551608684869118,
        "falseNegativeRate": 0.08574588616131643,
        "falsePositiveRate": 3.876676092310499e-05,
        "TP": 338914,
        "TN": 877006,
        "FP": 34,
        "FN": 31786
    },
    "files": {
        "checkpointFile": "../../../saved_models/decen/init-test-randpos/vehicle_23_model.ckpt",
        "dataFile": "../../../data/RandomPos_0709.csv"
    }
}