{
    "noWrapper": {
        "accuracy": 0.9618414092679565,
        "recall": 0.9820636633396277,
        "precision": 0.8988602863110905,
        "f1": 0.938621708516283,
        "falseNegativeRate": 0.017936336660372268,
        "falsePositiveRate": 0.04670596552038676,
        "TP": 364051,
        "TN": 836077,
        "FP": 40963,
        "FN": 6649
    },
    "wrapper": {
        "accuracy": 0.9618414092679565,
        "precision": 0.8988602863110905,
        "recall": 0.9820636633396277,
        "f1": 0.938621708516283,
        "falseNegativeRate": 0.017936336660372268,
        "falsePositiveRate": 0.04670596552038676,
        "TP": 364051,
        "TN": 836077,
        "FP": 40963,
        "FN": 6649
    },
    "files": {
        "checkpointFile": "../../../saved_models/decen/init-test-randpos/vehicle_132_model.ckpt",
        "dataFile": "../../../data/RandomPos_0709.csv"
    }
}