{
    "noWrapper": {
        "accuracy": 0.9674683828361678,
        "recall": 0.8907121661721068,
        "precision": 0.9997638260185003,
        "f1": 0.9420926865107387,
        "falseNegativeRate": 0.10928783382789317,
        "falsePositiveRate": 8.893551035300556e-05,
        "TP": 330187,
        "TN": 876962,
        "FP": 78,
        "FN": 40513
    },
    "wrapper": {
        "accuracy": 0.9674683828361678,
        "precision": 0.9997638260185003,
        "recall": 0.8907121661721068,
        "f1": 0.9420926865107387,
        "falseNegativeRate": 0.10928783382789317,
        "falsePositiveRate": 8.893551035300556e-05,
        "TP": 330187,
        "TN": 876962,
        "FP": 78,
        "FN": 40513
    },
    "files": {
        "checkpointFile": "../../../saved_models/decen/init-test-randpos/vehicle_180_model.ckpt",
        "dataFile": "../../../data/RandomPos_0709.csv"
    }
}