{
    "noWrapper": {
        "accuracy": 0.925060509400997,
        "recall": 0.7477960615052603,
        "precision": 0.9999531060056778,
        "f1": 0.8556845664826421,
        "falseNegativeRate": 0.25220393849473965,
        "falsePositiveRate": 1.4822585058834261e-05,
        "TP": 277208,
        "TN": 877027,
        "FP": 13,
        "FN": 93492
    },
    "wrapper": {
        "accuracy": 0.925060509400997,
        "precision": 0.9999531060056778,
        "recall": 0.7477960615052603,
        "f1": 0.8556845664826421,
        "falseNegativeRate": 0.25220393849473965,
        "falsePositiveRate": 1.4822585058834261e-05,
        "TP": 277208,
        "TN": 877027,
        "FP": 13,
        "FN": 93492
    },
    "files": {
        "checkpointFile": "../../../saved_models/decen/init-test-randpos/vehicle_13_model.ckpt",
        "dataFile": "../../../data/RandomPos_0709.csv"
    }
}