{
    "noWrapper": {
        "accuracy": 0.9616498629522177,
        "recall": 0.8712166172106824,
        "precision": 0.9996564222725036,
        "f1": 0.931027673396553,
        "falseNegativeRate": 0.1287833827893175,
        "falsePositiveRate": 0.000126562072425431,
        "TP": 322960,
        "TN": 876929,
        "FP": 111,
        "FN": 47740
    },
    "wrapper": {
        "accuracy": 0.9616498629522177,
        "precision": 0.9996564222725036,
        "recall": 0.8712166172106824,
        "f1": 0.931027673396553,
        "falseNegativeRate": 0.1287833827893175,
        "falsePositiveRate": 0.000126562072425431,
        "TP": 322960,
        "TN": 876929,
        "FP": 111,
        "FN": 47740
    },
    "files": {
        "checkpointFile": "../../../saved_models/decen/init-test-randpos/vehicle_63_model.ckpt",
        "dataFile": "../../../data/RandomPos_0709.csv"
    }
}