{
    "noWrapper": {
        "accuracy": 0.944827448026031,
        "recall": 0.8143701106015646,
        "precision": 0.9999072586655184,
        "f1": 0.8976517026828127,
        "falseNegativeRate": 0.1856298893984354,
        "falsePositiveRate": 3.192556781902764e-05,
        "TP": 301887,
        "TN": 877012,
        "FP": 28,
        "FN": 68813
    },
    "wrapper": {
        "accuracy": 0.944827448026031,
        "precision": 0.9999072586655184,
        "recall": 0.8143701106015646,
        "f1": 0.8976517026828127,
        "falseNegativeRate": 0.1856298893984354,
        "falsePositiveRate": 3.192556781902764e-05,
        "TP": 301887,
        "TN": 877012,
        "FP": 28,
        "FN": 68813
    },
    "files": {
        "checkpointFile": "../../../saved_models/decen/init-test-randpos/vehicle_40_model.ckpt",
        "dataFile": "../../../data/RandomPos_0709.csv"
    }
}