{
    "noWrapper": {
        "accuracy": 0.9801569237180823,
        "recall": 0.9342649042352307,
        "precision": 0.9988722986360871,
        "f1": 0.9654889793050961,
        "falseNegativeRate": 0.06573509576476935,
        "falsePositiveRate": 0.0004458177506157074,
        "TP": 346332,
        "TN": 876649,
        "FP": 391,
        "FN": 24368
    },
    "wrapper": {
        "accuracy": 0.9801569237180823,
        "precision": 0.9988722986360871,
        "recall": 0.9342649042352307,
        "f1": 0.9654889793050961,
        "falseNegativeRate": 0.06573509576476935,
        "falsePositiveRate": 0.0004458177506157074,
        "TP": 346332,
        "TN": 876649,
        "FP": 391,
        "FN": 24368
    },
    "files": {
        "checkpointFile": "../../../saved_models/decen/init-test-randpos/vehicle_9_model.ckpt",
        "dataFile": "../../../data/RandomPos_0709.csv"
    }
}