{
    "noWrapper": {
        "accuracy": 0.9316652507733983,
        "recall": 0.7700431615861882,
        "precision": 0.9999334440264263,
        "f1": 0.8700588563399342,
        "falseNegativeRate": 0.2299568384138117,
        "falsePositiveRate": 2.1663778162911613e-05,
        "TP": 285455,
        "TN": 877021,
        "FP": 19,
        "FN": 85245
    },
    "wrapper": {
        "accuracy": 0.9316652507733983,
        "precision": 0.9999334440264263,
        "recall": 0.7700431615861882,
        "f1": 0.8700588563399342,
        "falseNegativeRate": 0.2299568384138117,
        "falsePositiveRate": 2.1663778162911613e-05,
        "TP": 285455,
        "TN": 877021,
        "FP": 19,
        "FN": 85245
    },
    "files": {
        "checkpointFile": "../../../saved_models/decen/init-test-randpos/vehicle_155_model.ckpt",
        "dataFile": "../../../data/RandomPos_0709.csv"
    }
}