{
    "noWrapper": {
        "accuracy": 0.9585498581435234,
        "recall": 0.8606959805772862,
        "precision": 0.999752458959889,
        "f1": 0.925027433937484,
        "falseNegativeRate": 0.13930401942271378,
        "falsePositiveRate": 9.007570920368513e-05,
        "TP": 319060,
        "TN": 876961,
        "FP": 79,
        "FN": 51640
    },
    "wrapper": {
        "accuracy": 0.9585498581435234,
        "precision": 0.999752458959889,
        "recall": 0.8606959805772862,
        "f1": 0.925027433937484,
        "falseNegativeRate": 0.13930401942271378,
        "falsePositiveRate": 9.007570920368513e-05,
        "TP": 319060,
        "TN": 876961,
        "FP": 79,
        "FN": 51640
    },
    "files": {
        "checkpointFile": "../../../saved_models/decen/init-test-randpos/vehicle_114_model.ckpt",
        "dataFile": "../../../data/RandomPos_0709.csv"
    }
}