{
    "noWrapper": {
        "accuracy": 0.9841553528780034,
        "recall": 0.9471702185055301,
        "precision": 0.999470541015992,
        "f1": 0.9726178043828134,
        "falseNegativeRate": 0.05282978149446992,
        "falsePositiveRate": 0.0002120769862263979,
        "TP": 351116,
        "TN": 876854,
        "FP": 186,
        "FN": 19584
    },
    "wrapper": {
        "accuracy": 0.9841553528780034,
        "precision": 0.999470541015992,
        "recall": 0.9471702185055301,
        "f1": 0.9726178043828134,
        "falseNegativeRate": 0.05282978149446992,
        "falsePositiveRate": 0.0002120769862263979,
        "TP": 351116,
        "TN": 876854,
        "FP": 186,
        "FN": 19584
    },
    "files": {
        "checkpointFile": "../../../saved_models/decen/init-test-randpos/vehicle_135_model.ckpt",
        "dataFile": "../../../data/RandomPos_0709.csv"
    }
}