{
    "noWrapper": {
        "accuracy": 0.9497635725391508,
        "recall": 0.8310520636633396,
        "precision": 0.9998279913281666,
        "f1": 0.9076608959023252,
        "falseNegativeRate": 0.16894793633666036,
        "falsePositiveRate": 6.04305390860166e-05,
        "TP": 308071,
        "TN": 876987,
        "FP": 53,
        "FN": 62629
    },
    "wrapper": {
        "accuracy": 0.9497635725391508,
        "precision": 0.9998279913281666,
        "recall": 0.8310520636633396,
        "f1": 0.9076608959023252,
        "falseNegativeRate": 0.16894793633666036,
        "falsePositiveRate": 6.04305390860166e-05,
        "TP": 308071,
        "TN": 876987,
        "FP": 53,
        "FN": 62629
    },
    "files": {
        "checkpointFile": "../../../saved_models/decen/init-test-randpos/vehicle_147_model.ckpt",
        "dataFile": "../../../data/RandomPos_0709.csv"
    }
}