{
    "noWrapper": {
        "accuracy": 0.9273831086604581,
        "recall": 0.7556217966010251,
        "precision": 0.9999428826416779,
        "f1": 0.8607813160219722,
        "falseNegativeRate": 0.24437820339897492,
        "falsePositiveRate": 1.8243181610872938e-05,
        "TP": 280109,
        "TN": 877024,
        "FP": 16,
        "FN": 90591
    },
    "wrapper": {
        "accuracy": 0.9273831086604581,
        "precision": 0.9999428826416779,
        "recall": 0.7556217966010251,
        "f1": 0.8607813160219722,
        "falseNegativeRate": 0.24437820339897492,
        "falsePositiveRate": 1.8243181610872938e-05,
        "TP": 280109,
        "TN": 877024,
        "FP": 16,
        "FN": 90591
    },
    "files": {
        "checkpointFile": "../../../saved_models/decen/init-test-randpos/vehicle_4_model.ckpt",
        "dataFile": "../../../data/RandomPos_0709.csv"
    }
}