{
    "noWrapper": {
        "accuracy": 0.9665923990574959,
        "recall": 0.8878257350957648,
        "precision": 0.9996932124002941,
        "f1": 0.9404444520643847,
        "falseNegativeRate": 0.11217426490423522,
        "falsePositiveRate": 0.00011516008391863542,
        "TP": 329117,
        "TN": 876939,
        "FP": 101,
        "FN": 41583
    },
    "wrapper": {
        "accuracy": 0.9665923990574959,
        "precision": 0.9996932124002941,
        "recall": 0.8878257350957648,
        "f1": 0.9404444520643847,
        "falseNegativeRate": 0.11217426490423522,
        "falsePositiveRate": 0.00011516008391863542,
        "TP": 329117,
        "TN": 876939,
        "FP": 101,
        "FN": 41583
    },
    "files": {
        "checkpointFile": "../../../saved_models/decen/init-test-randpos/vehicle_188_model.ckpt",
        "dataFile": "../../../data/RandomPos_0709.csv"
    }
}