{
    "noWrapper": {
        "accuracy": 0.9528050715693974,
        "recall": 0.9497734016725115,
        "precision": 0.8973668850946479,
        "f1": 0.9228267123081217,
        "falseNegativeRate": 0.050226598327488534,
        "falsePositiveRate": 0.04591352731916446,
        "TP": 352081,
        "TN": 836772,
        "FP": 40268,
        "FN": 18619
    },
    "wrapper": {
        "accuracy": 0.9528050715693974,
        "precision": 0.8973668850946479,
        "recall": 0.9497734016725115,
        "f1": 0.9228267123081217,
        "falseNegativeRate": 0.050226598327488534,
        "falsePositiveRate": 0.04591352731916446,
        "TP": 352081,
        "TN": 836772,
        "FP": 40268,
        "FN": 18619
    },
    "files": {
        "checkpointFile": "../../../saved_models/decen/init-test-randpos/vehicle_45_model.ckpt",
        "dataFile": "../../../data/RandomPos_0709.csv"
    }
}