{
    "noWrapper": {
        "accuracy": 0.9804262105887445,
        "recall": 0.9344753169678985,
        "precision": 0.9996162092438745,
        "f1": 0.96594877886574,
        "falseNegativeRate": 0.06552468303210143,
        "falsePositiveRate": 0.00015164644714038127,
        "TP": 346410,
        "TN": 876907,
        "FP": 133,
        "FN": 24290
    },
    "wrapper": {
        "accuracy": 0.9804262105887445,
        "precision": 0.9996162092438745,
        "recall": 0.9344753169678985,
        "f1": 0.96594877886574,
        "falseNegativeRate": 0.06552468303210143,
        "falsePositiveRate": 0.00015164644714038127,
        "TP": 346410,
        "TN": 876907,
        "FP": 133,
        "FN": 24290
    },
    "files": {
        "checkpointFile": "../../../saved_models/decen/init-test-randpos/vehicle_163_model.ckpt",
        "dataFile": "../../../data/RandomPos_0709.csv"
    }
}