{
    "noWrapper": {
        "accuracy": 0.9799870165258788,
        "recall": 0.9701106015646075,
        "precision": 0.9628096629014942,
        "f1": 0.9664463438460329,
        "falseNegativeRate": 0.0298893984353925,
        "falsePositiveRate": 0.015838502234789748,
        "TP": 359620,
        "TN": 863149,
        "FP": 13891,
        "FN": 11080
    },
    "wrapper": {
        "accuracy": 0.9799870165258788,
        "precision": 0.9628096629014942,
        "recall": 0.9701106015646075,
        "f1": 0.9664463438460329,
        "falseNegativeRate": 0.0298893984353925,
        "falsePositiveRate": 0.015838502234789748,
        "TP": 359620,
        "TN": 863149,
        "FP": 13891,
        "FN": 11080
    },
    "files": {
        "checkpointFile": "../../../saved_models/decen/init-test-randpos/vehicle_190_model.ckpt",
        "dataFile": "../../../data/RandomPos_0709.csv"
    }
}