{
    "noWrapper": {
        "accuracy": 0.8713457931940949,
        "recall": 0.5670218505530078,
        "precision": 0.9998953462374593,
        "f1": 0.7236662036056786,
        "falseNegativeRate": 0.4329781494469922,
        "falsePositiveRate": 2.5084374714950287e-05,
        "TP": 210195,
        "TN": 877018,
        "FP": 22,
        "FN": 160505
    },
    "wrapper": {
        "accuracy": 0.8713457931940949,
        "precision": 0.9998953462374593,
        "recall": 0.5670218505530078,
        "f1": 0.7236662036056786,
        "falseNegativeRate": 0.4329781494469922,
        "falsePositiveRate": 2.5084374714950287e-05,
        "TP": 210195,
        "TN": 877018,
        "FP": 22,
        "FN": 160505
    },
    "files": {
        "checkpointFile": "../../../saved_models/decen/init-test-randpos/vehicle_140_model.ckpt",
        "dataFile": "../../../data/RandomPos_0709.csv"
    }
}