{
    "noWrapper": {
        "accuracy": 0.9142946447176495,
        "recall": 0.7115322363096844,
        "precision": 0.999988626368627,
        "f1": 0.8314524924818903,
        "falseNegativeRate": 0.2884677636903156,
        "falsePositiveRate": 3.4205965520386756e-06,
        "TP": 263765,
        "TN": 877037,
        "FP": 3,
        "FN": 106935
    },
    "wrapper": {
        "accuracy": 0.9142946447176495,
        "precision": 0.999988626368627,
        "recall": 0.7115322363096844,
        "f1": 0.8314524924818903,
        "falseNegativeRate": 0.2884677636903156,
        "falsePositiveRate": 3.4205965520386756e-06,
        "TP": 263765,
        "TN": 877037,
        "FP": 3,
        "FN": 106935
    },
    "files": {
        "checkpointFile": "../../../saved_models/decen/init-test-randpos/vehicle_106_model.ckpt",
        "dataFile": "../../../data/RandomPos_0709.csv"
    }
}