{
    "noWrapper": {
        "accuracy": 0.9844158238094475,
        "recall": 0.9773158888589155,
        "precision": 0.9704387842293754,
        "f1": 0.9738651957523047,
        "falseNegativeRate": 0.022684111141084436,
        "falsePositiveRate": 0.012583234516099608,
        "TP": 362291,
        "TN": 866004,
        "FP": 11036,
        "FN": 8409
    },
    "wrapper": {
        "accuracy": 0.9844158238094475,
        "precision": 0.9704387842293754,
        "recall": 0.9773158888589155,
        "f1": 0.9738651957523047,
        "falseNegativeRate": 0.022684111141084436,
        "falsePositiveRate": 0.012583234516099608,
        "TP": 362291,
        "TN": 866004,
        "FP": 11036,
        "FN": 8409
    },
    "files": {
        "checkpointFile": "../../../saved_models/decen/init-test-randpos/vehicle_82_model.ckpt",
        "dataFile": "../../../data/RandomPos_0709.csv"
    }
}