{
    "noWrapper": {
        "accuracy": 0.8258868033404395,
        "recall": 0.41395198273536554,
        "precision": 1.0,
        "f1": 0.5855248095972161,
        "falseNegativeRate": 0.5860480172646345,
        "falsePositiveRate": 0.0,
        "TP": 153452,
        "TN": 877040,
        "FP": 0,
        "FN": 217248
    },
    "wrapper": {
        "accuracy": 0.8258868033404395,
        "precision": 1.0,
        "recall": 0.41395198273536554,
        "f1": 0.5855248095972161,
        "falseNegativeRate": 0.5860480172646345,
        "falsePositiveRate": 0.0,
        "TP": 153452,
        "TN": 877040,
        "FP": 0,
        "FN": 217248
    },
    "files": {
        "checkpointFile": "../../../saved_models/decen/init-test-randpos/vehicle_1_model.ckpt",
        "dataFile": "../../../data/RandomPos_0709.csv"
    }
}