{
    "noWrapper": {
        "accuracy": 0.9712856845176079,
        "recall": 0.9035689236579444,
        "precision": 0.9997582334927202,
        "f1": 0.949232997134898,
        "falseNegativeRate": 0.09643107634205557,
        "falsePositiveRate": 9.235610690504425e-05,
        "TP": 334953,
        "TN": 876959,
        "FP": 81,
        "FN": 35747
    },
    "wrapper": {
        "accuracy": 0.9712856845176079,
        "precision": 0.9997582334927202,
        "recall": 0.9035689236579444,
        "f1": 0.949232997134898,
        "falseNegativeRate": 0.09643107634205557,
        "falsePositiveRate": 9.235610690504425e-05,
        "TP": 334953,
        "TN": 876959,
        "FP": 81,
        "FN": 35747
    },
    "files": {
        "checkpointFile": "../../../saved_models/decen/init-test-randpos/vehicle_157_model.ckpt",
        "dataFile": "../../../data/RandomPos_0709.csv"
    }
}