{
    "noWrapper": {
        "accuracy": 0.9872946286886691,
        "recall": 0.9594119233881845,
        "precision": 0.9977360777195823,
        "f1": 0.9781987757869302,
        "falseNegativeRate": 0.04058807661181548,
        "falsePositiveRate": 0.0009201404724984037,
        "TP": 355654,
        "TN": 876233,
        "FP": 807,
        "FN": 15046
    },
    "wrapper": {
        "accuracy": 0.9872946286886691,
        "precision": 0.9977360777195823,
        "recall": 0.9594119233881845,
        "f1": 0.9781987757869302,
        "falseNegativeRate": 0.04058807661181548,
        "falsePositiveRate": 0.0009201404724984037,
        "TP": 355654,
        "TN": 876233,
        "FP": 807,
        "FN": 15046
    },
    "files": {
        "checkpointFile": "../../../saved_models/decen/init-test-randpos/vehicle_94_model.ckpt",
        "dataFile": "../../../data/RandomPos_0709.csv"
    }
}