{
    "noWrapper": {
        "accuracy": 0.9163583759437062,
        "recall": 0.7184731588885892,
        "precision": 0.9999962453865187,
        "f1": 0.8361748652751244,
        "falseNegativeRate": 0.28152684111141085,
        "falsePositiveRate": 1.1401988506795586e-06,
        "TP": 266338,
        "TN": 877039,
        "FP": 1,
        "FN": 104362
    },
    "wrapper": {
        "accuracy": 0.9163583759437062,
        "precision": 0.9999962453865187,
        "recall": 0.7184731588885892,
        "f1": 0.8361748652751244,
        "falseNegativeRate": 0.28152684111141085,
        "falsePositiveRate": 1.1401988506795586e-06,
        "TP": 266338,
        "TN": 877039,
        "FP": 1,
        "FN": 104362
    },
    "files": {
        "checkpointFile": "../../../saved_models/decen/init-test-randpos/vehicle_18_model.ckpt",
        "dataFile": "../../../data/RandomPos_0709.csv"
    }
}