{
    "noWrapper": {
        "accuracy": 0.9902920480228252,
        "recall": 0.9797572160776908,
        "precision": 0.987468903359117,
        "f1": 0.983597944495975,
        "falseNegativeRate": 0.020242783922309146,
        "falsePositiveRate": 0.005255176502782085,
        "TP": 363196,
        "TN": 872431,
        "FP": 4609,
        "FN": 7504
    },
    "wrapper": {
        "accuracy": 0.9902920480228252,
        "precision": 0.987468903359117,
        "recall": 0.9797572160776908,
        "f1": 0.983597944495975,
        "falseNegativeRate": 0.020242783922309146,
        "falsePositiveRate": 0.005255176502782085,
        "TP": 363196,
        "TN": 872431,
        "FP": 4609,
        "FN": 7504
    },
    "files": {
        "checkpointFile": "../../../saved_models/decen/init-test-randpos/vehicle_171_model.ckpt",
        "dataFile": "../../../data/RandomPos_0709.csv"
    }
}