{
    "noWrapper": {
        "accuracy": 0.9384366935419238,
        "recall": 0.7931157270029674,
        "precision": 0.9995818189854181,
        "f1": 0.8844593588445786,
        "falseNegativeRate": 0.20688427299703263,
        "falsePositiveRate": 0.0001402444586335857,
        "TP": 294008,
        "TN": 876917,
        "FP": 123,
        "FN": 76692
    },
    "wrapper": {
        "accuracy": 0.9384366935419238,
        "precision": 0.9995818189854181,
        "recall": 0.7931157270029674,
        "f1": 0.8844593588445786,
        "falseNegativeRate": 0.20688427299703263,
        "falsePositiveRate": 0.0001402444586335857,
        "TP": 294008,
        "TN": 876917,
        "FP": 123,
        "FN": 76692
    },
    "files": {
        "checkpointFile": "../../../saved_models/decen/init-test-randpos/vehicle_30_model.ckpt",
        "dataFile": "../../../data/RandomPos_0709.csv"
    }
}