{
    "noWrapper": {
        "accuracy": 0.9517439530671454,
        "recall": 0.8377232263285675,
        "precision": 0.9998229228040013,
        "f1": 0.911623237374486,
        "falseNegativeRate": 0.16227677367143242,
        "falsePositiveRate": 6.271093678737571e-05,
        "TP": 310544,
        "TN": 876985,
        "FP": 55,
        "FN": 60156
    },
    "wrapper": {
        "accuracy": 0.9517439530671454,
        "precision": 0.9998229228040013,
        "recall": 0.8377232263285675,
        "f1": 0.911623237374486,
        "falseNegativeRate": 0.16227677367143242,
        "falsePositiveRate": 6.271093678737571e-05,
        "TP": 310544,
        "TN": 876985,
        "FP": 55,
        "FN": 60156
    },
    "files": {
        "checkpointFile": "../../../saved_models/decen/init-test-randpos/vehicle_124_model.ckpt",
        "dataFile": "../../../data/RandomPos_0709.csv"
    }
}