{
    "noWrapper": {
        "accuracy": 0.9453075159889079,
        "recall": 0.815948206096574,
        "precision": 0.9999537168662351,
        "f1": 0.8986283137201309,
        "falseNegativeRate": 0.18405179390342596,
        "falsePositiveRate": 1.596278390951382e-05,
        "TP": 302472,
        "TN": 877026,
        "FP": 14,
        "FN": 68228
    },
    "wrapper": {
        "accuracy": 0.9453075159889079,
        "precision": 0.9999537168662351,
        "recall": 0.815948206096574,
        "f1": 0.8986283137201309,
        "falseNegativeRate": 0.18405179390342596,
        "falsePositiveRate": 1.596278390951382e-05,
        "TP": 302472,
        "TN": 877026,
        "FP": 14,
        "FN": 68228
    },
    "files": {
        "checkpointFile": "../../../saved_models/decen/init-test-randpos/vehicle_121_model.ckpt",
        "dataFile": "../../../data/RandomPos_0709.csv"
    }
}