{
    "noWrapper": {
        "accuracy": 0.9561943994742494,
        "recall": 0.8527623415160507,
        "precision": 0.9997564801578768,
        "f1": 0.9204275465281498,
        "falseNegativeRate": 0.1472376584839493,
        "falsePositiveRate": 8.7795311502326e-05,
        "TP": 316119,
        "TN": 876963,
        "FP": 77,
        "FN": 54581
    },
    "wrapper": {
        "accuracy": 0.9561943994742494,
        "precision": 0.9997564801578768,
        "recall": 0.8527623415160507,
        "f1": 0.9204275465281498,
        "falseNegativeRate": 0.1472376584839493,
        "falsePositiveRate": 8.7795311502326e-05,
        "TP": 316119,
        "TN": 876963,
        "FP": 77,
        "FN": 54581
    },
    "files": {
        "checkpointFile": "../../../saved_models/decen/init-test-randpos/vehicle_177_model.ckpt",
        "dataFile": "../../../data/RandomPos_0709.csv"
    }
}