{
    "noWrapper": {
        "accuracy": 0.9223291711414237,
        "recall": 0.7385810628540599,
        "precision": 0.9999817382951602,
        "f1": 0.8496300215516907,
        "falseNegativeRate": 0.2614189371459401,
        "falsePositiveRate": 5.7009942533977924e-06,
        "TP": 273792,
        "TN": 877035,
        "FP": 5,
        "FN": 96908
    },
    "wrapper": {
        "accuracy": 0.9223291711414237,
        "precision": 0.9999817382951602,
        "recall": 0.7385810628540599,
        "f1": 0.8496300215516907,
        "falseNegativeRate": 0.2614189371459401,
        "falsePositiveRate": 5.7009942533977924e-06,
        "TP": 273792,
        "TN": 877035,
        "FP": 5,
        "FN": 96908
    },
    "files": {
        "checkpointFile": "../../../saved_models/decen/init-test-randpos/vehicle_12_model.ckpt",
        "dataFile": "../../../data/RandomPos_0709.csv"
    }
}