{
    "noWrapper": {
        "accuracy": 0.970535528235049,
        "recall": 0.900990018883194,
        "precision": 0.9998173969789678,
        "f1": 0.9478345758402176,
        "falseNegativeRate": 0.09900998111680605,
        "falsePositiveRate": 6.955212989145306e-05,
        "TP": 333997,
        "TN": 876979,
        "FP": 61,
        "FN": 36703
    },
    "wrapper": {
        "accuracy": 0.970535528235049,
        "precision": 0.9998173969789678,
        "recall": 0.900990018883194,
        "f1": 0.9478345758402176,
        "falseNegativeRate": 0.09900998111680605,
        "falsePositiveRate": 6.955212989145306e-05,
        "TP": 333997,
        "TN": 876979,
        "FP": 61,
        "FN": 36703
    },
    "files": {
        "checkpointFile": "../../../saved_models/decen/init-test-randpos/vehicle_79_model.ckpt",
        "dataFile": "../../../data/RandomPos_0709.csv"
    }
}