{
    "noWrapper": {
        "accuracy": 0.9798106977415166,
        "recall": 0.9339223091448611,
        "precision": 0.9979936638983457,
        "f1": 0.9648955338691,
        "falseNegativeRate": 0.06607769085513893,
        "falsePositiveRate": 0.0007935784000729728,
        "TP": 346205,
        "TN": 876344,
        "FP": 696,
        "FN": 24495
    },
    "wrapper": {
        "accuracy": 0.9798106977415166,
        "precision": 0.9979936638983457,
        "recall": 0.9339223091448611,
        "f1": 0.9648955338691,
        "falseNegativeRate": 0.06607769085513893,
        "falsePositiveRate": 0.0007935784000729728,
        "TP": 346205,
        "TN": 876344,
        "FP": 696,
        "FN": 24495
    },
    "files": {
        "checkpointFile": "../../../saved_models/decen/init-test-randpos/vehicle_48_model.ckpt",
        "dataFile": "../../../data/RandomPos_0709.csv"
    }
}