{
    "noWrapper": {
        "accuracy": 0.9173786205459471,
        "recall": 0.7219045049905584,
        "precision": 1.0,
        "f1": 0.8384954019206968,
        "falseNegativeRate": 0.2780954950094416,
        "falsePositiveRate": 0.0,
        "TP": 267610,
        "TN": 877040,
        "FP": 0,
        "FN": 103090
    },
    "wrapper": {
        "accuracy": 0.9173786205459471,
        "precision": 1.0,
        "recall": 0.7219045049905584,
        "f1": 0.8384954019206968,
        "falseNegativeRate": 0.2780954950094416,
        "falsePositiveRate": 0.0,
        "TP": 267610,
        "TN": 877040,
        "FP": 0,
        "FN": 103090
    },
    "files": {
        "checkpointFile": "../../../saved_models/decen/init-test-randpos/vehicle_166_model.ckpt",
        "dataFile": "../../../data/RandomPos_0709.csv"
    }
}