{
    "noWrapper": {
        "accuracy": 0.9740402647987562,
        "recall": 0.9133827893175074,
        "precision": 0.9991678298359562,
        "f1": 0.9543514197975401,
        "falseNegativeRate": 0.08661721068249258,
        "falsePositiveRate": 0.0003215360758916355,
        "TP": 338591,
        "TN": 876758,
        "FP": 282,
        "FN": 32109
    },
    "wrapper": {
        "accuracy": 0.9740402647987562,
        "precision": 0.9991678298359562,
        "recall": 0.9133827893175074,
        "f1": 0.9543514197975401,
        "falseNegativeRate": 0.08661721068249258,
        "falsePositiveRate": 0.0003215360758916355,
        "TP": 338591,
        "TN": 876758,
        "FP": 282,
        "FN": 32109
    },
    "files": {
        "checkpointFile": "../../../saved_models/decen/init-test-randpos/vehicle_148_model.ckpt",
        "dataFile": "../../../data/RandomPos_0709.csv"
    }
}