{
    "noWrapper": {
        "accuracy": 0.9742686777694071,
        "recall": 0.9141003506878878,
        "precision": 0.99922446331682,
        "f1": 0.9547688146290608,
        "falseNegativeRate": 0.08589964931211222,
        "falsePositiveRate": 0.0002998722977287239,
        "TP": 338857,
        "TN": 876777,
        "FP": 263,
        "FN": 31843
    },
    "wrapper": {
        "accuracy": 0.9742686777694071,
        "precision": 0.99922446331682,
        "recall": 0.9141003506878878,
        "f1": 0.9547688146290608,
        "falseNegativeRate": 0.08589964931211222,
        "falsePositiveRate": 0.0002998722977287239,
        "TP": 338857,
        "TN": 876777,
        "FP": 263,
        "FN": 31843
    },
    "files": {
        "checkpointFile": "../../../saved_models/decen/init-test-randpos/vehicle_67_model.ckpt",
        "dataFile": "../../../data/RandomPos_0709.csv"
    }
}