{
    "noWrapper": {
        "accuracy": 0.894790581371119,
        "recall": 0.6459212301052064,
        "precision": 0.9999290069322643,
        "f1": 0.7848531532712731,
        "falseNegativeRate": 0.35407876989479364,
        "falsePositiveRate": 1.9383380461552495e-05,
        "TP": 239443,
        "TN": 877023,
        "FP": 17,
        "FN": 131257
    },
    "wrapper": {
        "accuracy": 0.894790581371119,
        "precision": 0.9999290069322643,
        "recall": 0.6459212301052064,
        "f1": 0.7848531532712731,
        "falseNegativeRate": 0.35407876989479364,
        "falsePositiveRate": 1.9383380461552495e-05,
        "TP": 239443,
        "TN": 877023,
        "FP": 17,
        "FN": 131257
    },
    "files": {
        "checkpointFile": "../../../saved_models/decen/init-test-randpos/vehicle_172_model.ckpt",
        "dataFile": "../../../data/RandomPos_0709.csv"
    }
}