{
    "noWrapper": {
        "accuracy": 0.9753322006187186,
        "recall": 0.9173509576476936,
        "precision": 0.9995855415737075,
        "f1": 0.9567043605105057,
        "falseNegativeRate": 0.08264904235230645,
        "falsePositiveRate": 0.00016076803794581776,
        "TP": 340062,
        "TN": 876899,
        "FP": 141,
        "FN": 30638
    },
    "wrapper": {
        "accuracy": 0.9753322006187186,
        "precision": 0.9995855415737075,
        "recall": 0.9173509576476936,
        "f1": 0.9567043605105057,
        "falseNegativeRate": 0.08264904235230645,
        "falsePositiveRate": 0.00016076803794581776,
        "TP": 340062,
        "TN": 876899,
        "FP": 141,
        "FN": 30638
    },
    "files": {
        "checkpointFile": "../../../saved_models/decen/init-test-randpos/vehicle_182_model.ckpt",
        "dataFile": "../../../data/RandomPos_0709.csv"
    }
}