{
    "noWrapper": {
        "accuracy": 0.9375382691906968,
        "recall": 0.7898543296466145,
        "precision": 0.9998804783597534,
        "f1": 0.8825440746065764,
        "falseNegativeRate": 0.2101456703533855,
        "falsePositiveRate": 3.990695977378455e-05,
        "TP": 292799,
        "TN": 877005,
        "FP": 35,
        "FN": 77901
    },
    "wrapper": {
        "accuracy": 0.9375382691906968,
        "precision": 0.9998804783597534,
        "recall": 0.7898543296466145,
        "f1": 0.8825440746065764,
        "falseNegativeRate": 0.2101456703533855,
        "falsePositiveRate": 3.990695977378455e-05,
        "TP": 292799,
        "TN": 877005,
        "FP": 35,
        "FN": 77901
    },
    "files": {
        "checkpointFile": "../../../saved_models/decen/init-test-randpos/vehicle_167_model.ckpt",
        "dataFile": "../../../data/RandomPos_0709.csv"
    }
}