{
    "noWrapper": {
        "accuracy": 0.9767195088720406,
        "recall": 0.923002427839223,
        "precision": 0.9985262445208398,
        "f1": 0.9592801410784426,
        "falseNegativeRate": 0.0769975721607769,
        "falsePositiveRate": 0.000575800419593177,
        "TP": 342157,
        "TN": 876535,
        "FP": 505,
        "FN": 28543
    },
    "wrapper": {
        "accuracy": 0.9767195088720406,
        "precision": 0.9985262445208398,
        "recall": 0.923002427839223,
        "f1": 0.9592801410784426,
        "falseNegativeRate": 0.0769975721607769,
        "falsePositiveRate": 0.000575800419593177,
        "TP": 342157,
        "TN": 876535,
        "FP": 505,
        "FN": 28543
    },
    "files": {
        "checkpointFile": "../../../saved_models/decen/init-test-randpos/vehicle_118_model.ckpt",
        "dataFile": "../../../data/RandomPos_0709.csv"
    }
}