{
    "noWrapper": {
        "accuracy": 0.9575865164216905,
        "recall": 0.8573563528459671,
        "precision": 0.9998647224450632,
        "f1": 0.9231430583895494,
        "falseNegativeRate": 0.1426436471540329,
        "falsePositiveRate": 4.9028550579221014e-05,
        "TP": 317822,
        "TN": 876997,
        "FP": 43,
        "FN": 52878
    },
    "wrapper": {
        "accuracy": 0.9575865164216905,
        "precision": 0.9998647224450632,
        "recall": 0.8573563528459671,
        "f1": 0.9231430583895494,
        "falseNegativeRate": 0.1426436471540329,
        "falsePositiveRate": 4.9028550579221014e-05,
        "TP": 317822,
        "TN": 876997,
        "FP": 43,
        "FN": 52878
    },
    "files": {
        "checkpointFile": "../../../saved_models/decen/init-test-randpos/vehicle_92_model.ckpt",
        "dataFile": "../../../data/RandomPos_0709.csv"
    }
}