{
    "noWrapper": {
        "accuracy": 0.8440259990062032,
        "recall": 0.47501213919611546,
        "precision": 0.9999886421071162,
        "f1": 0.6440765999316006,
        "falseNegativeRate": 0.5249878608038845,
        "falsePositiveRate": 2.2803977013591172e-06,
        "TP": 176087,
        "TN": 877038,
        "FP": 2,
        "FN": 194613
    },
    "wrapper": {
        "accuracy": 0.8440259990062032,
        "precision": 0.9999886421071162,
        "recall": 0.47501213919611546,
        "f1": 0.6440765999316006,
        "falseNegativeRate": 0.5249878608038845,
        "falsePositiveRate": 2.2803977013591172e-06,
        "TP": 176087,
        "TN": 877038,
        "FP": 2,
        "FN": 194613
    },
    "files": {
        "checkpointFile": "../../../saved_models/decen/init-test-randpos/vehicle_0_model.ckpt",
        "dataFile": "../../../data/RandomPos_0709.csv"
    }
}