{
    "noWrapper": {
        "accuracy": 0.9566512254155514,
        "recall": 0.8542595090369571,
        "precision": 0.9998042533845222,
        "f1": 0.9213192209892993,
        "falseNegativeRate": 0.1457404909630429,
        "falsePositiveRate": 7.069232874213263e-05,
        "TP": 316674,
        "TN": 876978,
        "FP": 62,
        "FN": 54026
    },
    "wrapper": {
        "accuracy": 0.9566512254155514,
        "precision": 0.9998042533845222,
        "recall": 0.8542595090369571,
        "f1": 0.9213192209892993,
        "falseNegativeRate": 0.1457404909630429,
        "falsePositiveRate": 7.069232874213263e-05,
        "TP": 316674,
        "TN": 876978,
        "FP": 62,
        "FN": 54026
    },
    "files": {
        "checkpointFile": "../../../saved_models/decen/init-test-randpos/vehicle_154_model.ckpt",
        "dataFile": "../../../data/RandomPos_0709.csv"
    }
}