{
    "noWrapper": {
        "accuracy": 0.9834468719444757,
        "recall": 0.9446614513083356,
        "precision": 0.9996003722247279,
        "f1": 0.971354708429377,
        "falseNegativeRate": 0.05533854869166442,
        "falsePositiveRate": 0.0001596278390951382,
        "TP": 350186,
        "TN": 876900,
        "FP": 140,
        "FN": 20514
    },
    "wrapper": {
        "accuracy": 0.9834468719444757,
        "precision": 0.9996003722247279,
        "recall": 0.9446614513083356,
        "f1": 0.971354708429377,
        "falseNegativeRate": 0.05533854869166442,
        "falsePositiveRate": 0.0001596278390951382,
        "TP": 350186,
        "TN": 876900,
        "FP": 140,
        "FN": 20514
    },
    "files": {
        "checkpointFile": "../../../saved_models/decen/init-test-randpos/vehicle_192_model.ckpt",
        "dataFile": "../../../data/RandomPos_0709.csv"
    }
}