{
    "noWrapper": {
        "accuracy": 0.9734608171574206,
        "recall": 0.9110439708659294,
        "precision": 0.9995915492124003,
        "f1": 0.9532659103931624,
        "falseNegativeRate": 0.08895602913407068,
        "falsePositiveRate": 0.00015734744139377907,
        "TP": 337724,
        "TN": 876902,
        "FP": 138,
        "FN": 32976
    },
    "wrapper": {
        "accuracy": 0.9734608171574206,
        "precision": 0.9995915492124003,
        "recall": 0.9110439708659294,
        "f1": 0.9532659103931624,
        "falseNegativeRate": 0.08895602913407068,
        "falsePositiveRate": 0.00015734744139377907,
        "TP": 337724,
        "TN": 876902,
        "FP": 138,
        "FN": 32976
    },
    "files": {
        "checkpointFile": "../../../saved_models/decen/init-test-randpos/vehicle_37_model.ckpt",
        "dataFile": "../../../data/RandomPos_0709.csv"
    }
}