{
    "noWrapper": {
        "accuracy": 0.9905388943209322,
        "recall": 0.968510925276504,
        "precision": 0.9996324747535215,
        "f1": 0.9838256430351616,
        "falseNegativeRate": 0.03148907472349609,
        "falsePositiveRate": 0.00015050624828970172,
        "TP": 359027,
        "TN": 876908,
        "FP": 132,
        "FN": 11673
    },
    "wrapper": {
        "accuracy": 0.9905388943209322,
        "precision": 0.9996324747535215,
        "recall": 0.968510925276504,
        "f1": 0.9838256430351616,
        "falseNegativeRate": 0.03148907472349609,
        "falsePositiveRate": 0.00015050624828970172,
        "TP": 359027,
        "TN": 876908,
        "FP": 132,
        "FN": 11673
    },
    "files": {
        "checkpointFile": "../../../saved_models/decen/init-test-randpos/vehicle_15_model.ckpt",
        "dataFile": "../../../data/RandomPos_0709.csv"
    }
}