{
    "noWrapper": {
        "accuracy": 0.9783961402215205,
        "recall": 0.9280847046128945,
        "precision": 0.9991374753875553,
        "f1": 0.9623013042663466,
        "falseNegativeRate": 0.07191529538710548,
        "falsePositiveRate": 0.0003386390586518289,
        "TP": 344041,
        "TN": 876743,
        "FP": 297,
        "FN": 26659
    },
    "wrapper": {
        "accuracy": 0.9783961402215205,
        "precision": 0.9991374753875553,
        "recall": 0.9280847046128945,
        "f1": 0.9623013042663466,
        "falseNegativeRate": 0.07191529538710548,
        "falsePositiveRate": 0.0003386390586518289,
        "TP": 344041,
        "TN": 876743,
        "FP": 297,
        "FN": 26659
    },
    "files": {
        "checkpointFile": "../../../saved_models/decen/init-test-randpos/vehicle_143_model.ckpt",
        "dataFile": "../../../data/RandomPos_0709.csv"
    }
}