{
    "noWrapper": {
        "accuracy": 0.9825163896324555,
        "recall": 0.9416779066630698,
        "precision": 0.9994417006656646,
        "f1": 0.9697003368172505,
        "falseNegativeRate": 0.058322093336930135,
        "falsePositiveRate": 0.0002223387758825139,
        "TP": 349080,
        "TN": 876845,
        "FP": 195,
        "FN": 21620
    },
    "wrapper": {
        "accuracy": 0.9825163896324555,
        "precision": 0.9994417006656646,
        "recall": 0.9416779066630698,
        "f1": 0.9697003368172505,
        "falseNegativeRate": 0.058322093336930135,
        "falsePositiveRate": 0.0002223387758825139,
        "TP": 349080,
        "TN": 876845,
        "FP": 195,
        "FN": 21620
    },
    "files": {
        "checkpointFile": "../../../saved_models/decen/init-test-randpos/vehicle_89_model.ckpt",
        "dataFile": "../../../data/RandomPos_0709.csv"
    }
}