{
    "noWrapper": {
        "accuracy": 0.7030591309086829,
        "recall": 0.0005260318316698139,
        "precision": 1.0,
        "f1": 0.00105151053532671,
        "falseNegativeRate": 0.9994739681683302,
        "falsePositiveRate": 0.0,
        "TP": 195,
        "TN": 877040,
        "FP": 0,
        "FN": 370505
    },
    "wrapper": {
        "accuracy": 0.7030591309086829,
        "precision": 1.0,
        "recall": 0.0005260318316698139,
        "f1": 0.00105151053532671,
        "falseNegativeRate": 0.9994739681683302,
        "falsePositiveRate": 0.0,
        "TP": 195,
        "TN": 877040,
        "FP": 0,
        "FN": 370505
    },
    "files": {
        "checkpointFile": "../../../saved_models/decen/init-test-randpos/vehicle_159_model.ckpt",
        "dataFile": "../../../data/RandomPos_0709.csv"
    }
}