{
    "noWrapper": {
        "accuracy": 0.9229494926827705,
        "recall": 0.7406717021850553,
        "precision": 0.9999781478878113,
        "f1": 0.8510103475583202,
        "falseNegativeRate": 0.2593282978149447,
        "falsePositiveRate": 6.841193104077351e-06,
        "TP": 274567,
        "TN": 877034,
        "FP": 6,
        "FN": 96133
    },
    "wrapper": {
        "accuracy": 0.9229494926827705,
        "precision": 0.9999781478878113,
        "recall": 0.7406717021850553,
        "f1": 0.8510103475583202,
        "falseNegativeRate": 0.2593282978149447,
        "falsePositiveRate": 6.841193104077351e-06,
        "TP": 274567,
        "TN": 877034,
        "FP": 6,
        "FN": 96133
    },
    "files": {
        "checkpointFile": "../../../saved_models/decen/init-test-randpos/vehicle_44_model.ckpt",
        "dataFile": "../../../data/RandomPos_0709.csv"
    }
}