{
    "noWrapper": {
        "accuracy": 0.9733854809495568,
        "recall": 0.9106069598057729,
        "precision": 0.9997926736802198,
        "f1": 0.9531180293986435,
        "falseNegativeRate": 0.08939304019422714,
        "falsePositiveRate": 7.98139195475691e-05,
        "TP": 337562,
        "TN": 876970,
        "FP": 70,
        "FN": 33138
    },
    "wrapper": {
        "accuracy": 0.9733854809495568,
        "precision": 0.9997926736802198,
        "recall": 0.9106069598057729,
        "f1": 0.9531180293986435,
        "falseNegativeRate": 0.08939304019422714,
        "falsePositiveRate": 7.98139195475691e-05,
        "TP": 337562,
        "TN": 876970,
        "FP": 70,
        "FN": 33138
    },
    "files": {
        "checkpointFile": "../../../saved_models/decen/init-test-randpos/vehicle_84_model.ckpt",
        "dataFile": "../../../data/RandomPos_0709.csv"
    }
}