{
    "noWrapper": {
        "accuracy": 0.9519170660554283,
        "recall": 0.8383679525222552,
        "precision": 0.9997490839957409,
        "f1": 0.9119741299751599,
        "falseNegativeRate": 0.16163204747774482,
        "falsePositiveRate": 8.893551035300556e-05,
        "TP": 310783,
        "TN": 876962,
        "FP": 78,
        "FN": 59917
    },
    "wrapper": {
        "accuracy": 0.9519170660554283,
        "precision": 0.9997490839957409,
        "recall": 0.8383679525222552,
        "f1": 0.9119741299751599,
        "falseNegativeRate": 0.16163204747774482,
        "falsePositiveRate": 8.893551035300556e-05,
        "TP": 310783,
        "TN": 876962,
        "FP": 78,
        "FN": 59917
    },
    "files": {
        "checkpointFile": "../../../saved_models/decen/init-test-randpos/vehicle_76_model.ckpt",
        "dataFile": "../../../data/RandomPos_0709.csv"
    }
}