{
    "noWrapper": {
        "accuracy": 0.9828610127109815,
        "recall": 0.9442352306447261,
        "precision": 0.9979671609535241,
        "f1": 0.9703579364078282,
        "falseNegativeRate": 0.05576476935527381,
        "falsePositiveRate": 0.0008129617805345252,
        "TP": 350028,
        "TN": 876327,
        "FP": 713,
        "FN": 20672
    },
    "wrapper": {
        "accuracy": 0.9828610127109815,
        "precision": 0.9979671609535241,
        "recall": 0.9442352306447261,
        "f1": 0.9703579364078282,
        "falseNegativeRate": 0.05576476935527381,
        "falsePositiveRate": 0.0008129617805345252,
        "TP": 350028,
        "TN": 876327,
        "FP": 713,
        "FN": 20672
    },
    "files": {
        "checkpointFile": "../../../saved_models/decen/init-test-randpos/vehicle_42_model.ckpt",
        "dataFile": "../../../data/RandomPos_0709.csv"
    }
}