{
    "noWrapper": {
        "accuracy": 0.9570880151313574,
        "recall": 0.9908173725384408,
        "precision": 0.8798878867368572,
        "f1": 0.932063669295235,
        "falseNegativeRate": 0.009182627461559211,
        "falsePositiveRate": 0.057168430174222386,
        "TP": 367296,
        "TN": 826901,
        "FP": 50139,
        "FN": 3404
    },
    "wrapper": {
        "accuracy": 0.9570880151313574,
        "precision": 0.8798878867368572,
        "recall": 0.9908173725384408,
        "f1": 0.932063669295235,
        "falseNegativeRate": 0.009182627461559211,
        "falsePositiveRate": 0.057168430174222386,
        "TP": 367296,
        "TN": 826901,
        "FP": 50139,
        "FN": 3404
    },
    "files": {
        "checkpointFile": "../../../saved_models/decen/init-test-randpos/vehicle_38_model.ckpt",
        "dataFile": "../../../data/RandomPos_0709.csv"
    }
}