{
    "noWrapper": {
        "accuracy": 0.9790741660922949,
        "recall": 0.9299217696250337,
        "precision": 0.9996172293202341,
        "f1": 0.9635107902408484,
        "falseNegativeRate": 0.07007823037496629,
        "falsePositiveRate": 0.00015050624828970172,
        "TP": 344722,
        "TN": 876908,
        "FP": 132,
        "FN": 25978
    },
    "wrapper": {
        "accuracy": 0.9790741660922949,
        "precision": 0.9996172293202341,
        "recall": 0.9299217696250337,
        "f1": 0.9635107902408484,
        "falseNegativeRate": 0.07007823037496629,
        "falsePositiveRate": 0.00015050624828970172,
        "TP": 344722,
        "TN": 876908,
        "FP": 132,
        "FN": 25978
    },
    "files": {
        "checkpointFile": "../../../saved_models/decen/init-test-randpos/vehicle_78_model.ckpt",
        "dataFile": "../../../data/RandomPos_0709.csv"
    }
}