{
    "noWrapper": {
        "accuracy": 0.9396661163383397,
        "recall": 0.7969894793633666,
        "precision": 0.9999153887548271,
        "f1": 0.8869941411263508,
        "falseNegativeRate": 0.20301052063663338,
        "falsePositiveRate": 2.8504971266988962e-05,
        "TP": 295444,
        "TN": 877015,
        "FP": 25,
        "FN": 75256
    },
    "wrapper": {
        "accuracy": 0.9396661163383397,
        "precision": 0.9999153887548271,
        "recall": 0.7969894793633666,
        "f1": 0.8869941411263508,
        "falseNegativeRate": 0.20301052063663338,
        "falsePositiveRate": 2.8504971266988962e-05,
        "TP": 295444,
        "TN": 877015,
        "FP": 25,
        "FN": 75256
    },
    "files": {
        "checkpointFile": "../../../saved_models/decen/init-test-randpos/vehicle_69_model.ckpt",
        "dataFile": "../../../data/RandomPos_0709.csv"
    }
}