{
    "noWrapper": {
        "accuracy": 0.8939121932453876,
        "recall": 0.6429188022659833,
        "precision": 1.0,
        "f1": 0.7826543848414692,
        "falseNegativeRate": 0.3570811977340167,
        "falsePositiveRate": 0.0,
        "TP": 238330,
        "TN": 877040,
        "FP": 0,
        "FN": 132370
    },
    "wrapper": {
        "accuracy": 0.8939121932453876,
        "precision": 1.0,
        "recall": 0.6429188022659833,
        "f1": 0.7826543848414692,
        "falseNegativeRate": 0.3570811977340167,
        "falsePositiveRate": 0.0,
        "TP": 238330,
        "TN": 877040,
        "FP": 0,
        "FN": 132370
    },
    "files": {
        "checkpointFile": "../../../saved_models/decen/init-test-randpos/vehicle_80_model.ckpt",
        "dataFile": "../../../data/RandomPos_0709.csv"
    }
}