{
    "noWrapper": {
        "accuracy": 0.9855154118646513,
        "recall": 0.9521364985163204,
        "precision": 0.9990659152473768,
        "f1": 0.9750368445842259,
        "falseNegativeRate": 0.04786350148367952,
        "falsePositiveRate": 0.0003762656207242543,
        "TP": 352957,
        "TN": 876710,
        "FP": 330,
        "FN": 17743
    },
    "wrapper": {
        "accuracy": 0.9855154118646513,
        "precision": 0.9990659152473768,
        "recall": 0.9521364985163204,
        "f1": 0.9750368445842259,
        "falseNegativeRate": 0.04786350148367952,
        "falsePositiveRate": 0.0003762656207242543,
        "TP": 352957,
        "TN": 876710,
        "FP": 330,
        "FN": 17743
    },
    "files": {
        "checkpointFile": "../../../saved_models/decen/init-test-randpos/vehicle_137_model.ckpt",
        "dataFile": "../../../data/RandomPos_0709.csv"
    }
}