{
    "noWrapper": {
        "accuracy": 0.971344991745075,
        "recall": 0.9037874291880227,
        "precision": 0.9997374090629682,
        "f1": 0.9493441689264432,
        "falseNegativeRate": 0.09621257081197734,
        "falsePositiveRate": 0.00010033749885980115,
        "TP": 335034,
        "TN": 876952,
        "FP": 88,
        "FN": 35666
    },
    "wrapper": {
        "accuracy": 0.971344991745075,
        "precision": 0.9997374090629682,
        "recall": 0.9037874291880227,
        "f1": 0.9493441689264432,
        "falseNegativeRate": 0.09621257081197734,
        "falsePositiveRate": 0.00010033749885980115,
        "TP": 335034,
        "TN": 876952,
        "FP": 88,
        "FN": 35666
    },
    "files": {
        "checkpointFile": "../../../saved_models/decen/init-test-randpos/vehicle_97_model.ckpt",
        "dataFile": "../../../data/RandomPos_0709.csv"
    }
}