{
    "noWrapper": {
        "accuracy": 0.9841801977976181,
        "recall": 0.9472241704882655,
        "precision": 0.9995018658681339,
        "f1": 0.972661081340866,
        "falseNegativeRate": 0.052775829511734554,
        "falsePositiveRate": 0.00019953479886892275,
        "TP": 351136,
        "TN": 876865,
        "FP": 175,
        "FN": 19564
    },
    "wrapper": {
        "accuracy": 0.9841801977976181,
        "precision": 0.9995018658681339,
        "recall": 0.9472241704882655,
        "f1": 0.972661081340866,
        "falseNegativeRate": 0.052775829511734554,
        "falsePositiveRate": 0.00019953479886892275,
        "TP": 351136,
        "TN": 876865,
        "FP": 175,
        "FN": 19564
    },
    "files": {
        "checkpointFile": "../../../saved_models/decen/init-test-randpos/vehicle_108_model.ckpt",
        "dataFile": "../../../data/RandomPos_0709.csv"
    }
}