{
    "noWrapper": {
        "accuracy": 0.9755606135893696,
        "recall": 0.9181332613973564,
        "precision": 0.9995712162773349,
        "f1": 0.9571230515271415,
        "falseNegativeRate": 0.08186673860264365,
        "falsePositiveRate": 0.00016646903219921555,
        "TP": 340352,
        "TN": 876894,
        "FP": 146,
        "FN": 30348
    },
    "wrapper": {
        "accuracy": 0.9755606135893696,
        "precision": 0.9995712162773349,
        "recall": 0.9181332613973564,
        "f1": 0.9571230515271415,
        "falseNegativeRate": 0.08186673860264365,
        "falsePositiveRate": 0.00016646903219921555,
        "TP": 340352,
        "TN": 876894,
        "FP": 146,
        "FN": 30348
    },
    "files": {
        "checkpointFile": "../../../saved_models/decen/init-test-randpos/vehicle_100_model.ckpt",
        "dataFile": "../../../data/RandomPos_0709.csv"
    }
}