{
    "noWrapper": {
        "accuracy": 0.9793226152884416,
        "recall": 0.9306366333962773,
        "precision": 0.9997478801648342,
        "f1": 0.9639551031470828,
        "falseNegativeRate": 0.06936336660372269,
        "falsePositiveRate": 9.91973000091216e-05,
        "TP": 344987,
        "TN": 876953,
        "FP": 87,
        "FN": 25713
    },
    "wrapper": {
        "accuracy": 0.9793226152884416,
        "precision": 0.9997478801648342,
        "recall": 0.9306366333962773,
        "f1": 0.9639551031470828,
        "falseNegativeRate": 0.06936336660372269,
        "falsePositiveRate": 9.91973000091216e-05,
        "TP": 344987,
        "TN": 876953,
        "FP": 87,
        "FN": 25713
    },
    "files": {
        "checkpointFile": "../../../saved_models/decen/init-test-randpos/vehicle_8_model.ckpt",
        "dataFile": "../../../data/RandomPos_0709.csv"
    }
}