{
    "noWrapper": {
        "accuracy": 0.9864731434433456,
        "recall": 0.9561640140275155,
        "precision": 0.9982313745148953,
        "f1": 0.9767449550689054,
        "falseNegativeRate": 0.04383598597248449,
        "falsePositiveRate": 0.0007160448782267628,
        "TP": 354450,
        "TN": 876412,
        "FP": 628,
        "FN": 16250
    },
    "wrapper": {
        "accuracy": 0.9864731434433456,
        "precision": 0.9982313745148953,
        "recall": 0.9561640140275155,
        "f1": 0.9767449550689054,
        "falseNegativeRate": 0.04383598597248449,
        "falsePositiveRate": 0.0007160448782267628,
        "TP": 354450,
        "TN": 876412,
        "FP": 628,
        "FN": 16250
    },
    "files": {
        "checkpointFile": "../../../saved_models/decen/init-test-randpos/vehicle_195_model.ckpt",
        "dataFile": "../../../data/RandomPos_0709.csv"
    }
}