{
    "noWrapper": {
        "accuracy": 0.9676046291695385,
        "recall": 0.8911545724305369,
        "precision": 0.9997820974932132,
        "f1": 0.942348204238058,
        "falseNegativeRate": 0.10884542756946318,
        "falsePositiveRate": 8.209431724892821e-05,
        "TP": 330351,
        "TN": 876968,
        "FP": 72,
        "FN": 40349
    },
    "wrapper": {
        "accuracy": 0.9676046291695385,
        "precision": 0.9997820974932132,
        "recall": 0.8911545724305369,
        "f1": 0.942348204238058,
        "falseNegativeRate": 0.10884542756946318,
        "falsePositiveRate": 8.209431724892821e-05,
        "TP": 330351,
        "TN": 876968,
        "FP": 72,
        "FN": 40349
    },
    "files": {
        "checkpointFile": "../../../saved_models/decen/init-test-randpos/vehicle_33_model.ckpt",
        "dataFile": "../../../data/RandomPos_0709.csv"
    }
}