{
    "noWrapper": {
        "accuracy": 0.9355667046019203,
        "recall": 0.987812247100081,
        "precision": 0.8283536171560422,
        "f1": 0.9010827304493332,
        "falseNegativeRate": 0.012187752899919071,
        "falsePositiveRate": 0.08651600839186355,
        "TP": 366182,
        "TN": 801162,
        "FP": 75878,
        "FN": 4518
    },
    "wrapper": {
        "accuracy": 0.9355667046019203,
        "precision": 0.8283536171560422,
        "recall": 0.987812247100081,
        "f1": 0.9010827304493332,
        "falseNegativeRate": 0.012187752899919071,
        "falsePositiveRate": 0.08651600839186355,
        "TP": 366182,
        "TN": 801162,
        "FP": 75878,
        "FN": 4518
    },
    "files": {
        "checkpointFile": "../../../saved_models/decen/init-test-randpos/vehicle_186_model.ckpt",
        "dataFile": "../../../data/RandomPos_0709.csv"
    }
}