{
    "noWrapper": {
        "accuracy": 0.9823064099892606,
        "recall": 0.9411896412193148,
        "precision": 0.9992095654041669,
        "f1": 0.9693321757249522,
        "falseNegativeRate": 0.05881035878068519,
        "falsePositiveRate": 0.00031469488278755813,
        "TP": 348899,
        "TN": 876764,
        "FP": 276,
        "FN": 21801
    },
    "wrapper": {
        "accuracy": 0.9823064099892606,
        "precision": 0.9992095654041669,
        "recall": 0.9411896412193148,
        "f1": 0.9693321757249522,
        "falseNegativeRate": 0.05881035878068519,
        "falsePositiveRate": 0.00031469488278755813,
        "TP": 348899,
        "TN": 876764,
        "FP": 276,
        "FN": 21801
    },
    "files": {
        "checkpointFile": "../../../saved_models/decen/init-test-randpos/vehicle_62_model.ckpt",
        "dataFile": "../../../data/RandomPos_0709.csv"
    }
}