{
    "noWrapper": {
        "accuracy": 0.941769118566368,
        "recall": 0.8040679794982466,
        "precision": 0.9999161335556354,
        "f1": 0.8913610040774947,
        "falseNegativeRate": 0.19593202050175343,
        "falsePositiveRate": 2.8504971266988962e-05,
        "TP": 298068,
        "TN": 877015,
        "FP": 25,
        "FN": 72632
    },
    "wrapper": {
        "accuracy": 0.941769118566368,
        "precision": 0.9999161335556354,
        "recall": 0.8040679794982466,
        "f1": 0.8913610040774947,
        "falseNegativeRate": 0.19593202050175343,
        "falsePositiveRate": 2.8504971266988962e-05,
        "TP": 298068,
        "TN": 877015,
        "FP": 25,
        "FN": 72632
    },
    "files": {
        "checkpointFile": "../../../saved_models/decen/init-test-randpos/vehicle_122_model.ckpt",
        "dataFile": "../../../data/RandomPos_0709.csv"
    }
}