{
    "noWrapper": {
        "accuracy": 0.97900363857855,
        "recall": 0.9300539519827353,
        "precision": 0.9992203802457686,
        "f1": 0.9633973230502697,
        "falseNegativeRate": 0.06994604801726463,
        "falsePositiveRate": 0.00030671349083280123,
        "TP": 344771,
        "TN": 876771,
        "FP": 269,
        "FN": 25929
    },
    "wrapper": {
        "accuracy": 0.97900363857855,
        "precision": 0.9992203802457686,
        "recall": 0.9300539519827353,
        "f1": 0.9633973230502697,
        "falseNegativeRate": 0.06994604801726463,
        "falsePositiveRate": 0.00030671349083280123,
        "TP": 344771,
        "TN": 876771,
        "FP": 269,
        "FN": 25929
    },
    "files": {
        "checkpointFile": "../../../saved_models/decen/init-test-randpos/vehicle_134_model.ckpt",
        "dataFile": "../../../data/RandomPos_0709.csv"
    }
}