{
    "noWrapper": {
        "accuracy": 0.9401461843012165,
        "recall": 0.7986565956298894,
        "precision": 0.9998514045645815,
        "f1": 0.8880004079147458,
        "falseNegativeRate": 0.2013434043701106,
        "falsePositiveRate": 5.0168749429900575e-05,
        "TP": 296062,
        "TN": 876996,
        "FP": 44,
        "FN": 74638
    },
    "wrapper": {
        "accuracy": 0.9401461843012165,
        "precision": 0.9998514045645815,
        "recall": 0.7986565956298894,
        "f1": 0.8880004079147458,
        "falseNegativeRate": 0.2013434043701106,
        "falsePositiveRate": 5.0168749429900575e-05,
        "TP": 296062,
        "TN": 876996,
        "FP": 44,
        "FN": 74638
    },
    "files": {
        "checkpointFile": "../../../saved_models/decen/init-test-randpos/vehicle_179_model.ckpt",
        "dataFile": "../../../data/RandomPos_0709.csv"
    }
}