{
    "noWrapper": {
        "accuracy": 0.977495311523234,
        "recall": 0.9244051793903426,
        "precision": 0.9998336902670876,
        "f1": 0.9606410684099721,
        "falseNegativeRate": 0.0755948206096574,
        "falsePositiveRate": 6.499133448873483e-05,
        "TP": 342677,
        "TN": 876983,
        "FP": 57,
        "FN": 28023
    },
    "wrapper": {
        "accuracy": 0.977495311523234,
        "precision": 0.9998336902670876,
        "recall": 0.9244051793903426,
        "f1": 0.9606410684099721,
        "falseNegativeRate": 0.0755948206096574,
        "falsePositiveRate": 6.499133448873483e-05,
        "TP": 342677,
        "TN": 876983,
        "FP": 57,
        "FN": 28023
    },
    "files": {
        "checkpointFile": "../../../saved_models/decen/init-test-randpos/vehicle_88_model.ckpt",
        "dataFile": "../../../data/RandomPos_0709.csv"
    }
}