{
    "noWrapper": {
        "accuracy": 0.9533139916969882,
        "recall": 0.8428783382789318,
        "precision": 0.9999775972758287,
        "f1": 0.9147317912881571,
        "falseNegativeRate": 0.15712166172106826,
        "falsePositiveRate": 7.98139195475691e-06,
        "TP": 312455,
        "TN": 877033,
        "FP": 7,
        "FN": 58245
    },
    "wrapper": {
        "accuracy": 0.9533139916969882,
        "precision": 0.9999775972758287,
        "recall": 0.8428783382789318,
        "f1": 0.9147317912881571,
        "falseNegativeRate": 0.15712166172106826,
        "falsePositiveRate": 7.98139195475691e-06,
        "TP": 312455,
        "TN": 877033,
        "FP": 7,
        "FN": 58245
    },
    "files": {
        "checkpointFile": "../../../saved_models/decen/init-test-randpos/vehicle_170_model.ckpt",
        "dataFile": "../../../data/RandomPos_0709.csv"
    }
}