{
    "noWrapper": {
        "accuracy": 0.9641543911391797,
        "recall": 0.8799487456164014,
        "precision": 0.9993168310765271,
        "f1": 0.9358417489098002,
        "falseNegativeRate": 0.1200512543835986,
        "falsePositiveRate": 0.00025426434370154154,
        "TP": 326197,
        "TN": 876817,
        "FP": 223,
        "FN": 44503
    },
    "wrapper": {
        "accuracy": 0.9641543911391797,
        "precision": 0.9993168310765271,
        "recall": 0.8799487456164014,
        "f1": 0.9358417489098002,
        "falseNegativeRate": 0.1200512543835986,
        "falsePositiveRate": 0.00025426434370154154,
        "TP": 326197,
        "TN": 876817,
        "FP": 223,
        "FN": 44503
    },
    "files": {
        "checkpointFile": "../../../saved_models/decen/init-test-randpos/vehicle_185_model.ckpt",
        "dataFile": "../../../data/RandomPos_0709.csv"
    }
}