{
    "noWrapper": {
        "accuracy": 0.9817998942087294,
        "recall": 0.9392932290261667,
        "precision": 0.9994115975556901,
        "f1": 0.9684202914472376,
        "falseNegativeRate": 0.060706770973833285,
        "falsePositiveRate": 0.0002337407643893095,
        "TP": 348196,
        "TN": 876835,
        "FP": 205,
        "FN": 22504
    },
    "wrapper": {
        "accuracy": 0.9817998942087294,
        "precision": 0.9994115975556901,
        "recall": 0.9392932290261667,
        "f1": 0.9684202914472376,
        "falseNegativeRate": 0.060706770973833285,
        "falsePositiveRate": 0.0002337407643893095,
        "TP": 348196,
        "TN": 876835,
        "FP": 205,
        "FN": 22504
    },
    "files": {
        "checkpointFile": "../../../saved_models/decen/init-test-randpos/vehicle_86_model.ckpt",
        "dataFile": "../../../data/RandomPos_0709.csv"
    }
}