{
    "noWrapper": {
        "accuracy": 0.9677104204401558,
        "recall": 0.8918073914216348,
        "precision": 0.9994497770387726,
        "f1": 0.9425653088135715,
        "falseNegativeRate": 0.10819260857836525,
        "falsePositiveRate": 0.00020751619082367965,
        "TP": 330593,
        "TN": 876858,
        "FP": 182,
        "FN": 40107
    },
    "wrapper": {
        "accuracy": 0.9677104204401558,
        "precision": 0.9994497770387726,
        "recall": 0.8918073914216348,
        "f1": 0.9425653088135715,
        "falseNegativeRate": 0.10819260857836525,
        "falsePositiveRate": 0.00020751619082367965,
        "TP": 330593,
        "TN": 876858,
        "FP": 182,
        "FN": 40107
    },
    "files": {
        "checkpointFile": "../../../saved_models/decen/init-test-randpos/vehicle_191_model.ckpt",
        "dataFile": "../../../data/RandomPos_0709.csv"
    }
}