{
    "noWrapper": {
        "accuracy": 0.9586853030278744,
        "recall": 0.8611033180469382,
        "precision": 0.9998089403392718,
        "f1": 0.9252868232334065,
        "falseNegativeRate": 0.13889668195306176,
        "falsePositiveRate": 6.955212989145306e-05,
        "TP": 319211,
        "TN": 876979,
        "FP": 61,
        "FN": 51489
    },
    "wrapper": {
        "accuracy": 0.9586853030278744,
        "precision": 0.9998089403392718,
        "recall": 0.8611033180469382,
        "f1": 0.9252868232334065,
        "falseNegativeRate": 0.13889668195306176,
        "falsePositiveRate": 6.955212989145306e-05,
        "TP": 319211,
        "TN": 876979,
        "FP": 61,
        "FN": 51489
    },
    "files": {
        "checkpointFile": "../../../saved_models/decen/init-test-randpos/vehicle_112_model.ckpt",
        "dataFile": "../../../data/RandomPos_0709.csv"
    }
}