{
    "noWrapper": {
        "accuracy": 0.9787175212784714,
        "recall": 0.9286377124359321,
        "precision": 0.9997066912155471,
        "f1": 0.9628625810611051,
        "falseNegativeRate": 0.07136228756406798,
        "falsePositiveRate": 0.00011516008391863542,
        "TP": 344246,
        "TN": 876939,
        "FP": 101,
        "FN": 26454
    },
    "wrapper": {
        "accuracy": 0.9787175212784714,
        "precision": 0.9997066912155471,
        "recall": 0.9286377124359321,
        "f1": 0.9628625810611051,
        "falseNegativeRate": 0.07136228756406798,
        "falsePositiveRate": 0.00011516008391863542,
        "TP": 344246,
        "TN": 876939,
        "FP": 101,
        "FN": 26454
    },
    "files": {
        "checkpointFile": "../../../saved_models/decen/init-test-randpos/vehicle_146_model.ckpt",
        "dataFile": "../../../data/RandomPos_0709.csv"
    }
}