{
    "noWrapper": {
        "accuracy": 0.6638666709410614,
        "recall": 0.9967925546263825,
        "precision": 0.4690839108373565,
        "f1": 0.6379519159137073,
        "falseNegativeRate": 0.0032074453736174804,
        "falsePositiveRate": 0.4768516829335036,
        "TP": 369511,
        "TN": 458822,
        "FP": 418218,
        "FN": 1189
    },
    "wrapper": {
        "accuracy": 0.6638666709410614,
        "precision": 0.4690839108373565,
        "recall": 0.9967925546263825,
        "f1": 0.6379519159137073,
        "falseNegativeRate": 0.0032074453736174804,
        "falsePositiveRate": 0.4768516829335036,
        "TP": 369511,
        "TN": 458822,
        "FP": 418218,
        "FN": 1189
    },
    "files": {
        "checkpointFile": "../../../saved_models/decen/init-test-randpos/vehicle_168_model.ckpt",
        "dataFile": "../../../data/RandomPos_0709.csv"
    }
}