{
    "noWrapper": {
        "accuracy": 0.9805832945966307,
        "recall": 0.9360669004585919,
        "precision": 0.9984835710606658,
        "f1": 0.9662683246383107,
        "falseNegativeRate": 0.06393309954140815,
        "falsePositiveRate": 0.0006008847943081273,
        "TP": 347000,
        "TN": 876513,
        "FP": 527,
        "FN": 23700
    },
    "wrapper": {
        "accuracy": 0.9805832945966307,
        "precision": 0.9984835710606658,
        "recall": 0.9360669004585919,
        "f1": 0.9662683246383107,
        "falseNegativeRate": 0.06393309954140815,
        "falsePositiveRate": 0.0006008847943081273,
        "TP": 347000,
        "TN": 876513,
        "FP": 527,
        "FN": 23700
    },
    "files": {
        "checkpointFile": "../../../saved_models/decen/init-test-randpos/vehicle_34_model.ckpt",
        "dataFile": "../../../data/RandomPos_0709.csv"
    }
}