{
    "noWrapper": {
        "accuracy": 0.9821950085755045,
        "recall": 0.9411356892365794,
        "precision": 0.9988690827258828,
        "f1": 0.9691433301758119,
        "falseNegativeRate": 0.05886431076342056,
        "falsePositiveRate": 0.0004503785460184256,
        "TP": 348879,
        "TN": 876645,
        "FP": 395,
        "FN": 21821
    },
    "wrapper": {
        "accuracy": 0.9821950085755045,
        "precision": 0.9988690827258828,
        "recall": 0.9411356892365794,
        "f1": 0.9691433301758119,
        "falseNegativeRate": 0.05886431076342056,
        "falsePositiveRate": 0.0004503785460184256,
        "TP": 348879,
        "TN": 876645,
        "FP": 395,
        "FN": 21821
    },
    "files": {
        "checkpointFile": "../../../saved_models/decen/init-test-randpos/vehicle_87_model.ckpt",
        "dataFile": "../../../data/RandomPos_0709.csv"
    }
}