{
    "noWrapper": {
        "accuracy": 0.9808549858143524,
        "recall": 0.9373590504451038,
        "precision": 0.9980841371148886,
        "f1": 0.9667689602501788,
        "falseNegativeRate": 0.06264094955489614,
        "falsePositiveRate": 0.0007605126334032656,
        "TP": 347479,
        "TN": 876373,
        "FP": 667,
        "FN": 23221
    },
    "wrapper": {
        "accuracy": 0.9808549858143524,
        "precision": 0.9980841371148886,
        "recall": 0.9373590504451038,
        "f1": 0.9667689602501788,
        "falseNegativeRate": 0.06264094955489614,
        "falsePositiveRate": 0.0007605126334032656,
        "TP": 347479,
        "TN": 876373,
        "FP": 667,
        "FN": 23221
    },
    "files": {
        "checkpointFile": "../../../saved_models/decen/init-test-randpos/vehicle_35_model.ckpt",
        "dataFile": "../../../data/RandomPos_0709.csv"
    }
}