{
    "noWrapper": {
        "accuracy": 0.9867336143747896,
        "recall": 0.9565416779066631,
        "precision": 0.9987522286660676,
        "f1": 0.9771913362076686,
        "falseNegativeRate": 0.04345832209333693,
        "falsePositiveRate": 0.0005051080908510445,
        "TP": 354590,
        "TN": 876597,
        "FP": 443,
        "FN": 16110
    },
    "wrapper": {
        "accuracy": 0.9867336143747896,
        "precision": 0.9987522286660676,
        "recall": 0.9565416779066631,
        "f1": 0.9771913362076686,
        "falseNegativeRate": 0.04345832209333693,
        "falsePositiveRate": 0.0005051080908510445,
        "TP": 354590,
        "TN": 876597,
        "FP": 443,
        "FN": 16110
    },
    "files": {
        "checkpointFile": "../../../saved_models/decen/init-test-randpos/vehicle_127_model.ckpt",
        "dataFile": "../../../data/RandomPos_0709.csv"
    }
}