{
    "noWrapper": {
        "accuracy": 0.9604428807283568,
        "recall": 0.8669058537901267,
        "precision": 0.9999408801391495,
        "f1": 0.9286832032666696,
        "falseNegativeRate": 0.13309414620987323,
        "falsePositiveRate": 2.1663778162911613e-05,
        "TP": 321362,
        "TN": 877021,
        "FP": 19,
        "FN": 49338
    },
    "wrapper": {
        "accuracy": 0.9604428807283568,
        "precision": 0.9999408801391495,
        "recall": 0.8669058537901267,
        "f1": 0.9286832032666696,
        "falseNegativeRate": 0.13309414620987323,
        "falsePositiveRate": 2.1663778162911613e-05,
        "TP": 321362,
        "TN": 877021,
        "FP": 19,
        "FN": 49338
    },
    "files": {
        "checkpointFile": "../../../saved_models/decen/init-test-randpos/vehicle_131_model.ckpt",
        "dataFile": "../../../data/RandomPos_0709.csv"
    }
}