{
    "noWrapper": {
        "accuracy": 0.9737797938673121,
        "recall": 0.9121095225249528,
        "precision": 0.9996008916376451,
        "f1": 0.9538531413885809,
        "falseNegativeRate": 0.0878904774750472,
        "falsePositiveRate": 0.0001539268448417404,
        "TP": 338119,
        "TN": 876905,
        "FP": 135,
        "FN": 32581
    },
    "wrapper": {
        "accuracy": 0.9737797938673121,
        "precision": 0.9996008916376451,
        "recall": 0.9121095225249528,
        "f1": 0.9538531413885809,
        "falseNegativeRate": 0.0878904774750472,
        "falsePositiveRate": 0.0001539268448417404,
        "TP": 338119,
        "TN": 876905,
        "FP": 135,
        "FN": 32581
    },
    "files": {
        "checkpointFile": "../../../saved_models/decen/init-test-randpos/vehicle_181_model.ckpt",
        "dataFile": "../../../data/RandomPos_0709.csv"
    }
}