{
    "noWrapper": {
        "accuracy": 0.9540905957972013,
        "recall": 0.8455813326139736,
        "precision": 0.9998724070724759,
        "f1": 0.9162770371691196,
        "falseNegativeRate": 0.15441866738602644,
        "falsePositiveRate": 4.560795402718234e-05,
        "TP": 313457,
        "TN": 877000,
        "FP": 40,
        "FN": 57243
    },
    "wrapper": {
        "accuracy": 0.9540905957972013,
        "precision": 0.9998724070724759,
        "recall": 0.8455813326139736,
        "f1": 0.9162770371691196,
        "falseNegativeRate": 0.15441866738602644,
        "falsePositiveRate": 4.560795402718234e-05,
        "TP": 313457,
        "TN": 877000,
        "FP": 40,
        "FN": 57243
    },
    "files": {
        "checkpointFile": "../../../saved_models/decen/init-test-randpos/vehicle_77_model.ckpt",
        "dataFile": "../../../data/RandomPos_0709.csv"
    }
}