{
    "noWrapper": {
        "accuracy": 0.9678947537147162,
        "recall": 0.8921041273266792,
        "precision": 0.999812555741992,
        "f1": 0.942892375243241,
        "falseNegativeRate": 0.10789587267332075,
        "falsePositiveRate": 7.069232874213263e-05,
        "TP": 330703,
        "TN": 876978,
        "FP": 62,
        "FN": 39997
    },
    "wrapper": {
        "accuracy": 0.9678947537147162,
        "precision": 0.999812555741992,
        "recall": 0.8921041273266792,
        "f1": 0.942892375243241,
        "falseNegativeRate": 0.10789587267332075,
        "falsePositiveRate": 7.069232874213263e-05,
        "TP": 330703,
        "TN": 876978,
        "FP": 62,
        "FN": 39997
    },
    "files": {
        "checkpointFile": "../../../saved_models/decen/init-test-randpos/vehicle_96_model.ckpt",
        "dataFile": "../../../data/RandomPos_0709.csv"
    }
}