{
    "noWrapper": {
        "accuracy": 0.9502612723804639,
        "recall": 0.8326679255462638,
        "precision": 0.9998995792044729,
        "f1": 0.9086533578843716,
        "falseNegativeRate": 0.16733207445373618,
        "falsePositiveRate": 3.5346164371066315e-05,
        "TP": 308670,
        "TN": 877009,
        "FP": 31,
        "FN": 62030
    },
    "wrapper": {
        "accuracy": 0.9502612723804639,
        "precision": 0.9998995792044729,
        "recall": 0.8326679255462638,
        "f1": 0.9086533578843716,
        "falseNegativeRate": 0.16733207445373618,
        "falsePositiveRate": 3.5346164371066315e-05,
        "TP": 308670,
        "TN": 877009,
        "FP": 31,
        "FN": 62030
    },
    "files": {
        "checkpointFile": "../../../saved_models/decen/init-test-randpos/vehicle_133_model.ckpt",
        "dataFile": "../../../data/RandomPos_0709.csv"
    }
}