{
    "noWrapper": {
        "accuracy": 0.925828297561992,
        "recall": 0.7503533854869167,
        "precision": 0.9999892148016063,
        "f1": 0.8573696288407805,
        "falseNegativeRate": 0.24964661451308334,
        "falsePositiveRate": 3.4205965520386756e-06,
        "TP": 278156,
        "TN": 877037,
        "FP": 3,
        "FN": 92544
    },
    "wrapper": {
        "accuracy": 0.925828297561992,
        "precision": 0.9999892148016063,
        "recall": 0.7503533854869167,
        "f1": 0.8573696288407805,
        "falseNegativeRate": 0.24964661451308334,
        "falsePositiveRate": 3.4205965520386756e-06,
        "TP": 278156,
        "TN": 877037,
        "FP": 3,
        "FN": 92544
    },
    "files": {
        "checkpointFile": "../../../saved_models/decen/init-test-randpos/vehicle_175_model.ckpt",
        "dataFile": "../../../data/RandomPos_0709.csv"
    }
}