{
    "noWrapper": {
        "accuracy": 0.9677617131774248,
        "recall": 0.8916913946587537,
        "precision": 0.9997731568998109,
        "f1": 0.942644280469112,
        "falseNegativeRate": 0.1083086053412463,
        "falsePositiveRate": 8.551491380096688e-05,
        "TP": 330550,
        "TN": 876965,
        "FP": 75,
        "FN": 40150
    },
    "wrapper": {
        "accuracy": 0.9677617131774248,
        "precision": 0.9997731568998109,
        "recall": 0.8916913946587537,
        "f1": 0.942644280469112,
        "falseNegativeRate": 0.1083086053412463,
        "falsePositiveRate": 8.551491380096688e-05,
        "TP": 330550,
        "TN": 876965,
        "FP": 75,
        "FN": 40150
    },
    "files": {
        "checkpointFile": "../../../saved_models/decen/init-test-randpos/vehicle_71_model.ckpt",
        "dataFile": "../../../data/RandomPos_0709.csv"
    }
}