{
    "noWrapper": {
        "accuracy": 0.967886739224518,
        "recall": 0.8920205017534394,
        "precision": 0.999876025435952,
        "f1": 0.9428738845729976,
        "falseNegativeRate": 0.10797949824656056,
        "falsePositiveRate": 4.67481528778619e-05,
        "TP": 330672,
        "TN": 876999,
        "FP": 41,
        "FN": 40028
    },
    "wrapper": {
        "accuracy": 0.967886739224518,
        "precision": 0.999876025435952,
        "recall": 0.8920205017534394,
        "f1": 0.9428738845729976,
        "falseNegativeRate": 0.10797949824656056,
        "falsePositiveRate": 4.67481528778619e-05,
        "TP": 330672,
        "TN": 876999,
        "FP": 41,
        "FN": 40028
    },
    "files": {
        "checkpointFile": "../../../saved_models/decen/init-test-randpos/vehicle_99_model.ckpt",
        "dataFile": "../../../data/RandomPos_0709.csv"
    }
}