{
    "endIndex": 124774,
    "attack": "FastGradientMethod",
    "timeElapsedSec": 155.199521766,
    "kwargs": {
        "eps": 0.28
    },
    "metrics": {
        "accuracy": 0.9767443537916554,
        "precision": 0.9560114562396735,
        "recall": 0.9661801996223361,
        "f1": 0.9610689306802371,
        "attackSuccessRate": 0.033819800377663876,
        "falsePositiveRate": 0.018790477059199125,
        "TP": 358163,
        "TN": 860560,
        "FP": 16480,
        "FN": 12537
    },
    "files": {
        "checkpointFile": "../../../saved_models/RandomPos-final.ckpt",
        "dataFile": "../../../data/RandomPos_0709.csv"
    }
}