{
    "endIndex": 124774,
    "attack": "FastGradientMethod",
    "timeElapsedSec": 204.019314571,
    "kwargs": {
        "eps": 0.62
    },
    "metrics": {
        "accuracy": 0.9610487761873467,
        "precision": 0.9330859317225337,
        "recall": 0.9360183436741301,
        "f1": 0.9345498373879728,
        "attackSuccessRate": 0.06398165632586998,
        "falsePositiveRate": 0.028371568001459454,
        "TP": 346982,
        "TN": 852157,
        "FP": 24883,
        "FN": 23718
    },
    "files": {
        "checkpointFile": "../../../saved_models/RandomPos-final.ckpt",
        "dataFile": "../../../data/RandomPos_0709.csv"
    }
}