{
    "endIndex": 124774,
    "attack": "FastGradientMethod",
    "timeElapsedSec": 197.803513617,
    "kwargs": {
        "eps": 0.61
    },
    "metrics": {
        "accuracy": 0.9612571529325019,
        "precision": 0.9332724022526578,
        "recall": 0.9365578635014837,
        "f1": 0.9349122464504749,
        "attackSuccessRate": 0.06344213649851632,
        "falsePositiveRate": 0.02830315607041868,
        "TP": 347182,
        "TN": 852217,
        "FP": 24823,
        "FN": 23518
    },
    "files": {
        "checkpointFile": "../../../saved_models/RandomPos-final.ckpt",
        "dataFile": "../../../data/RandomPos_0709.csv"
    }
}