{
    "endIndex": 124774,
    "attack": "FastGradientMethod",
    "timeElapsedSec": 152.371374948,
    "kwargs": {
        "eps": 0.32
    },
    "metrics": {
        "accuracy": 0.9725543783159953,
        "precision": 0.9470034144202792,
        "recall": 0.9614243323442137,
        "f1": 0.9541593879886753,
        "attackSuccessRate": 0.03857566765578635,
        "falsePositiveRate": 0.022741266076803796,
        "TP": 356400,
        "TN": 857095,
        "FP": 19945,
        "FN": 14300
    },
    "files": {
        "checkpointFile": "../../../saved_models/RandomPos-final.ckpt",
        "dataFile": "../../../data/RandomPos_0709.csv"
    }
}