{
    "endIndex": 124774,
    "attack": "FastGradientMethod",
    "timeElapsedSec": 166.854905188,
    "kwargs": {
        "eps": 0.54
    },
    "metrics": {
        "accuracy": 0.9629858784682707,
        "precision": 0.9349613982414754,
        "recall": 0.9408632317237658,
        "f1": 0.9379030306289832,
        "attackSuccessRate": 0.05913676827623415,
        "falsePositiveRate": 0.02766350451518745,
        "TP": 348778,
        "TN": 852778,
        "FP": 24262,
        "FN": 21922
    },
    "files": {
        "checkpointFile": "../../../saved_models/RandomPos-final.ckpt",
        "dataFile": "../../../data/RandomPos_0709.csv"
    }
}