{
    "endIndex": 124774,
    "attack": "FastGradientMethod",
    "timeElapsedSec": 203.491834808,
    "kwargs": {
        "eps": 0.4
    },
    "metrics": {
        "accuracy": 0.9680301985990671,
        "precision": 0.9406734053380081,
        "recall": 0.9524629080118694,
        "f1": 0.9465314471225634,
        "attackSuccessRate": 0.04753709198813057,
        "falsePositiveRate": 0.02538994800693241,
        "TP": 353078,
        "TN": 854772,
        "FP": 22268,
        "FN": 17622
    },
    "files": {
        "checkpointFile": "../../../saved_models/RandomPos-final.ckpt",
        "dataFile": "../../../data/RandomPos_0709.csv"
    }
}