{
    "endIndex": 124774,
    "attack": "FastGradientMethod",
    "timeElapsedSec": 152.365501387,
    "kwargs": {
        "eps": 0.35
    },
    "metrics": {
        "accuracy": 0.9706942151409749,
        "precision": 0.9442184359146166,
        "recall": 0.9579525222551929,
        "f1": 0.9510358975457691,
        "attackSuccessRate": 0.04204747774480712,
        "falsePositiveRate": 0.023920231688406457,
        "TP": 355113,
        "TN": 856061,
        "FP": 20979,
        "FN": 15587
    },
    "files": {
        "checkpointFile": "../../../saved_models/RandomPos-final.ckpt",
        "dataFile": "../../../data/RandomPos_0709.csv"
    }
}