{
    "endIndex": 124774,
    "attack": "FastGradientMethod",
    "timeElapsedSec": 199.484060418,
    "kwargs": {
        "eps": 0.52
    },
    "metrics": {
        "accuracy": 0.9635252536586147,
        "precision": 0.9354420582697958,
        "recall": 0.9422578904774751,
        "f1": 0.9388376040349362,
        "attackSuccessRate": 0.057742109522524954,
        "falsePositiveRate": 0.027485633494481437,
        "TP": 349295,
        "TN": 852934,
        "FP": 24106,
        "FN": 21405
    },
    "files": {
        "checkpointFile": "../../../saved_models/RandomPos-final.ckpt",
        "dataFile": "../../../data/RandomPos_0709.csv"
    }
}