{
    "endIndex": 124774,
    "attack": "FastGradientMethod",
    "timeElapsedSec": 176.977700561,
    "kwargs": {
        "eps": 0.65
    },
    "metrics": {
        "accuracy": 0.9604100213185439,
        "precision": 0.9324178101733968,
        "recall": 0.9344753169678985,
        "f1": 0.9334454297793909,
        "attackSuccessRate": 0.06552468303210143,
        "falsePositiveRate": 0.028628112742862356,
        "TP": 346410,
        "TN": 851932,
        "FP": 25108,
        "FN": 24290
    },
    "files": {
        "checkpointFile": "../../../saved_models/RandomPos-final.ckpt",
        "dataFile": "../../../data/RandomPos_0709.csv"
    }
}