{
    "endIndex": 124774,
    "attack": "FastGradientMethod",
    "timeElapsedSec": 162.187717436,
    "kwargs": {
        "eps": 0.48
    },
    "metrics": {
        "accuracy": 0.9647105967589401,
        "precision": 0.9366121883804606,
        "recall": 0.9451874831400054,
        "f1": 0.940880297102286,
        "attackSuccessRate": 0.0548125168599946,
        "falsePositiveRate": 0.02703753534616437,
        "TP": 350381,
        "TN": 853327,
        "FP": 23713,
        "FN": 20319
    },
    "files": {
        "checkpointFile": "../../../saved_models/RandomPos-final.ckpt",
        "dataFile": "../../../data/RandomPos_0709.csv"
    }
}