{
    "endIndex": 124774,
    "attack": "FastGradientMethod",
    "timeElapsedSec": 154.180336075,
    "kwargs": {
        "eps": 0.34
    },
    "metrics": {
        "accuracy": 0.9712408033724975,
        "precision": 0.9449358408726066,
        "recall": 0.9590882114917724,
        "f1": 0.9519594297893306,
        "attackSuccessRate": 0.04091178850822768,
        "falsePositiveRate": 0.023622639788379092,
        "TP": 355534,
        "TN": 856322,
        "FP": 20718,
        "FN": 15166
    },
    "files": {
        "checkpointFile": "../../../saved_models/RandomPos-final.ckpt",
        "dataFile": "../../../data/RandomPos_0709.csv"
    }
}