{
    "endIndex": 124774,
    "attack": "FastGradientMethod",
    "timeElapsedSec": 153.614117762,
    "kwargs": {
        "eps": 0.14
    },
    "metrics": {
        "accuracy": 0.9853839742253995,
        "precision": 0.9732406355651153,
        "recall": 0.9776854599406528,
        "f1": 0.975457984397646,
        "attackSuccessRate": 0.02231454005934718,
        "falsePositiveRate": 0.0113620815470218,
        "TP": 362428,
        "TN": 867075,
        "FP": 9965,
        "FN": 8272
    },
    "files": {
        "checkpointFile": "../../../saved_models/RandomPos-final.ckpt",
        "dataFile": "../../../data/RandomPos_0709.csv"
    }
}