{
    "endIndex": 124774,
    "attack": "FastGradientMethod",
    "timeElapsedSec": 152.019965152,
    "kwargs": {
        "eps": 0.33
    },
    "metrics": {
        "accuracy": 0.9718507060765865,
        "precision": 0.9458369315388806,
        "recall": 0.9602400863231724,
        "f1": 0.9529840906504963,
        "attackSuccessRate": 0.03975991367682762,
        "falsePositiveRate": 0.02324181337225212,
        "TP": 355961,
        "TN": 856656,
        "FP": 20384,
        "FN": 14739
    },
    "files": {
        "checkpointFile": "../../../saved_models/RandomPos-final.ckpt",
        "dataFile": "../../../data/RandomPos_0709.csv"
    }
}