{
    "endIndex": 124774,
    "attack": "FastGradientMethod",
    "timeElapsedSec": 201.360277952,
    "kwargs": {
        "eps": 0.5
    },
    "metrics": {
        "accuracy": 0.964078253482296,
        "precision": 0.9359853582962965,
        "recall": 0.9436282708389533,
        "f1": 0.9397912757060128,
        "attackSuccessRate": 0.05637172916104667,
        "falsePositiveRate": 0.027278117303657756,
        "TP": 349803,
        "TN": 853116,
        "FP": 23924,
        "FN": 20897
    },
    "files": {
        "checkpointFile": "../../../saved_models/RandomPos-final.ckpt",
        "dataFile": "../../../data/RandomPos_0709.csv"
    }
}