{
    "endIndex": 124774,
    "attack": "FastGradientMethod",
    "timeElapsedSec": 201.829437475,
    "kwargs": {
        "eps": 0.75
    },
    "metrics": {
        "accuracy": 0.958640421882764,
        "precision": 0.9305959635761053,
        "recall": 0.9301591583490694,
        "f1": 0.9303775096933999,
        "attackSuccessRate": 0.06984084165093067,
        "falsePositiveRate": 0.029321353644075527,
        "TP": 344810,
        "TN": 851324,
        "FP": 25716,
        "FN": 25890
    },
    "files": {
        "checkpointFile": "../../../saved_models/RandomPos-final.ckpt",
        "dataFile": "../../../data/RandomPos_0709.csv"
    }
}