{
    "endIndex": 124774,
    "attack": "FastGradientMethod",
    "timeElapsedSec": 156.028219619,
    "kwargs": {
        "eps": 0.15
    },
    "metrics": {
        "accuracy": 0.9850521743311907,
        "precision": 0.9724031507051514,
        "recall": 0.977426490423523,
        "f1": 0.9749083497575052,
        "attackSuccessRate": 0.022573509576476934,
        "falsePositiveRate": 0.0117246647815379,
        "TP": 362332,
        "TN": 866757,
        "FP": 10283,
        "FN": 8368
    },
    "files": {
        "checkpointFile": "../../../saved_models/RandomPos-final.ckpt",
        "dataFile": "../../../data/RandomPos_0709.csv"
    }
}