{
    "endIndex": 124774,
    "attack": "FastGradientMethod",
    "timeElapsedSec": 153.507831793,
    "kwargs": {
        "eps": 0.17
    },
    "metrics": {
        "accuracy": 0.984166573164281,
        "precision": 0.9704898164930984,
        "recall": 0.9763960075532776,
        "f1": 0.9734339533332615,
        "attackSuccessRate": 0.023603992446722417,
        "falsePositiveRate": 0.012549028550579221,
        "TP": 361950,
        "TN": 866034,
        "FP": 11006,
        "FN": 8750
    },
    "files": {
        "checkpointFile": "../../../saved_models/RandomPos-final.ckpt",
        "dataFile": "../../../data/RandomPos_0709.csv"
    }
}