{
    "endIndex": 124774,
    "attack": "FastGradientMethod",
    "timeElapsedSec": 190.632535888,
    "kwargs": {
        "eps": 0.1
    },
    "metrics": {
        "accuracy": 0.9870309519611458,
        "precision": 0.9785351762863777,
        "recall": 0.9777960615052603,
        "f1": 0.9781654792746114,
        "attackSuccessRate": 0.022203938494739683,
        "falsePositiveRate": 0.009065721061753169,
        "TP": 362469,
        "TN": 869089,
        "FP": 7951,
        "FN": 8231
    },
    "files": {
        "checkpointFile": "../../../saved_models/RandomPos-final.ckpt",
        "dataFile": "../../../data/RandomPos_0709.csv"
    }
}