{
    "endIndex": 124774,
    "attack": "FastGradientMethod",
    "timeElapsedSec": 200.329643044,
    "kwargs": {
        "eps": 0.83
    },
    "metrics": {
        "accuracy": 0.9572995976725921,
        "precision": 0.9293174385483701,
        "recall": 0.9267628810358781,
        "f1": 0.9280384018498584,
        "attackSuccessRate": 0.07323711896412193,
        "falsePositiveRate": 0.029793395968256864,
        "TP": 343551,
        "TN": 850910,
        "FP": 26130,
        "FN": 27149
    },
    "files": {
        "checkpointFile": "../../../saved_models/RandomPos-final.ckpt",
        "dataFile": "../../../data/RandomPos_0709.csv"
    }
}