{
    "endIndex": 124774,
    "attack": "FastGradientMethod",
    "timeElapsedSec": 187.774539425,
    "kwargs": {
        "eps": 0.82
    },
    "metrics": {
        "accuracy": 0.95749515123343,
        "precision": 0.9294708692842445,
        "recall": 0.9272970056649582,
        "f1": 0.9283826649183763,
        "attackSuccessRate": 0.0727029943350418,
        "falsePositiveRate": 0.029740946821125606,
        "TP": 343749,
        "TN": 850956,
        "FP": 26084,
        "FN": 26951
    },
    "files": {
        "checkpointFile": "../../../saved_models/RandomPos-final.ckpt",
        "dataFile": "../../../data/RandomPos_0709.csv"
    }
}