{
    "endIndex": 124774,
    "attack": "FastGradientMethod",
    "timeElapsedSec": 154.390907643,
    "kwargs": {
        "eps": 0.56
    },
    "metrics": {
        "accuracy": 0.9624681424014618,
        "precision": 0.9344962113894434,
        "recall": 0.9395279201510656,
        "f1": 0.9370053107630388,
        "attackSuccessRate": 0.06047207984893445,
        "falsePositiveRate": 0.02783567454164006,
        "TP": 348283,
        "TN": 852627,
        "FP": 24413,
        "FN": 22417
    },
    "files": {
        "checkpointFile": "../../../saved_models/RandomPos-final.ckpt",
        "dataFile": "../../../data/RandomPos_0709.csv"
    }
}