{
    "endIndex": 124774,
    "attack": "FastGradientMethod",
    "timeElapsedSec": 155.800126032,
    "kwargs": {
        "eps": 0.27
    },
    "metrics": {
        "accuracy": 0.9774712680526392,
        "precision": 0.957384315505594,
        "recall": 0.9672241704882655,
        "f1": 0.9622790891158197,
        "attackSuccessRate": 0.03277582951173456,
        "falsePositiveRate": 0.018197573656845753,
        "TP": 358550,
        "TN": 861080,
        "FP": 15960,
        "FN": 12150
    },
    "files": {
        "checkpointFile": "../../../saved_models/RandomPos-final.ckpt",
        "dataFile": "../../../data/RandomPos_0709.csv"
    }
}