{
    "endIndex": 124774,
    "attack": "FastGradientMethod",
    "timeElapsedSec": 155.201003897,
    "kwargs": {
        "eps": 0.29
    },
    "metrics": {
        "accuracy": 0.9758355106031705,
        "precision": 0.9541488967303318,
        "recall": 0.9650391151874831,
        "f1": 0.9595631082935124,
        "attackSuccessRate": 0.03496088481251686,
        "falsePositiveRate": 0.01960115844203229,
        "TP": 357740,
        "TN": 859849,
        "FP": 17191,
        "FN": 12960
    },
    "files": {
        "checkpointFile": "../../../saved_models/RandomPos-final.ckpt",
        "dataFile": "../../../data/RandomPos_0709.csv"
    }
}