{
    "endIndex": 124774,
    "attack": "FastGradientMethod",
    "timeElapsedSec": 141.341844027,
    "kwargs": {
        "eps": 0.06
    },
    "metrics": {
        "accuracy": 0.9921658358311828,
        "precision": 0.998087278608709,
        "recall": 0.9755004046398705,
        "f1": 0.9866645930279354,
        "attackSuccessRate": 0.024499595360129484,
        "falsePositiveRate": 0.000790157803520934,
        "TP": 361618,
        "TN": 876347,
        "FP": 693,
        "FN": 9082
    },
    "files": {
        "checkpointFile": "../../../saved_models/RandomPos-final.ckpt",
        "dataFile": "../../../data/RandomPos_0709.csv"
    }
}