{
    "endIndex": 124774,
    "attack": "FastGradientMethod",
    "timeElapsedSec": 138.628745696,
    "kwargs": {
        "eps": 0.04
    },
    "metrics": {
        "accuracy": 0.9916801577251672,
        "precision": 0.9992573194219285,
        "recall": 0.9727191799298625,
        "f1": 0.9858096793815914,
        "attackSuccessRate": 0.027280820070137577,
        "falsePositiveRate": 0.0003055732919821217,
        "TP": 360587,
        "TN": 876772,
        "FP": 268,
        "FN": 10113
    },
    "files": {
        "checkpointFile": "../../../saved_models/RandomPos-final.ckpt",
        "dataFile": "../../../data/RandomPos_0709.csv"
    }
}