{
    "endIndex": 124774,
    "attack": "FastGradientMethod",
    "timeElapsedSec": 203.436527001,
    "kwargs": {
        "eps": 0.72
    },
    "metrics": {
        "accuracy": 0.9590908362319073,
        "precision": 0.9310262993247179,
        "recall": 0.9312975451847856,
        "f1": 0.9311619025013891,
        "attackSuccessRate": 0.06870245481521446,
        "falsePositiveRate": 0.029161725804980387,
        "TP": 345232,
        "TN": 851464,
        "FP": 25576,
        "FN": 25468
    },
    "files": {
        "checkpointFile": "../../../saved_models/RandomPos-final.ckpt",
        "dataFile": "../../../data/RandomPos_0709.csv"
    }
}