{
    "endIndex": 124774,
    "attack": "FastGradientMethod",
    "timeElapsedSec": 144.687927203,
    "kwargs": {
        "eps": 0.88
    },
    "metrics": {
        "accuracy": 0.9564620834468719,
        "precision": 0.9286937669376694,
        "recall": 0.924434852980847,
        "f1": 0.9265594159794511,
        "attackSuccessRate": 0.07556514701915296,
        "falsePositiveRate": 0.030000912159080545,
        "TP": 342688,
        "TN": 850728,
        "FP": 26312,
        "FN": 28012
    },
    "files": {
        "checkpointFile": "../../../saved_models/RandomPos-final.ckpt",
        "dataFile": "../../../data/RandomPos_0709.csv"
    }
}