{
    "endIndex": 124774,
    "attack": "FastGradientMethod",
    "timeElapsedSec": 202.70009429,
    "kwargs": {
        "eps": 0.49
    },
    "metrics": {
        "accuracy": 0.964408450478465,
        "precision": 0.9363007415846324,
        "recall": 0.9444564337739412,
        "f1": 0.9403609045578403,
        "attackSuccessRate": 0.055543566226058806,
        "falsePositiveRate": 0.027158396424336404,
        "TP": 350110,
        "TN": 853221,
        "FP": 23819,
        "FN": 20590
    },
    "files": {
        "checkpointFile": "../../../saved_models/RandomPos-final.ckpt",
        "dataFile": "../../../data/RandomPos_0709.csv"
    }
}