{
    "endIndex": 124774,
    "attack": "FastGradientMethod",
    "timeElapsedSec": 153.701419731,
    "kwargs": {
        "eps": 0.7
    },
    "metrics": {
        "accuracy": 0.9594651129241669,
        "precision": 0.9314942565919121,
        "recall": 0.9321149177232263,
        "f1": 0.9318044838042896,
        "attackSuccessRate": 0.06788508227677367,
        "falsePositiveRate": 0.02897473319346894,
        "TP": 345535,
        "TN": 851628,
        "FP": 25412,
        "FN": 25165
    },
    "files": {
        "checkpointFile": "../../../saved_models/RandomPos-final.ckpt",
        "dataFile": "../../../data/RandomPos_0709.csv"
    }
}