{
    "endIndex": 124774,
    "attack": "FastGradientMethod",
    "timeElapsedSec": 155.724672456,
    "kwargs": {
        "eps": 0.43
    },
    "metrics": {
        "accuracy": 0.9666076265888727,
        "precision": 0.9388034343051773,
        "recall": 0.9494982465605611,
        "f1": 0.9441205542211011,
        "attackSuccessRate": 0.0505017534394389,
        "falsePositiveRate": 0.02616072242999179,
        "TP": 351979,
        "TN": 854096,
        "FP": 22944,
        "FN": 18721
    },
    "files": {
        "checkpointFile": "../../../saved_models/RandomPos-final.ckpt",
        "dataFile": "../../../data/RandomPos_0709.csv"
    }
}