{
    "endIndex": 124774,
    "attack": "FastGradientMethod",
    "timeElapsedSec": 206.470710911,
    "kwargs": {
        "eps": 0.22
    },
    "metrics": {
        "accuracy": 0.9810874060301025,
        "precision": 0.9642411953840968,
        "recall": 0.9724035608308605,
        "f1": 0.9683051771702721,
        "attackSuccessRate": 0.027596439169139467,
        "falsePositiveRate": 0.015242178235884338,
        "TP": 360470,
        "TN": 863672,
        "FP": 13368,
        "FN": 10230
    },
    "files": {
        "checkpointFile": "../../../saved_models/RandomPos-final.ckpt",
        "dataFile": "../../../data/RandomPos_0709.csv"
    }
}