{
    "endIndex": 124774,
    "attack": "FastGradientMethod",
    "timeElapsedSec": 19.842286,
    "kwargs": {
        "eps": 0.17
    },
    "metrics": {
        "accuracy": 0.20320499463029157,
        "precision": 0.2161970247464407,
        "recall": 0.6406366333962773,
        "f1": 0.3232920013531532,
        "falseNegativeRate": 0.3593633666037227,
        "falsePositiveRate": 0.9816849858615343,
        "TP": 237484,
        "TN": 16063,
        "FP": 860977,
        "FN": 133216
    },
    "files": {
        "checkpointFile": "../../../saved_models/RandomPos-final.ckpt",
        "dataFile": "../../../data/RandomPos_0709.csv"
    }
}