{
    "endIndex": 124774,
    "attack": "FastGradientMethod",
    "timeElapsedSec": 17.779158,
    "kwargs": {
        "eps": 0.28
    },
    "metrics": {
        "accuracy": 0.1343533107859009,
        "precision": 0.15517546435008486,
        "recall": 0.43059077421095227,
        "f1": 0.22813579525234004,
        "falseNegativeRate": 0.5694092257890477,
        "falsePositiveRate": 0.9908578856152513,
        "TP": 159620,
        "TN": 8018,
        "FP": 869022,
        "FN": 211080
    },
    "files": {
        "checkpointFile": "../../../saved_models/RandomPos-final.ckpt",
        "dataFile": "../../../data/RandomPos_0709.csv"
    }
}