{
    "endIndex": 124774,
    "attack": "FastGradientMethod",
    "timeElapsedSec": 16.223558,
    "kwargs": {
        "eps": 0.11
    },
    "metrics": {
        "accuracy": 0.28929103819706026,
        "precision": 0.2624999539799942,
        "recall": 0.7693606690045859,
        "f1": 0.39144267299119395,
        "falseNegativeRate": 0.2306393309954141,
        "falsePositiveRate": 0.913620815470218,
        "TP": 285202,
        "TN": 75758,
        "FP": 801282,
        "FN": 85498
    },
    "files": {
        "checkpointFile": "../../../saved_models/RandomPos-final.ckpt",
        "dataFile": "../../../data/RandomPos_0709.csv"
    }
}