{
    "endIndex": 124774,
    "attack": "FastGradientMethod",
    "timeElapsedSec": 17.827356,
    "kwargs": {
        "eps": 0.13
    },
    "metrics": {
        "accuracy": 0.24000913651882605,
        "precision": 0.24162960457861055,
        "recall": 0.7285513892635554,
        "f1": 0.3629005004639151,
        "falseNegativeRate": 0.27144861073644455,
        "falsePositiveRate": 0.9664838547842743,
        "TP": 270074,
        "TN": 29395,
        "FP": 847645,
        "FN": 100626
    },
    "files": {
        "checkpointFile": "../../../saved_models/RandomPos-final.ckpt",
        "dataFile": "../../../data/RandomPos_0709.csv"
    }
}