{
    "endIndex": 124774,
    "attack": "FastGradientMethod",
    "timeElapsedSec": 17.669951,
    "kwargs": {
        "eps": 0.25
    },
    "metrics": {
        "accuracy": 0.1501899434176992,
        "precision": 0.17038795880482765,
        "recall": 0.48084704612894524,
        "f1": 0.2516159176534857,
        "falseNegativeRate": 0.5191529538710548,
        "falsePositiveRate": 0.9895694609139833,
        "TP": 178250,
        "TN": 9148,
        "FP": 867892,
        "FN": 192450
    },
    "files": {
        "checkpointFile": "../../../saved_models/RandomPos-final.ckpt",
        "dataFile": "../../../data/RandomPos_0709.csv"
    }
}