{
    "endIndex": 124774,
    "attack": "FastGradientMethod",
    "timeElapsedSec": 17.812976,
    "kwargs": {
        "eps": 0.14
    },
    "metrics": {
        "accuracy": 0.23028755990831423,
        "precision": 0.23519030610457833,
        "recall": 0.7064229835446453,
        "f1": 0.35289187093157465,
        "falseNegativeRate": 0.2935770164553547,
        "falsePositiveRate": 0.970961415670893,
        "TP": 261871,
        "TN": 25468,
        "FP": 851572,
        "FN": 108829
    },
    "files": {
        "checkpointFile": "../../../saved_models/RandomPos-final.ckpt",
        "dataFile": "../../../data/RandomPos_0709.csv"
    }
}