{
    "endIndex": 124774,
    "attack": "FastGradientMethod",
    "timeElapsedSec": 15.167284,
    "kwargs": {
        "eps": 0.09
    },
    "metrics": {
        "accuracy": 0.5607746806225656,
        "precision": 0.3859284845911889,
        "recall": 0.8092473698408417,
        "f1": 0.5226203490372512,
        "falseNegativeRate": 0.19075263015915836,
        "falsePositiveRate": 0.5442476967983216,
        "TP": 299988,
        "TN": 399713,
        "FP": 477327,
        "FN": 70712
    },
    "files": {
        "checkpointFile": "../../../saved_models/RandomPos-final.ckpt",
        "dataFile": "../../../data/RandomPos_0709.csv"
    }
}