{
    "endIndex": 124774,
    "attack": "FastGradientMethod",
    "timeElapsedSec": 21.06397,
    "kwargs": {
        "eps": 0.15
    },
    "metrics": {
        "accuracy": 0.22145078301569238,
        "precision": 0.22896346607977058,
        "recall": 0.6844834097653089,
        "f1": 0.3431435327401459,
        "falseNegativeRate": 0.31551659023469114,
        "falsePositiveRate": 0.974260010945909,
        "TP": 253738,
        "TN": 22575,
        "FP": 854465,
        "FN": 116962
    },
    "files": {
        "checkpointFile": "../../../saved_models/RandomPos-final.ckpt",
        "dataFile": "../../../data/RandomPos_0709.csv"
    }
}