{
    "endIndex": 124774,
    "attack": "FastGradientMethod",
    "timeElapsedSec": 18.078829,
    "kwargs": {
        "eps": 0.03
    },
    "metrics": {
        "accuracy": 0.9719452770609261,
        "precision": 0.9897811198748756,
        "recall": 0.915017534394389,
        "f1": 0.9509320870929172,
        "falseNegativeRate": 0.08498246560561101,
        "falsePositiveRate": 0.003992976375079814,
        "TP": 339197,
        "TN": 873538,
        "FP": 3502,
        "FN": 31503
    },
    "files": {
        "checkpointFile": "../../../saved_models/RandomPos-final.ckpt",
        "dataFile": "../../../data/RandomPos_0709.csv"
    }
}