{
    "endIndex": 124774,
    "attack": "FastGradientMethod",
    "timeElapsedSec": 19.523895,
    "kwargs": {
        "eps": 0.16
    },
    "metrics": {
        "accuracy": 0.21178610928558833,
        "precision": 0.22242988114219453,
        "recall": 0.6623334232533046,
        "f1": 0.333021823755205,
        "falseNegativeRate": 0.3376665767466954,
        "falsePositiveRate": 0.9786474961233239,
        "TP": 245527,
        "TN": 18727,
        "FP": 858313,
        "FN": 125173
    },
    "files": {
        "checkpointFile": "../../../saved_models/RandomPos-final.ckpt",
        "dataFile": "../../../data/RandomPos_0709.csv"
    }
}