{
    "endIndex": 124774,
    "attack": "FastGradientMethod",
    "timeElapsedSec": 15.004751,
    "kwargs": {
        "eps": 0.08
    },
    "metrics": {
        "accuracy": 0.6989989901742351,
        "precision": 0.49606393380362496,
        "recall": 0.8280199622336121,
        "f1": 0.620430232499381,
        "falseNegativeRate": 0.17198003776638793,
        "falsePositiveRate": 0.35553452522119855,
        "TP": 306947,
        "TN": 565222,
        "FP": 311818,
        "FN": 63753
    },
    "files": {
        "checkpointFile": "../../../saved_models/RandomPos-final.ckpt",
        "dataFile": "../../../data/RandomPos_0709.csv"
    }
}