{
    "endIndex": 124774,
    "attack": "FastGradientMethod",
    "timeElapsedSec": 16.637014,
    "kwargs": {
        "eps": 0.07
    },
    "metrics": {
        "accuracy": 0.7924816067449949,
        "precision": 0.6083117396587779,
        "recall": 0.8466954410574589,
        "f1": 0.7079755805153897,
        "falseNegativeRate": 0.15330455894254114,
        "falsePositiveRate": 0.2304330475234881,
        "TP": 313870,
        "TN": 674941,
        "FP": 202099,
        "FN": 56830
    },
    "files": {
        "checkpointFile": "../../../saved_models/RandomPos-final.ckpt",
        "dataFile": "../../../data/RandomPos_0709.csv"
    }
}