{
    "endIndex": 124774,
    "attack": "FastGradientMethod",
    "timeElapsedSec": 17.050738,
    "kwargs": {
        "eps": 0.01
    },
    "metrics": {
        "accuracy": 0.9824122012598778,
        "precision": 0.9983794860655808,
        "recall": 0.9423307256541678,
        "f1": 0.9695457466045138,
        "falseNegativeRate": 0.05766927434583221,
        "falsePositiveRate": 0.0006464927483353097,
        "TP": 349322,
        "TN": 876473,
        "FP": 567,
        "FN": 21378
    },
    "files": {
        "checkpointFile": "../../../saved_models/RandomPos-final.ckpt",
        "dataFile": "../../../data/RandomPos_0709.csv"
    }
}