{
    "endIndex": 124774,
    "attack": "FastGradientMethod",
    "timeElapsedSec": 16.742818,
    "kwargs": {
        "eps": 0.3
    },
    "metrics": {
        "accuracy": 0.12481366310289002,
        "precision": 0.1458020492564006,
        "recall": 0.4004828702454815,
        "f1": 0.2137757096685705,
        "falseNegativeRate": 0.5995171297545184,
        "falsePositiveRate": 0.9917039131624555,
        "TP": 148459,
        "TN": 7276,
        "FP": 869764,
        "FN": 222241
    },
    "files": {
        "checkpointFile": "../../../saved_models/RandomPos-final.ckpt",
        "dataFile": "../../../data/RandomPos_0709.csv"
    }
}