{
    "endIndex": 124774,
    "attack": "FastGradientMethod",
    "timeElapsedSec": 16.902232,
    "kwargs": {
        "eps": 0.02
    },
    "metrics": {
        "accuracy": 0.978221424335198,
        "precision": 0.9967895507106372,
        "recall": 0.9296897760992716,
        "f1": 0.9620711121284785,
        "falseNegativeRate": 0.07031022390072836,
        "falsePositiveRate": 0.00126562072425431,
        "TP": 344636,
        "TN": 875930,
        "FP": 1110,
        "FN": 26064
    },
    "files": {
        "checkpointFile": "../../../saved_models/RandomPos-final.ckpt",
        "dataFile": "../../../data/RandomPos_0709.csv"
    }
}