{
    "endIndex": 124774,
    "attack": "FastGradientMethod",
    "timeElapsedSec": 18.814825,
    "kwargs": {
        "eps": 0.27
    },
    "metrics": {
        "accuracy": 0.13951945116771122,
        "precision": 0.16019038264087754,
        "recall": 0.44696789857027247,
        "f1": 0.23585269579897483,
        "falseNegativeRate": 0.5530321014297276,
        "falsePositiveRate": 0.9904303110462465,
        "TP": 165691,
        "TN": 8393,
        "FP": 868647,
        "FN": 205009
    },
    "files": {
        "checkpointFile": "../../../saved_models/RandomPos-final.ckpt",
        "dataFile": "../../../data/RandomPos_0709.csv"
    }
}