{
    "endIndex": 124774,
    "attack": "FastGradientMethod",
    "timeElapsedSec": 16.810182,
    "kwargs": {
        "eps": 0.24
    },
    "metrics": {
        "accuracy": 0.1559026720310321,
        "precision": 0.17574437113276678,
        "recall": 0.4989452387375236,
        "f1": 0.2599323182951406,
        "falseNegativeRate": 0.5010547612624764,
        "falsePositiveRate": 0.9890917175955487,
        "TP": 184959,
        "TN": 9567,
        "FP": 867473,
        "FN": 185741
    },
    "files": {
        "checkpointFile": "../../../saved_models/RandomPos-final.ckpt",
        "dataFile": "../../../data/RandomPos_0709.csv"
    }
}