epoch,step,trainLoss
16,49,2.528010129928589
33,99,2.8050999641418457
49,149,2.0741794109344482
66,199,0.4590495228767395
83,249,0.0672198161482811
99,299,0.3006347417831421
116,349,0.06608892232179642
