epoch,step,trainLoss
12,49,1.5200786590576172
24,99,0.09253310412168503
37,149,2.602217435836792
49,199,0.15968455374240875
62,249,1.2842538356781006
74,299,0.0853198692202568
87,349,0.06298720091581345
99,399,0.15974241495132446
112,449,0.07806148380041122
