epoch,step,trainLoss
24,49,2.055851697921753
49,99,2.0639941692352295
74,149,0.31772226095199585
99,199,0.6024035811424255
