epoch,step,trainLoss
24,49,0.8773707747459412
49,99,0.1055387407541275
