{
    "eps": 0.13,
    "accuracy": 0.727919004908309,
    "precision": 0.8572488068898917,
    "recall": 0.727919004908309,
    "f1": 0.7379794732890653
}