{
    "eps": 0.27,
    "accuracy": 0.6402369418197515,
    "precision": 0.8363108452998897,
    "recall": 0.6402369418197515,
    "f1": 0.6462155848088318
}