{
    "eps": 0.11,
    "accuracy": 0.7298591459222664,
    "precision": 0.8577733777233248,
    "recall": 0.7298591459222664,
    "f1": 0.7399260351433541
}