{
    "eps": 0.01,
    "accuracy": 0.9686907445600909,
    "precision": 0.9688915275862398,
    "recall": 0.9686907445600909,
    "f1": 0.9687638861283818
}