{
    "eps": 0.29,
    "accuracy": 0.640192175484036,
    "precision": 0.8362948952632312,
    "recall": 0.640192175484036,
    "f1": 0.6461672137830888
}