{
    "eps": 0.17,
    "accuracy": 0.6998856859641549,
    "precision": 0.8499047558977723,
    "recall": 0.6998856859641549,
    "f1": 0.7094997207430194
}