{
    "eps": 0.12,
    "accuracy": 0.7288718883399683,
    "precision": 0.8575033343268607,
    "recall": 0.7288718883399683,
    "f1": 0.7389360265030811
}