{
    "eps": 0.1,
    "accuracy": 0.7346019793115577,
    "precision": 0.8590534438594729,
    "recall": 0.7346019793115577,
    "f1": 0.7446726618323724
}