{
    "eps": 0.14,
    "accuracy": 0.7268637984235855,
    "precision": 0.856960755211478,
    "recall": 0.7268637984235855,
    "f1": 0.7369197036105999
}