{
    "eps": 0.03,
    "accuracy": 0.9741106687770796,
    "precision": 0.9751466851740929,
    "recall": 0.9741106687770796,
    "f1": 0.9743102784528171
}