{
    "eps": 0.09,
    "accuracy": 0.7420132060690361,
    "precision": 0.8611427547808865,
    "recall": 0.7420132060690361,
    "f1": 0.752052756051238
}