epoch,step,trainLoss
24,49,0.6931473016738892
49,99,0.6931473016738892
