epoch,step,trainLoss
24,49,1.8215808868408203
49,99,1.8281575441360474
74,149,0.3512970805168152
99,199,0.5027427077293396
124,249,0.07219966500997543
149,299,0.009194735437631607
174,349,0.011564510874450207
199,399,0.0026036775670945644
224,449,0.003711570519953966
249,499,0.001877582399174571
274,549,0.0024447916075587273
299,599,0.0026403767988085747
324,649,0.0023889706935733557
349,699,0.004034238401800394
374,749,0.0015639795456081629
399,799,0.0009385545272380114
424,849,0.0012028522323817015
449,899,0.0025431911926716566
474,949,0.002586364047601819
499,999,0.002425510436296463
524,1049,0.003339223563671112
549,1099,0.0008376137120649219
574,1149,0.0006687863497063518
599,1199,0.0025563088711351156
624,1249,0.002449512016028166
649,1299,0.0029692265670746565
674,1349,0.0022638312075287104
699,1399,0.0008409100701101124
724,1449,0.000606444722507149
749,1499,0.002615050645545125
774,1549,0.0026180942077189684
799,1599,0.0027728169225156307
824,1649,0.0020905793644487858
849,1699,0.0010987126734107733
874,1749,0.0005509189213626087
899,1799,0.0017494943458586931
924,1849,0.0028948404360562563
949,1899,0.002838942687958479
974,1949,0.0021256329491734505
999,1999,0.001068349345587194
1024,2049,0.0006055586272850633
1049,2099,0.001131355995312333
1074,2149,0.0024578517768532038
1099,2199,0.0029927322175353765
1124,2249,0.00215096864849329
1149,2299,0.0010784427868202329
1174,2349,0.0006040524458512664
1199,2399,0.0011935102520510554
1224,2449,0.002272489247843623
1249,2499,0.0030875885859131813
1274,2549,0.0022473600693047047
1299,2599,0.001024505589157343
1324,2649,0.0008737798198126256
1349,2699,0.0006318917730823159
1374,2749,0.0019701870623975992
1399,2799,0.003246404230594635
1424,2849,0.002461492782458663
1449,2899,0.0009063338511623442
1474,2949,0.0008506589801982045
1499,2999,0.0004477003531064838
1524,3049,0.0012504043988883495
1549,3099,0.003065063850954175
1574,3149,0.0026153926737606525
1599,3199,0.0009612267604097724
1624,3249,0.000909528462216258
1649,3299,0.0003438509302213788
1674,3349,0.0010577577631920576
1699,3399,0.0027775163762271404
1724,3449,0.003026496386155486
1749,3499,0.0008833876345306635
1774,3549,0.0006033656536601484
1799,3599,0.00028549382113851607
