{
    "endIndex": 124774,
    "attack": "FastGradientMethod",
    "timeElapsedSec": 17.105748,
    "kwargs": {
        "eps": 0.1
    },
    "metrics": {
        "accuracy": 0.9902864378796865,
        "precision": 0.9925143532126474,
        "recall": 0.974656056110062,
        "f1": 0.983504144379568,
        "attackSuccessRate": 0.025343943889937954,
        "falsePositiveRate": 0.003107041868101797,
        "TP": 361305,
        "TN": 874315,
        "FP": 2725,
        "FN": 9395
    },
    "files": {
        "checkpointFile": "../../saved_models/decen/init-test-randpos/*",
        "dataFile": "../../data/RandomPos_0709.csv"
    }
}