epoch,step,trainLoss
12,49,1.9331276416778564
24,99,0.059146005660295486
37,149,0.3739701509475708
49,199,0.049515075981616974
