epoch,step,trainLoss
12,49,0.05477400869131088
24,99,0.006682999432086945
37,149,0.003894960507750511
49,199,0.002932467730715871
62,249,0.0037174697499722242
62,249,0.0025468766689300537
62,249,0.004183854442089796
62,249,0.002010203432291746
62,249,0.0010241849813610315
62,249,0.0029190126806497574
62,249,0.01409220416098833
62,249,0.0017488684970885515
62,249,0.00150057312566787
62,249,0.01003791019320488
62,249,0.006978862918913364
62,249,0.0036366034764796495
62,249,0.016456076875329018
62,249,0.002096738899126649
62,249,0.017313282936811447
62,249,0.0026762427296489477
62,249,0.005694571416825056
62,249,0.0018158297752961516
62,249,0.0008952025091275573
62,249,0.0015660030767321587
62,249,0.000906298984773457
62,249,0.0014718727907165885
