epoch,step,trainLoss
49,49,0.27310848236083984
99,99,0.043049994856119156
149,149,0.03522578254342079
199,199,0.043806686997413635
