epoch,step,trainLoss
16,49,0.2557828724384308
33,99,0.16695722937583923
49,149,0.0911514014005661
66,199,0.20735511183738708
83,249,0.03642486780881882
83,249,0.06529729813337326
83,249,0.030287444591522217
83,249,0.033000215888023376
83,249,0.11166192591190338
83,249,0.18409907817840576
83,249,0.06718750298023224
83,249,0.10538685321807861
83,249,0.029568323865532875
83,249,0.03477735444903374
83,249,0.34521549940109253
83,249,0.024043794721364975
83,249,0.44741058349609375
83,249,0.026574036106467247
83,249,0.13505230844020844
83,249,0.08759056031703949
83,249,0.030937086790800095
83,249,0.08918102830648422
83,249,0.025030652061104774
83,249,0.05675383284687996
83,249,0.10806933790445328
83,249,0.030396869406104088
83,249,0.038525309413671494
83,249,0.13256940245628357
83,249,0.14952126145362854
83,249,0.1828133463859558
83,249,0.023364989086985588
83,249,0.03393872454762459
83,249,0.03481346741318703
83,249,0.20793083310127258
