epoch,step,trainLoss
16,49,1.3542286157608032
33,99,2.8660085201263428
49,149,0.7523615956306458
66,199,2.853346347808838
83,249,0.5397058129310608
99,299,0.2595815360546112
116,349,0.05328906700015068
133,399,0.25456681847572327
149,449,0.04714922234416008
166,499,0.12949757277965546
183,549,0.08858656883239746
199,599,0.012920293025672436
216,649,0.02660346031188965
233,699,0.019206587225198746
249,749,0.024442758411169052
266,799,0.00652554165571928
283,849,0.018453974276781082
299,899,0.004099968820810318
316,949,0.0038572486955672503
333,999,0.0403599888086319
349,1049,0.005748088005930185
366,1099,0.0033135227859020233
383,1149,0.007812886498868465
399,1199,0.007032004650682211
416,1249,0.0015934975817799568
433,1299,0.015205304138362408
449,1349,0.0030591627582907677
466,1399,0.0019688927568495274
483,1449,0.03188827633857727
499,1499,0.003858098993077874
516,1549,0.0027871807105839252
533,1599,0.006074805743992329
549,1649,0.005229170434176922
566,1699,0.0011551911011338234
583,1749,0.011058293282985687
599,1799,0.001979459309950471
616,1849,0.0017152655636891723
633,1899,0.027008146047592163
649,1949,0.0030356068164110184
666,1999,0.0021146158687770367
683,2049,0.00414707837626338
699,2099,0.00492698373273015
716,2149,0.0009823383297771215
733,2199,0.008747154846787453
749,2249,0.0015743918484076858
766,2299,0.0014512232737615705
783,2349,0.025252800434827805
799,2399,0.0026397916954010725
816,2449,0.0017872368916869164
833,2499,0.0031389500945806503
849,2549,0.004383756313472986
866,2599,0.000673839938826859
883,2649,0.007941840216517448
899,2699,0.0013491932768374681
916,2749,0.0013036200543865561
933,2799,0.02445071190595627
949,2849,0.002144948113709688
966,2899,0.0017262392211705446
983,2949,0.0030058175325393677
999,2999,0.0042606922797858715
1016,3049,0.0006067956564947963
1033,3099,0.007756683975458145
1049,3149,0.0012219127966091037
1066,3199,0.0012857713736593723
1083,3249,0.024584155529737473
1099,3299,0.0019093452719971538
1116,3349,0.0016677681123837829
1133,3399,0.002752521773800254
1149,3449,0.0042739384807646275
1166,3499,0.0005808018613606691
