epoch,step,trainLoss
12,49,2.321256160736084
24,99,0.17111901938915253
