epoch,step,trainLoss
49,49,0.10454458743333817
99,99,0.001160500687547028
149,149,0.00054761121282354
199,199,0.0004863256763201207
