epoch,step,trainLoss
49,49,2.990713596343994
99,99,1.4823521375656128
