epoch,step,trainLoss
24,49,1.0275766849517822
49,99,0.17748913168907166
74,149,0.013509128242731094
99,199,0.005665190052241087
124,249,0.007311622612178326
149,299,0.0029583603609353304
174,349,0.0032762326300144196
199,399,0.004240258131176233
224,449,0.0025012679398059845
249,499,0.003073981963098049
274,549,0.0008719461038708687
299,599,0.001909943181090057
324,649,0.0026565976440906525
349,699,0.003869997337460518
374,749,0.002322307787835598
