epoch,step,trainLoss
24,49,1.152819275856018
49,99,1.7378919124603271
74,149,0.30351269245147705
99,199,0.4664081037044525
