epoch,step,trainLoss
16,49,1.845499038696289
33,99,1.32845139503479
49,149,0.05367868393659592
