epoch,step,trainLoss
24,49,1.0275766849517822
49,99,0.17748910188674927
