{"Loss V PercEvil": [20, 0.002938716741755343], "F1 V PercEvil": [20, 0.9794542792051979], "Recall V PercEvil": [20, 0.9840022264631041], "Precision V PercEvil": [20, 0.9761939583701518], "Accuracy V PercEvil": [20, 0.9866240999999992], "Max Per-Vehicle Time": 4.473224878311157, "Avg Per-Vehicle Time": 1.8566030335028967, "Total Time Per Epoch": 1.8566021889448165}