epoch,step,trainLoss
24,49,1.435149073600769
49,99,2.044459342956543
74,149,0.28058674931526184
99,199,0.4372866153717041
