epoch,step,trainLoss
24,49,1.9385733604431152
49,99,2.8892812728881836
74,149,2.946481227874756
99,199,0.5946620106697083
124,249,1.3682713508605957
149,299,0.04891330748796463
174,349,0.0746794044971466
