epoch,step,trainLoss
49,49,0.2849633991718292
99,99,0.0023118723183870316
