{
    "endIndex": 124774,
    "attack": "FastGradientMethod",
    "timeElapsedSec": 20.314893,
    "kwargs": {
        "eps": 0.25
    },
    "metrics": {
        "accuracy": 0.7386659079615946,
        "precision": 0.5342833479564288,
        "recall": 0.9379821958456973,
        "f1": 0.6807851613856919,
        "attackSuccessRate": 0.06201780415430267,
        "falsePositiveRate": 0.34557944905591537,
        "TP": 347710,
        "TN": 573953,
        "FP": 303087,
        "FN": 22990
    },
    "files": {
        "checkpointFile": "../../../saved_models/ConstantPos-final.ckpt",
        "dataFile": "../../../data/ConstPos_0709.csv"
    }
}