{
    "endIndex": 124774,
    "attack": "FastGradientMethod",
    "timeElapsedSec": 21.461899,
    "kwargs": {
        "eps": 0.26
    },
    "metrics": {
        "accuracy": 0.7381834356516582,
        "precision": 0.5337927985052284,
        "recall": 0.9378985702724575,
        "f1": 0.6803648008829425,
        "attackSuccessRate": 0.062101429727542484,
        "falsePositiveRate": 0.3462305025996534,
        "TP": 347679,
        "TN": 573382,
        "FP": 303658,
        "FN": 23021
    },
    "files": {
        "checkpointFile": "../../../saved_models/ConstantPos-final.ckpt",
        "dataFile": "../../../data/ConstPos_0709.csv"
    }
}