epoch,step,trainLoss
16,49,1.8583942651748657
33,99,0.5547515749931335
49,149,0.09932856261730194
66,199,0.014504095539450645
83,249,0.04019030183553696
99,299,0.003944726660847664
116,349,0.007532188203185797
133,399,0.040392715483903885
149,449,0.001887167920358479
166,499,0.007033824920654297
183,549,0.03912477567791939
199,599,0.0011289460817351937
