epoch,step,trainLoss
49,49,2.5338823795318604
99,99,2.816878318786621
149,149,2.4871151447296143
199,199,0.41335225105285645
249,249,0.6548973917961121
299,299,0.26958030462265015
