epoch,step,trainLoss
9,49,1.179736614227295
19,99,0.038619641214609146
29,149,0.021786648780107498
39,199,0.09004200994968414
49,249,0.02789056859910488
59,299,0.020377835258841515
