epoch,step,trainLoss
12,49,0.2440653145313263
24,99,0.3263888359069824
37,149,0.05615340918302536
49,199,0.3138068914413452
62,249,0.010791036300361156
74,299,0.006822533905506134
74,299,0.009762223809957504
74,299,0.005118320696055889
74,299,0.025073044002056122
74,299,0.015914136543869972
74,299,0.010848223231732845
74,299,0.004831398371607065
74,299,0.0044663106091320515
74,299,0.02482493780553341
74,299,0.027330106124281883
74,299,0.00936043355613947
74,299,0.004930027760565281
74,299,0.011413347907364368
74,299,0.01334885973483324
74,299,0.09591063857078552
74,299,0.009615807794034481
74,299,0.022988084703683853
74,299,0.006269062869250774
74,299,0.02366700954735279
74,299,0.016684114933013916
74,299,0.02280479297041893
74,299,0.022610723972320557
74,299,0.046643540263175964
74,299,0.052184537053108215
74,299,0.006564836949110031
74,299,0.01025115605443716
74,299,0.010793006978929043
74,299,0.01230161264538765
74,299,0.020610976964235306
74,299,0.008341992273926735
74,299,0.029778286814689636
