epoch,step,trainLoss
24,49,0.6931473016738892
49,99,0.6931473016738892
74,149,0.47311675548553467
74,149,0.2683798670768738
74,149,0.20318447053432465
74,149,0.16053076088428497
74,149,0.2696864604949951
74,149,0.4177533686161041
74,149,0.1743384450674057
74,149,0.12011340260505676
74,149,0.08560668677091599
74,149,0.27389252185821533
74,149,0.03654664009809494
74,149,0.4441806972026825
74,149,0.15258152782917023
74,149,0.3532216250896454
74,149,0.02294146828353405
74,149,0.20681506395339966
74,149,0.07159195095300674
74,149,0.19620472192764282
74,149,0.4071575105190277
74,149,0.05018599331378937
74,149,0.13361908495426178
74,149,0.028740819543600082
74,149,0.30311137437820435
74,149,0.05281803384423256
74,149,0.4668520390987396
74,149,0.21928279101848602
74,149,0.026358895003795624
74,149,0.030385984107851982
74,149,0.18280282616615295
74,149,0.057590093463659286
74,149,0.40058964490890503
