epoch,step,trainLoss
24,49,1.830202341079712
49,99,0.15195472538471222
