epoch,step,trainLoss
24,49,1.830202341079712
49,99,0.15195472538471222
74,149,0.01554799359291792
99,199,0.0023609402123838663
124,249,0.0007830329122953117
149,299,0.00011585200991248712
174,349,0.00015134408022277057
199,399,0.00029367170645855367
224,449,0.0004695144889410585
249,499,0.0005599413416348398
274,549,0.000328236841596663
299,599,0.0003018484858330339
324,649,0.00029239122522994876
349,699,0.00027701060753315687
