epoch,step,trainLoss
16,49,1.079314947128296
33,99,0.7773814797401428
49,149,0.09138981997966766
